hotel_name,hotel_id,city,area,platform,price_per_night_inr,original_price_inr,user_rating,total_reviews,star_rating,hotel_type,latitude,longitude,checkin_date,checkout_date,free_cancellation,scraped_at,source,rating_word,distance_from_center,stay_duration_nights,invalid_latitude,invalid_longitude,invalid_rating,invalid_price,discount_pct,price_outlier_flag,price_category,potential_duplicate,price_per_night_inr_norm,user_rating_norm,total_reviews_norm,star_rating_norm,distance_from_center_norm,discount_pct_norm,city_enc,platform_enc,hotel_type_enc,price_category_enc
Hotel Girgaon Palace,ChcI3vK7h-SeguAPGgsvZy8xdHMxcXEwMhAB,Mumbai,Unknown,Google Hotels,2194,2194,3.6,675,2,hotel,18.9553296,72.8206591,01-07-2026,02-07-2026,FALSE,43:45.5,google hotels,,7.175,1,FALSE,FALSE,FALSE,FALSE,0,FALSE,Mid-Range,FALSE,0.048814977,0.085714286,0.018432424,0.4,0.196509863,0,3,2,14,2
Hotel Maharana Inn - Hotels in Mumbai Chembur,ChgIsebc_tKZzrnaARoLL2cvMXYxc2pwZDEQAQ,Mumbai,Unknown,Google Hotels,2492,2492,3.9,1712,3,hotel,19.053655,72.8952536,01-07-2026,02-07-2026,FALSE,43:45.5,google hotels,,7.175,1,FALSE,FALSE,FALSE,FALSE,0,FALSE,Mid-Range,FALSE,0.05546163,0.128571429,0.046792102,0.6,0.196509863,0,3,2,14,2
Hotel Apex International,ChkI7oG7rPfX0Mt1Gg0vZy8xMWZrbWtmMTRxEAE,Mumbai,Unknown,Google Hotels,791,791,3,681,3,hotel,19.1007442,72.8814594,01-07-2026,02-07-2026,FALSE,43:45.5,google hotels,,7.175,1,FALSE,FALSE,FALSE,FALSE,0,FALSE,Budget,FALSE,0.017522181,0,0.01859651,0.6,0.196509863,0,3,2,14,0
Hotel Highway Inn - andheri hotels / andheri east hotels / hotels near andheri east / 3 star hotels in andheri east,ChgI2aaSipDpq876ARoLL2cvMXRqeW01OHAQAQ,Mumbai,Unknown,Google Hotels,1646,1646,3.8,685,3,hotel,19.1186001,72.8522004,01-07-2026,02-07-2026,FALSE,43:45.5,google hotels,,7.175,1,FALSE,FALSE,FALSE,FALSE,0,FALSE,Budget,FALSE,0.036592274,0.114285714,0.018705902,0.6,0.196509863,0,3,2,14,0
Hotel Gemini,ChcIsvfq8pag_8IHGgsvZy8xdGN4eTh0cxAB,Mumbai,Unknown,Google Hotels,1652,1652,3.4,264,3,hotel,18.9619758,72.8237535,01-07-2026,02-07-2026,FALSE,43:45.5,google hotels,,7.175,1,FALSE,FALSE,FALSE,FALSE,0,FALSE,Budget,FALSE,0.0367261,0.057142857,0.007192474,0.6,0.196509863,0,3,2,14,0
Hotel Axis International,ChkIsdPy_Jv8o6o2Gg0vZy8xMWY1aDJ3cDNkEAE,Mumbai,Unknown,Google Hotels,2963,2963,3.8,798,3,hotel,19.112124,72.8882334,01-07-2026,02-07-2026,FALSE,43:45.5,google hotels,,7.175,1,FALSE,FALSE,FALSE,FALSE,0,FALSE,Mid-Range,FALSE,0.065966909,0.114285714,0.021796204,0.6,0.196509863,0,3,2,14,2
Hotel Flora Fountain,ChoIxozM0LHrooCQARoNL2cvMTFrcXkydF9iMxAB,Mumbai,Unknown,Google Hotels,2368,2368,3.6,124,3,hotel,18.9337876,72.8330315,01-07-2026,02-07-2026,FALSE,43:45.5,google hotels,,7.175,1,FALSE,FALSE,FALSE,FALSE,0,FALSE,Mid-Range,FALSE,0.052695909,0.085714286,0.003363781,0.6,0.196509863,0,3,2,14,2
"FabExpress Deluxe Comfort - Hotel in Andheri West, Mumbai",ChkIz9fE0vP1oPF4Gg0vZy8xMWY1dGJuamsyEAE,Mumbai,Unknown,Google Hotels,1968,1968,3.6,254,3,hotel,19.137383,72.823095,01-07-2026,02-07-2026,FALSE,43:45.5,google hotels,,7.175,1,FALSE,FALSE,FALSE,FALSE,0,FALSE,Budget,FALSE,0.043774228,0.085714286,0.006918996,0.6,0.196509863,0,3,2,14,0
Hotel Ruby Grand,ChoIi_WT1Jr0npe2ARoNL2cvMTFqMmcwMmgyaBAB,Mumbai,Unknown,Google Hotels,1811,1811,3,198,3,hotel,18.9618293,72.8251919,01-07-2026,02-07-2026,FALSE,43:45.5,google hotels,,7.175,1,FALSE,FALSE,FALSE,FALSE,0,FALSE,Budget,FALSE,0.040272468,0,0.005387518,0.6,0.196509863,0,3,2,14,0
Radisson Blu Mumbai International Airport,ChoIlpWCpYbD0M6LARoNL2cvMTFqOTF5bndxZhAB,Mumbai,Unknown,Google Hotels,9981,9981,4.5,7265,5,hotel,19.1102222,72.8786221,01-07-2026,02-07-2026,FALSE,43:45.5,google hotels,,7.175,1,FALSE,FALSE,FALSE,FALSE,0,FALSE,Luxury,TRUE,0.222497802,0.214285714,0.198654488,1,0.196509863,0,3,2,14,1
Hotel Milan International,ChkImNHux_zZi9R3Gg0vZy8xMXM2cDQzX190EAE,Mumbai,Unknown,Google Hotels,1089,1089,3.7,2212,3,hotel,19.0882082,72.8420096,01-07-2026,02-07-2026,FALSE,43:45.5,google hotels,,7.175,1,FALSE,FALSE,FALSE,FALSE,0,FALSE,Budget,FALSE,0.024168834,0.1,0.060466007,0.6,0.196509863,0,3,2,14,0
Atlas Grand Hotel,ChkIxOW117eImusDGg0vZy8xMXYwY3JrdjI0EAE,Mumbai,Unknown,Google Hotels,1900,1900,3.4,718,2,hotel,19.0976953,72.8929515,01-07-2026,02-07-2026,FALSE,43:45.5,google hotels,,7.175,1,FALSE,FALSE,FALSE,FALSE,0,FALSE,Budget,FALSE,0.042257542,0.057142857,0.019608379,0.4,0.196509863,0,3,2,14,0
Hotel Time Square,ChkImfWD34W7vu4JGg0vZy8xMWxuNXFicm5wEAE,Mumbai,Unknown,Google Hotels,2054,2054,3.4,1193,3,hotel,19.194445,72.9776081,01-07-2026,02-07-2026,FALSE,43:45.5,google hotels,,7.175,1,FALSE,FALSE,FALSE,FALSE,0,FALSE,Mid-Range,FALSE,0.045692389,0.057142857,0.032598589,0.6,0.196509863,0,3,2,14,2
Forrest Hostels,ChoI6fGrxLL_irjXARoNL2cvMTFzOTZncmY4YxAB,Mumbai,Unknown,Google Hotels,998,998,4.5,580,3,hotel,19.0645998,72.8497963,01-07-2026,02-07-2026,FALSE,43:45.5,google hotels,,7.175,1,FALSE,FALSE,FALSE,FALSE,0,FALSE,Budget,FALSE,0.022139151,0.214285714,0.015834382,0.6,0.196509863,0,3,2,14,0
Via Metro Galaxy Inn,ChoIm8z0ocb0-MWFARoNL2cvMTF3cDUxXzdrZxAB,Mumbai,Unknown,Google Hotels,1680,1680,3.7,120,3,hotel,19.1636298,72.8370423,01-07-2026,02-07-2026,FALSE,43:45.5,google hotels,,7.175,1,FALSE,FALSE,FALSE,FALSE,0,FALSE,Budget,FALSE,0.037350617,0.1,0.003254389,0.6,0.196509863,0,3,2,14,0
Hotel Glow Star,ChoImI2Ntbjl0q3vARoNL2cvMTF4a3p2OGQyYhAB,Mumbai,Unknown,Google Hotels,2225,2225,4.5,106,3,hotel,18.9512516,72.8368929,01-07-2026,02-07-2026,FALSE,43:45.5,google hotels,,7.175,1,FALSE,FALSE,FALSE,FALSE,0,FALSE,Mid-Range,FALSE,0.049506408,0.214285714,0.00287152,0.6,0.196509863,0,3,2,14,2
The LaLiT Mumbai,ChcIh7edi7yWko8rGgsvZy8xdGZueDFnZhAB,Mumbai,Unknown,Google Hotels,9205,9205,4.4,27059,5,hotel,19.1053172,72.8758835,01-07-2026,02-07-2026,FALSE,43:45.5,google hotels,,7.175,1,FALSE,FALSE,FALSE,FALSE,0,FALSE,Luxury,TRUE,0.20518974,0.2,0.739977028,1,0.196509863,0,3,2,14,1
Hotel Janata Residency,ChoIqbyJiseE4IzfARoNL2cvMTFnNjVjY3cxXxAB,Mumbai,Unknown,Google Hotels,1253,1253,3.4,1830,3,hotel,19.0769939,72.877518,01-07-2026,02-07-2026,FALSE,43:45.5,google hotels,,7.175,1,FALSE,FALSE,FALSE,FALSE,0,FALSE,Budget,FALSE,0.027826723,0.057142857,0.050019143,0.6,0.196509863,0,3,2,14,0
"Prime Grand Hotel, Mumbai - Double Room",ChkQ7NiByNDGwNI6Gg0vZy8xMW5ienQ5N21oEAI,Mumbai,Unknown,Google Hotels,2865,2865,7.9,506,3,vacation rental,19.09472084,72.89498138,01-07-2026,02-07-2026,FALSE,43:45.5,google hotels,,7.175,1,FALSE,FALSE,FALSE,FALSE,0,FALSE,Mid-Range,FALSE,0.063781097,0.7,0.013810644,0.6,0.196509863,0,3,2,15,2
Hotel Golden Star,ChkQ8bfEj8mSv_4sGg0vZy8xMXo3bV8wM3g1EAI,Mumbai,Unknown,Google Hotels,2363,2363,7.9,506,3,vacation rental,19.10250092,72.88861084,01-07-2026,02-07-2026,FALSE,43:45.5,google hotels,,7.175,1,FALSE,FALSE,FALSE,FALSE,0,FALSE,Mid-Range,FALSE,0.052584388,0.7,0.013810644,0.6,0.196509863,0,3,2,15,2
"De Pavilion Hotel, Delhi",ChoIxb7_geW288elARoNL2cvMTFoNWt4enNtXxAB,Delhi,Unknown,Google Hotels,2730,2730,4.4,3306,4,hotel,28.5505755,77.1309965,01-07-2026,02-07-2026,FALSE,43:49.6,google hotels,,7.175,1,FALSE,FALSE,FALSE,FALSE,0,FALSE,Mid-Range,FALSE,0.06077003,0.2,0.09038451,0.8,0.196509863,0,1,2,14,2
"Radisson Blu Hotel, New Delhi Dwarka",ChcIj-HV2vaUh84KGgsvZy8xdGRtaHczNxAB,Delhi,Unknown,Google Hotels,6381,6381,4.5,36567,5,hotel,28.5964764,77.0362777,01-07-2026,02-07-2026,FALSE,43:49.6,google hotels,,7.175,1,FALSE,FALSE,FALSE,FALSE,0,FALSE,Luxury,TRUE,0.142202673,0.214285714,1,1,0.196509863,0,1,2,14,1
"Welcomhotel By ITC Hotels, Dwarka, New Delhi",ChkIseeihYux3dhJGg0vZy8xMWRmaHoyMWgyEAE,Delhi,Unknown,Google Hotels,6625,6625,4.5,25823,5,hotel,28.5794045,77.056011,01-07-2026,02-07-2026,FALSE,43:49.6,google hotels,,7.175,1,FALSE,FALSE,FALSE,FALSE,0,FALSE,Luxury,FALSE,0.147644898,0.214285714,0.706175135,1,0.196509863,0,1,2,14,1
The Hosteller Delhi,ChkInqjPkd7e66k8Gg0vZy8xMWI3bG1oZnh3EAE,Delhi,Unknown,Google Hotels,824,824,4.6,9011,3,hotel,28.5709057,77.2598591,01-07-2026,02-07-2026,FALSE,43:49.6,google hotels,,7.175,1,FALSE,FALSE,FALSE,FALSE,0,FALSE,Budget,FALSE,0.01825822,0.228571429,0.246403763,0.6,0.196509863,0,1,2,14,0
Hyatt Centric Janakpuri New Delhi,ChkInKbv2LOr2s8KGg0vZy8xMXB6eTdtemZwEAE,Delhi,Unknown,Google Hotels,6807,6807,3.9,13353,5,hotel,28.6288785,77.0785077,01-07-2026,02-07-2026,FALSE,43:49.6,google hotels,,7.175,1,FALSE,FALSE,FALSE,FALSE,0,FALSE,Luxury,TRUE,0.151704263,0.128571429,0.365147952,1,0.196509863,0,1,2,14,1
The Lalit New Delhi,ChgIuJmksoPYirU5GgwvZy8xMnE0d2Y1OGQQAQ,Delhi,Unknown,Google Hotels,9608,9608,4.4,31491,5,hotel,28.6316615,77.2272325,01-07-2026,02-07-2026,FALSE,43:49.6,google hotels,,7.175,1,FALSE,FALSE,FALSE,FALSE,0,FALSE,Luxury,TRUE,0.214178334,0.2,0.861182519,1,0.196509863,0,1,2,14,1
Zostel Delhi,ChgInoeCiYL1h_jlARoLL2cvMXRqZjhuNjkQAQ,Delhi,Unknown,Google Hotels,794,794,4.1,4133,3,hotel,28.6455789,77.2174732,01-07-2026,02-07-2026,FALSE,43:49.6,google hotels,,7.175,1,FALSE,FALSE,FALSE,FALSE,0,FALSE,Budget,FALSE,0.017589094,0.157142857,0.113001149,0.6,0.196509863,0,1,2,14,0
Hotel Ajanta - Free Airport Pick Up Service,ChcI0pGztMLlwuYfGgsvZy8xdGQ0aGhraxAB,Delhi,Unknown,Google Hotels,2103,2103,4.6,4290,3,hotel,28.6457644,77.2159437,01-07-2026,02-07-2026,FALSE,43:49.6,google hotels,,7.175,1,FALSE,FALSE,FALSE,FALSE,0,FALSE,Mid-Range,FALSE,0.046785295,0.228571429,0.117294755,0.6,0.196509863,0,1,2,14,2
Staybook Atlanta New Delhi Train Station,ChgIsJWe2ID31_afARoLL2cvMXRmcXp0NHgQAQ,Delhi,Unknown,Google Hotels,1238,1238,4.5,2453,3,hotel,28.6461917,77.2140662,01-07-2026,02-07-2026,FALSE,43:49.6,google hotels,,7.175,1,FALSE,FALSE,FALSE,FALSE,0,FALSE,Budget,FALSE,0.02749216,0.214285714,0.067056829,0.6,0.196509863,0,1,2,14,0
Park Inn by Radisson New Delhi Lajpat Nagar,ChgIoryfruTjzuT3ARoLL2cvMXRjeWpkdzAQAQ,Delhi,Unknown,Google Hotels,7087,7087,4.2,3556,4,hotel,28.5639251,77.2348657,01-07-2026,02-07-2026,FALSE,43:49.6,google hotels,,7.175,1,FALSE,FALSE,FALSE,FALSE,0,FALSE,Luxury,FALSE,0.15794944,0.171428571,0.097221463,0.8,0.196509863,0,1,2,14,1
Novotel New Delhi Aerocity,ChkIoMCb7--14spwGg0vZy8xMWJ3eXI5NHliEAE,Delhi,Unknown,Google Hotels,10299,10299,4.6,21527,5,hotel,28.5535952,77.1233112,01-07-2026,02-07-2026,FALSE,43:49.6,google hotels,,7.175,1,FALSE,FALSE,FALSE,FALSE,0,FALSE,Luxury,TRUE,0.229590538,0.228571429,0.588688946,1,0.196509863,0,1,2,14,1
"Ambassador, New Delhi - IHCL SeleQtions",ChcIwJbbpb3ohqAGGgsvZy8xdGd4Z2Z3NxAB,Delhi,Unknown,Google Hotels,6953,6953,4.4,5975,5,hotel,28.601507,77.2288609,01-07-2026,02-07-2026,FALSE,43:49.6,google hotels,,7.175,1,FALSE,FALSE,FALSE,FALSE,0,FALSE,Luxury,TRUE,0.154960677,0.2,0.163375814,1,0.196509863,0,1,2,14,1
Crowne Plaza New Delhi Rohini by IHG,ChcI0rGm35rFor1cGgsvZy8xdGh4dGxxNxAB,Delhi,Unknown,Google Hotels,6953,6953,4.4,13259,5,hotel,28.7200961,77.1100067,01-07-2026,02-07-2026,FALSE,43:49.6,google hotels,,7.175,1,FALSE,FALSE,FALSE,FALSE,0,FALSE,Luxury,FALSE,0.154960677,0.2,0.362577258,1,0.196509863,0,1,2,14,1
Ramada by Wyndham New Delhi Pitampura,ChkI2onbk7vux65DGg0vZy8xMWoxMHcwMHA3EAE,Delhi,Unknown,Google Hotels,5753,5753,3.8,2784,4,hotel,28.6908752,77.1200416,01-07-2026,02-07-2026,FALSE,43:49.6,google hotels,,7.175,1,FALSE,FALSE,FALSE,FALSE,0,FALSE,Mid-Range,FALSE,0.128195634,0.114285714,0.076108954,0.8,0.196509863,0,1,2,14,2
Hilton Garden Inn New Delhi/Saket,ChgIieu5yZ_OkJ_DARoLL2cvMXdkM3RmM2QQAQ,Delhi,Unknown,Google Hotels,7443,7443,4.3,4746,4,hotel,28.5278451,77.2174764,01-07-2026,02-07-2026,FALSE,43:49.6,google hotels,,7.175,1,FALSE,FALSE,FALSE,FALSE,0,FALSE,Luxury,FALSE,0.165889736,0.185714286,0.129765356,0.8,0.196509863,0,1,2,14,1
Hotel Gold Regency,ChgI0ZqC4OPOzPjCARoLL2cvMXRmMW02MnEQAQ,Delhi,Unknown,Google Hotels,1981,1981,4.9,6546,3,hotel,28.6415401,77.217005,01-07-2026,02-07-2026,FALSE,43:49.6,google hotels,,7.175,1,FALSE,FALSE,FALSE,FALSE,0,FALSE,Budget,FALSE,0.044064182,0.271428571,0.178991413,0.6,0.196509863,0,1,2,14,0
"Andaz Delhi, by Hyatt",ChkI2fCOtPiZmb43Gg0vZy8xMWJ4ZnduZm0xEAE,Delhi,Unknown,Google Hotels,12382,12382,4.5,12272,5,hotel,28.5543682,77.1212822,01-07-2026,02-07-2026,FALSE,43:49.6,google hotels,,7.175,1,FALSE,FALSE,FALSE,FALSE,0,FALSE,Luxury,FALSE,0.276050192,0.214285714,0.33558497,1,0.196509863,0,1,2,14,1
GALLIVANTO INN,ChoI6KGzv_ifnuyGARoNL2cvMTFzbWt0M2h4dhAB,Delhi,Unknown,Google Hotels,2015,2015,4.5,1424,3,hotel,28.7366762,77.1440515,01-07-2026,02-07-2026,FALSE,43:49.6,google hotels,,7.175,1,FALSE,FALSE,FALSE,FALSE,0,FALSE,Mid-Range,FALSE,0.044822525,0.214285714,0.038915933,0.6,0.196509863,0,1,2,14,2
Cozy Bohemian studio apartment - One-Bedroom Apartment,ChoQvN2vl7GBrPbzARoNL2cvMTF4ZnB0dmZfYxAC,Delhi,Unknown,Google Hotels,2382,2382,7.9,506,3,vacation rental,28.52894974,77.24642181,01-07-2026,02-07-2026,FALSE,43:49.6,google hotels,,7.175,1,FALSE,FALSE,FALSE,FALSE,0,FALSE,Mid-Range,FALSE,0.053008167,0.7,0.013810644,0.6,0.196509863,0,1,2,15,2
Cottage Yes Sir Dx,ChkQysCY14-Dn6EbGg0vZy8xMXo1XzYxMGtyEAI,Delhi,Unknown,Google Hotels,1541,1541,7.9,506,3,vacation rental,28.64538956,77.20336151,01-07-2026,02-07-2026,FALSE,43:49.6,google hotels,,7.175,1,FALSE,FALSE,FALSE,FALSE,0,FALSE,Budget,FALSE,0.034250333,0.7,0.013810644,0.6,0.196509863,0,1,2,15,0
Hotel Park Continental,ChkI1Zjw0ayIkfw8Gg0vZy8xMW5udl8xd3NfEAE,Hyderabad,Unknown,Google Hotels,1732,1732,3.5,891,3,hotel,17.3992782,78.4479332,01-07-2026,02-07-2026,FALSE,43:53.5,google hotels,,7.175,1,FALSE,FALSE,FALSE,FALSE,0,FALSE,Budget,FALSE,0.038510436,0.071428571,0.02433955,0.6,0.196509863,0,2,2,14,0
RCC Hotels Pristine - Ameerpet,ChkI7t34-Yen5_NCGg0vZy8xMXMyajI5d2twEAE,Hyderabad,Unknown,Google Hotels,1487,1487,4.8,1758,3,hotel,17.4310519,78.4441106,01-07-2026,02-07-2026,FALSE,43:53.5,google hotels,,7.175,1,FALSE,FALSE,FALSE,FALSE,0,FALSE,Budget,FALSE,0.033045906,0.257142857,0.048050101,0.6,0.196509863,0,2,2,14,0
"Taj Deccan, Hyderabad",ChgIsqD4n5ug6LzzARoLL2cvMXR2Z3NzejEQAQ,Hyderabad,Unknown,Google Hotels,5905,5905,4.4,17383,5,hotel,17.4179204,78.4507689,01-07-2026,02-07-2026,FALSE,43:53.5,google hotels,,7.175,1,FALSE,FALSE,FALSE,FALSE,0,FALSE,Mid-Range,FALSE,0.131585873,0.2,0.475359624,1,0.196509863,0,2,2,14,2
The Grand Plaza Hotel,ChcInr6G1u7a3sxaGgsvZy8xdGR5N2o1cRAB,Hyderabad,Unknown,Google Hotels,1260,1260,3.7,1720,3,hotel,17.3979752,78.4710295,01-07-2026,02-07-2026,FALSE,43:53.5,google hotels,,7.175,1,FALSE,FALSE,FALSE,FALSE,0,FALSE,Budget,FALSE,0.027982852,0.1,0.047010884,0.6,0.196509863,0,2,2,14,0
The Purple Leaf Hotel,ChgI_-Cbk4iE6ugeGgwvZy8xMnZzNzk5bG0QAQ,Hyderabad,Unknown,Google Hotels,2358,2358,4,2168,3,hotel,17.4588033,78.5004255,01-07-2026,02-07-2026,FALSE,43:53.5,google hotels,,7.175,1,FALSE,FALSE,FALSE,FALSE,0,FALSE,Mid-Range,FALSE,0.052472867,0.142857143,0.059262703,0.6,0.196509863,0,2,2,14,2
THE PARK HYDERABAD,ChoI44OtrafBzbWmARoNL2cvMTFmbF94MDE1bBAB,Hyderabad,Unknown,Google Hotels,8691,8691,4.2,20628,5,hotel,17.4235174,78.462544,01-07-2026,02-07-2026,FALSE,43:53.5,google hotels,,7.175,1,FALSE,FALSE,FALSE,FALSE,0,FALSE,Luxury,FALSE,0.19372538,0.171428571,0.564103265,1,0.196509863,0,2,2,14,1
Minerva Grand - Kompally,ChoIrNbi56j44Y34ARoNL2cvMTFscmg5NGh4eRAB,Hyderabad,Unknown,Google Hotels,3283,3283,4.3,4378,3,hotel,17.527797,78.4851356,01-07-2026,02-07-2026,FALSE,43:53.5,google hotels,,7.175,1,FALSE,FALSE,FALSE,FALSE,0,FALSE,Mid-Range,FALSE,0.073104254,0.185714286,0.119701362,0.6,0.196509863,0,2,2,14,2
"Deccan Serai Hotel, HITEC CITY, HYDERABAD",ChoI9tDHvpm46--qARoNL2cvMTFjbGgzZGR6cBAB,Hyderabad,Unknown,Google Hotels,5421,5421,4.4,34912,3,hotel,17.4428492,78.3826125,01-07-2026,02-07-2026,FALSE,43:53.5,google hotels,,7.175,1,FALSE,FALSE,FALSE,FALSE,0,FALSE,Mid-Range,FALSE,0.120790639,0.2,0.954739375,0.6,0.196509863,0,2,2,14,2
Hotel Suprabhat Residency,ChkI8vPQp7uTzoeRARoML2cvMTI0eWtxM3FnEAE,Hyderabad,Unknown,Google Hotels,611,611,3.3,464,3,hotel,17.4350618,78.5028532,01-07-2026,02-07-2026,FALSE,43:53.5,google hotels,,7.175,1,FALSE,FALSE,FALSE,FALSE,0,FALSE,Budget,FALSE,0.013507425,0.042857143,0.012662036,0.6,0.196509863,0,2,2,14,0
Peerless Hotel Hyderabad,ChcI5qL2kdDOjI94GgsvZy8xdGZ0cGsxeBAB,Hyderabad,Unknown,Google Hotels,4083,4083,4.1,4074,4,hotel,17.4301657,78.3747949,01-07-2026,02-07-2026,FALSE,43:53.5,google hotels,,7.175,1,FALSE,FALSE,FALSE,FALSE,0,FALSE,Mid-Range,FALSE,0.090947616,0.157142857,0.111387628,0.8,0.196509863,0,2,2,14,2
Jubilee Park,ChoIk_flua7i54u7ARoNL2cvMTF0aGxrdnFncRAB,Hyderabad,Unknown,Google Hotels,2937,2937,4.7,1426,3,hotel,17.3722642,78.5578968,01-07-2026,02-07-2026,FALSE,43:53.5,google hotels,,7.175,1,FALSE,FALSE,FALSE,FALSE,0,FALSE,Mid-Range,FALSE,0.065387,0.242857143,0.038970628,0.6,0.196509863,0,2,2,14,2
Hotel Pearl City Jubilee,ChoI2rrilfqqrOm7ARoNL2cvMTFnOHc2OHhibhAB,Hyderabad,Unknown,Google Hotels,1607,1607,4.2,1954,3,hotel,17.4557006,78.3737831,01-07-2026,02-07-2026,FALSE,43:53.5,google hotels,,7.175,1,FALSE,FALSE,FALSE,FALSE,0,FALSE,Budget,FALSE,0.035722411,0.171428571,0.053410272,0.6,0.196509863,0,2,2,14,0
Hyatt Place Hyderabad Banjara Hills,ChkIgfH0gJvY-8xlGg0vZy8xMWYzMjQ0MTduEAE,Hyderabad,Unknown,Google Hotels,10582,10582,4.4,10605,4,hotel,17.4192197,78.447467,01-07-2026,02-07-2026,FALSE,43:53.5,google hotels,,7.175,1,FALSE,FALSE,FALSE,FALSE,0,FALSE,Luxury,FALSE,0.235902627,0.2,0.289996171,0.8,0.196509863,0,2,2,14,1
The Golkonda Hotel,ChgIo7qr0rGDmpegARoLL2cvMXZ2eXdqbDQQAQ,Hyderabad,Unknown,Google Hotels,6089,6089,4.2,10469,4,hotel,17.4044783,78.4537234,01-07-2026,02-07-2026,FALSE,43:53.5,google hotels,,7.175,1,FALSE,FALSE,FALSE,FALSE,0,FALSE,Luxury,TRUE,0.135689846,0.171428571,0.286276869,0.8,0.196509863,0,2,2,14,1
Mercure Hyderabad KCP,ChkI2L38tMSLptF-Gg0vZy8xMWNtMDJicGswEAE,Hyderabad,Unknown,Google Hotels,6300,6300,4.5,14107,4,hotel,17.4176772,78.4566974,01-07-2026,02-07-2026,FALSE,43:53.5,google hotels,,7.175,1,FALSE,FALSE,FALSE,FALSE,0,FALSE,Luxury,FALSE,0.140396032,0.214285714,0.3857682,0.8,0.196509863,0,2,2,14,1
Westside Hotel Hyderabad,ChkInM-x7uLTy9RfGg0vZy8xMWg1MTlzN3NnEAE,Hyderabad,Unknown,Google Hotels,2887,2887,4.6,1449,3,hotel,17.4463859,78.381293,01-07-2026,02-07-2026,FALSE,43:53.5,google hotels,,7.175,1,FALSE,FALSE,FALSE,FALSE,0,FALSE,Mid-Range,FALSE,0.06427179,0.228571429,0.039599628,0.6,0.196509863,0,2,2,14,2
"Holiday Inn Express Hyderabad Hitec City, an IHG Hotel",ChkI9ofghKSAkPIsGg0vZy8xMWY5dnpqZmgyEAE,Hyderabad,Unknown,Google Hotels,5779,5779,4.1,5523,3,hotel,17.4473339,78.3732675,01-07-2026,02-07-2026,FALSE,43:53.5,google hotels,,7.175,1,FALSE,FALSE,FALSE,FALSE,0,FALSE,Mid-Range,FALSE,0.128775543,0.157142857,0.151014604,0.6,0.196509863,0,2,2,14,2
"The Manohar Luxury Star Hotel, Hyderabad",ChcIouq3oseTsP1RGgsvZy8xdjZsNXl6cxAB,Hyderabad,Unknown,Google Hotels,3881,3881,3.5,8847,5,hotel,17.4450755,78.4710829,01-07-2026,02-07-2026,FALSE,43:53.5,google hotels,,7.175,1,FALSE,FALSE,FALSE,FALSE,0,FALSE,Mid-Range,FALSE,0.086442167,0.071428571,0.241918722,1,0.196509863,0,2,2,14,2
"Pent House 1BHk @WiproCircle, Near US Embassy, Gachibowli",ChkQ2Ii2-rqE28QGGg0vZy8xMXc4MDQxN3ZnEAI,Hyderabad,Unknown,Google Hotels,2099,2099,7.9,506,3,vacation rental,17.43166542,78.33261871,01-07-2026,02-07-2026,FALSE,43:53.5,google hotels,,7.175,1,FALSE,FALSE,FALSE,FALSE,0,FALSE,Mid-Range,FALSE,0.046696078,0.7,0.013810644,0.6,0.196509863,0,2,2,15,2
"Pent House 1BHk @WiproCircle, Near US Embassy, Gachibowli - One-Bedroom Apartment",ChkQqsrr7d_H9_Z4Gg0vZy8xMW5ibXBxY2hmEAI,Hyderabad,Unknown,Google Hotels,2089,2089,7.9,506,3,vacation rental,17.43166924,78.33261871,01-07-2026,02-07-2026,FALSE,43:53.5,google hotels,,7.175,1,FALSE,FALSE,FALSE,FALSE,0,FALSE,Mid-Range,FALSE,0.046473036,0.7,0.013810644,0.6,0.196509863,0,2,2,15,2
Insta Rooms- 1BHK Fully Furnished Flat,ChkQ0bzH1erH_YVdGg0vZy8xMXo2MHRranoyEAI,Bangalore,Unknown,Google Hotels,1445,1445,7.9,506,3,vacation rental,12.90900993,77.6031189,01-07-2026,02-07-2026,FALSE,43:57.5,google hotels,,7.175,1,FALSE,FALSE,FALSE,FALSE,0,FALSE,Budget,FALSE,0.03210913,0.7,0.013810644,0.6,0.196509863,0,0,2,15,0
GRAND KALINGA HOTEL,ChoI6pyOoe_m_a2xARoNL2cvMTFzcDMycHoyOBAB,Bangalore,Unknown,Google Hotels,2205,2205,4,1440,3,hotel,12.9762259,77.5786043,01-07-2026,02-07-2026,FALSE,43:57.5,google hotels,,7.175,1,FALSE,FALSE,FALSE,FALSE,0,FALSE,Mid-Range,FALSE,0.049060324,0.142857143,0.039353498,0.6,0.196509863,0,0,2,14,2
Holiday Inn Bengaluru Racecourse by IHG,ChoIuJbtu_6av-KPARoNL2cvMTFjNzA3XzJjehAB,Bangalore,Unknown,Google Hotels,9071,9071,4.5,13435,5,hotel,12.9799654,77.5784785,01-07-2026,02-07-2026,FALSE,43:57.5,google hotels,,7.175,1,FALSE,FALSE,FALSE,FALSE,0,FALSE,Luxury,FALSE,0.202200977,0.214285714,0.367390472,1,0.196509863,0,0,2,14,1
Woodlands Hotel,ChgI68fK7PnJxJPrARoLL2cvMXR2Z3NzaG4QAQ,Bangalore,Unknown,Google Hotels,1813,1813,3.8,5590,3,hotel,12.9645122,77.5947996,01-07-2026,02-07-2026,FALSE,43:57.5,google hotels,,7.175,1,FALSE,FALSE,FALSE,FALSE,0,FALSE,Budget,FALSE,0.040317076,0.114285714,0.152846907,0.6,0.196509863,0,0,2,14,0
The LaLiT Ashok Bengaluru,ChoIsazLtMaQya3mARoNL2cvMTF2MDR2MndxaxAB,Bangalore,Unknown,Google Hotels,7042,7042,4.3,26773,5,hotel,12.9922264,77.5825643,01-07-2026,02-07-2026,FALSE,43:57.5,google hotels,,7.175,1,FALSE,FALSE,FALSE,FALSE,0,FALSE,Luxury,FALSE,0.156945751,0.185714286,0.732155554,1,0.196509863,0,0,2,14,1
FOUNTAIN TREE By TGI,ChoIv7fmt_Xkk-TrARoNL2cvMTFmM3p6Z2RsNhAB,Bangalore,Unknown,Google Hotels,3176,3176,4.2,1251,3,hotel,12.9107419,77.5994514,01-07-2026,02-07-2026,FALSE,43:57.5,google hotels,,7.175,1,FALSE,FALSE,FALSE,FALSE,0,FALSE,Mid-Range,FALSE,0.070717704,0.171428571,0.034184762,0.6,0.196509863,0,0,2,14,2
Narthaki Boutique Hotel,ChkIn8-Rr7uKwsghGg0vZy8xMXY2OXNqbjZxEAE,Bangalore,Unknown,Google Hotels,1861,1861,4.6,460,3,hotel,12.9774995,77.5768839,01-07-2026,02-07-2026,FALSE,43:57.5,google hotels,,7.175,1,FALSE,FALSE,FALSE,FALSE,0,FALSE,Budget,FALSE,0.041387678,0.228571429,0.012552645,0.6,0.196509863,0,0,2,14,0
Olive Zip Richmond Circle by Embassy Group,ChkIgaCHndew3I8KGg0vZy8xMXR3cXZnbTVwEAE,Bangalore,Unknown,Google Hotels,1887,1887,4,202,3,hotel,12.9667095,77.5946775,01-07-2026,02-07-2026,FALSE,43:57.5,google hotels,,7.175,1,FALSE,FALSE,FALSE,FALSE,0,FALSE,Budget,FALSE,0.041967587,0.142857143,0.00549691,0.6,0.196509863,0,0,2,14,0
SRS Springs Hotel and Spa,ChcIj7jzxJT--vEtGgsvZy8xdGtiM2s2cRAB,Bangalore,Unknown,Google Hotels,1891,1891,4,2257,4,hotel,12.9567419,77.5835703,01-07-2026,02-07-2026,FALSE,43:57.5,google hotels,,7.175,1,FALSE,FALSE,FALSE,FALSE,0,FALSE,Budget,FALSE,0.042056804,0.142857143,0.061696658,0.8,0.196509863,0,0,2,14,0
Regenta Inn Grand Koramangala,ChkIqsnhjISphshhGg0vZy8xMWxzejhfcTA2EAE,Bangalore,Unknown,Google Hotels,3972,3972,4.5,1244,3,hotel,12.9434096,77.6214482,01-07-2026,02-07-2026,FALSE,43:57.5,google hotels,,7.175,1,FALSE,FALSE,FALSE,FALSE,0,FALSE,Mid-Range,FALSE,0.088471849,0.214285714,0.033993327,0.6,0.196509863,0,0,2,14,2
FabHotel Royal Sterling,ChoIuvPw-4X39bGsARoNL2cvMTFtdl9xNDU2MBAB,Bangalore,Unknown,Google Hotels,1200,1200,3,278,3,hotel,13.0608512,77.6191744,01-07-2026,02-07-2026,FALSE,43:57.5,google hotels,,7.175,1,FALSE,FALSE,FALSE,FALSE,0,FALSE,Budget,FALSE,0.0266446,0,0.007575343,0.6,0.196509863,0,0,2,14,0
iStayHotels Rajajinagar Bengaluru,ChkI46yessOt9bgQGg0vZy8xMWMyeThiOHM1EAE,Bangalore,Unknown,Google Hotels,1712,1712,3.7,618,3,hotel,12.9891923,77.5501124,01-07-2026,02-07-2026,FALSE,43:57.5,google hotels,,7.175,1,FALSE,FALSE,FALSE,FALSE,0,FALSE,Budget,FALSE,0.038064352,0.1,0.016873598,0.6,0.196509863,0,0,2,14,0
Olive Zip Kalyan Nagar by Embassy Group,ChkIgqmKlp30prtUGg0vZy8xMXQ3NjJjajlsEAE,Bangalore,Unknown,Google Hotels,1377,1377,4.6,1355,3,hotel,13.0152925,77.6438157,01-07-2026,02-07-2026,FALSE,43:57.5,google hotels,,7.175,1,FALSE,FALSE,FALSE,FALSE,0,FALSE,Budget,TRUE,0.030592444,0.228571429,0.037028934,0.6,0.196509863,0,0,2,14,0
Fairfield by Marriott Bengaluru Rajajinagar,ChkIh7-khpqQvtSdARoML2cvMXB5Y3IyNnA5EAE,Bangalore,Unknown,Google Hotels,7523,7523,4.1,8309,4,hotel,12.9830936,77.5593393,01-07-2026,02-07-2026,FALSE,43:57.5,google hotels,,7.175,1,FALSE,FALSE,FALSE,FALSE,0,FALSE,Luxury,FALSE,0.167674072,0.157142857,0.227205601,0.8,0.196509863,0,0,2,14,1
Octave Himalaya Monarch,ChkImcev2b7S_6wqGg0vZy8xMWZsdncwbTBtEAE,Bangalore,Unknown,Google Hotels,1364,1364,4.1,4550,3,hotel,12.9758721,77.5761088,01-07-2026,02-07-2026,FALSE,43:57.5,google hotels,,7.175,1,FALSE,FALSE,FALSE,FALSE,0,FALSE,Budget,FALSE,0.030302489,0.157142857,0.124405185,0.6,0.196509863,0,0,2,14,0
Octave Hotel - Double Rd,ChkI9Y60tIvRobRRGg0vZy8xMWYzY215NnNzEAE,Bangalore,Unknown,Google Hotels,1668,1668,4.2,3192,3,hotel,12.9596715,77.5933616,01-07-2026,02-07-2026,FALSE,43:57.5,google hotels,,7.175,1,FALSE,FALSE,FALSE,FALSE,0,FALSE,Budget,FALSE,0.037082967,0.171428571,0.08726686,0.6,0.196509863,0,0,2,14,0
"Taj Yeshwantpur, Bengaluru",ChcIoKDYkq6f5ORSGgsvZy8xdGR6cGt4NBAB,Bangalore,Unknown,Google Hotels,15100,15100,4.5,23593,5,hotel,13.0290874,77.5407647,01-07-2026,02-07-2026,FALSE,43:57.5,google hotels,,7.175,1,FALSE,FALSE,FALSE,FALSE,0,FALSE,Luxury,FALSE,0.336673014,0.214285714,0.64518952,1,0.196509863,0,0,2,14,1
LANGFORD KEYS By TGI,ChoIgqygmcL4wZLuARoNL2cvMTFoemh0c210NhAB,Bangalore,Unknown,Google Hotels,2493,2493,4.4,815,3,hotel,12.9613176,77.5951343,01-07-2026,02-07-2026,FALSE,43:57.5,google hotels,,7.175,1,FALSE,FALSE,FALSE,FALSE,0,FALSE,Mid-Range,FALSE,0.055483934,0.2,0.022261117,0.6,0.196509863,0,0,2,14,2
"Hotel Pai Viceroy, Jayanagar",ChkI7rmHw-H-zvczGg0vZy8xMWI2MGJ0cHY4EAE,Bangalore,Unknown,Google Hotels,3060,3060,4.1,7851,3,hotel,12.9359735,77.5838327,01-07-2026,02-07-2026,FALSE,43:57.5,google hotels,,7.175,1,FALSE,FALSE,FALSE,FALSE,0,FALSE,Mid-Range,FALSE,0.068130417,0.157142857,0.214680304,0.6,0.196509863,0,0,2,14,2
White Lotus By Orbit Hotels - Super Deluxe Room,ChkQlPihtfzNvb9DGg0vZy8xMW45Yzljbm44EAI,Bangalore,Unknown,Google Hotels,1299,1299,7.9,506,3,vacation rental,13.03771973,77.61712646,01-07-2026,02-07-2026,FALSE,43:57.5,google hotels,,7.175,1,FALSE,FALSE,FALSE,FALSE,0,FALSE,Budget,FALSE,0.028852716,0.7,0.013810644,0.6,0.196509863,0,0,2,15,0
"Taj Mahal Tower, Mumbai",74717,Mumbai,Unknown,Booking.com,20650.0001,20650.0001,9.3,5013,5,Hotel,18.92150067,72.83328965,05-07-2026,06-07-2026,1,49:06.1,booking,Superb,17.8,1,FALSE,FALSE,FALSE,FALSE,0,FALSE,Luxury,FALSE,0.460461339,0.9,0.137067221,1,0.518968134,0,3,1,9,1
ibis Mumbai BKC,13673300,Mumbai,Unknown,Booking.com,7138.95,7138.95,8.3,315,4,Hotel,19.07424,72.86907,05-07-2026,06-07-2026,0,49:06.1,booking,Very good,0.95,1,FALSE,FALSE,FALSE,FALSE,0,FALSE,Luxury,FALSE,0.159108143,0.757142857,0.008587212,0.8,0.007587253,0,3,1,9,1
Trident Nariman Point,78794,Mumbai,Unknown,Booking.com,15340.0001,15340.0001,9,4287,5,Hotel,18.92765091,72.82058001,05-07-2026,06-07-2026,0,49:06.1,booking,Superb,17.6,1,FALSE,FALSE,FALSE,FALSE,0,FALSE,Luxury,FALSE,0.342026024,0.857142857,0.117212711,1,0.512898331,0,3,1,9,1
Ginger Mumbai Airport,10501379,Mumbai,Unknown,Booking.com,6825,6825,7.3,1948,4,Hotel,19.09735546,72.85380452,05-07-2026,06-07-2026,1,49:06.1,booking,Good,3.5,1,FALSE,FALSE,FALSE,FALSE,0,FALSE,Luxury,TRUE,0.152105739,0.614285714,0.053246185,0.8,0.084977238,0,3,1,9,1
The Oberoi Mumbai,78790,Mumbai,Unknown,Booking.com,20060.0001,20060.0001,9.3,1717,5,Hotel,18.92710288,72.8202796,05-07-2026,06-07-2026,0,49:06.1,booking,Superb,17.65,1,FALSE,FALSE,FALSE,FALSE,0,FALSE,Luxury,FALSE,0.44730186,0.9,0.046928841,1,0.514415781,0,3,1,9,1
"The Taj Mahal Palace, Mumbai",2451595,Mumbai,Unknown,Booking.com,24780.0002,24780.0002,9.3,2486,5,Hotel,18.92163735,72.83317522,05-07-2026,06-07-2026,1,49:06.1,booking,Superb,17.8,1,FALSE,FALSE,FALSE,FALSE,0,FALSE,Luxury,TRUE,0.552577697,0.9,0.067959306,1,0.518968134,0,3,1,9,1
Zostel Mumbai,2822848,Mumbai,Unknown,Booking.com,4041.45,4041.45,8.1,648,0,Hostel,19.1196471,72.8841552,05-07-2026,06-07-2026,1,49:06.1,booking,Very good,4.95,1,FALSE,FALSE,FALSE,FALSE,0,FALSE,Mid-Range,FALSE,0.090020876,0.728571429,0.017694033,0,0.128983308,0,3,1,8,2
Hotel Antique - Colaba,3020551,Mumbai,Unknown,Booking.com,4342.8,4342.8,8,796,1,Hotel,18.917182,72.827799,05-07-2026,06-07-2026,1,49:06.1,booking,Very good,18.45,1,FALSE,FALSE,FALSE,FALSE,0,FALSE,Mid-Range,TRUE,0.096742248,0.714285714,0.021741509,0.2,0.538694992,0,3,1,9,2
The Sahil Hotel,287064,Mumbai,Unknown,Booking.com,9416.4001,9416.4001,7.9,563,4,Hotel,18.96874054,72.82359615,05-07-2026,06-07-2026,1,49:06.1,booking,Good,13.25,1,FALSE,FALSE,FALSE,FALSE,0,FALSE,Luxury,FALSE,0.209904851,0.7,0.015369469,0.8,0.380880121,0,3,1,9,1
Trident Bandra Kurla,399208,Mumbai,Unknown,Booking.com,14160.0001,14160.0001,9,2940,5,Hotel,19.06664049,72.86752939,05-07-2026,06-07-2026,0,49:06.1,booking,Superb,1.5,1,FALSE,FALSE,FALSE,FALSE,0,FALSE,Luxury,FALSE,0.315707066,0.857142857,0.080375212,1,0.024279211,0,3,1,9,1
JW Marriott Mumbai Sahar Airport,1300736,Mumbai,Unknown,Booking.com,20650.0001,20650.0001,8.8,1906,5,Hotel,19.10314816,72.87756228,05-07-2026,06-07-2026,1,49:06.1,booking,Fabulous,3.05,1,FALSE,FALSE,FALSE,FALSE,0,FALSE,Luxury,FALSE,0.460461339,0.828571429,0.052097577,1,0.071320182,0,3,1,9,1
Fairmont Mumbai,13586722,Mumbai,Unknown,Booking.com,17700.0001,17700.0001,9.1,629,5,Hotel,19.10166641,72.87744336,05-07-2026,06-07-2026,1,49:06.1,booking,Superb,2.9,1,FALSE,FALSE,FALSE,FALSE,0,FALSE,Luxury,FALSE,0.394663942,0.871428571,0.017174424,1,0.06676783,0,3,1,9,1
ICONIQA Hotel Mumbai International Airport,13769615,Mumbai,Unknown,Booking.com,12831.6741,12831.6741,9,507,5,Hotel,19.10115697,72.87904996,05-07-2026,06-07-2026,1,49:06.1,booking,Superb,2.85,1,FALSE,FALSE,FALSE,FALSE,0,FALSE,Luxury,FALSE,0.286079814,0.857142857,0.013837992,1,0.065250379,0,3,1,9,1
Hilton Mumbai International Airport Hotel,283624,Mumbai,Unknown,Booking.com,10502.0001,10502.0001,8.7,2801,5,Hotel,19.10419063,72.87091166,05-07-2026,06-07-2026,0,49:06.1,booking,Fabulous,3.25,1,FALSE,FALSE,FALSE,FALSE,0,FALSE,Luxury,FALSE,0.234118293,0.814285714,0.076573866,1,0.077389985,0,3,1,9,1
The Leela Mumbai,249951,Mumbai,Unknown,Booking.com,14455.0001,14455.0001,9,3892,5,Hotel,19.10917843,72.87414908,05-07-2026,06-07-2026,1,49:06.1,booking,Superb,3.75,1,FALSE,FALSE,FALSE,FALSE,0,FALSE,Luxury,TRUE,0.322286805,0.857142857,0.106410327,1,0.092564492,0,3,1,9,1
The Westin Mumbai Garden City,473486,Mumbai,Unknown,Booking.com,18880.0001,18880.0001,8.8,715,5,Hotel,19.17234158,72.8603062,05-07-2026,06-07-2026,1,49:06.1,booking,Fabulous,10.9,1,FALSE,FALSE,FALSE,FALSE,0,FALSE,Luxury,TRUE,0.420982901,0.828571429,0.019526336,1,0.309559939,0,3,1,9,1
YWCA International Centre,3730687,Mumbai,Unknown,Booking.com,4889.85,4889.85,8.6,453,3,Hotel,18.925399,72.830981,05-07-2026,06-07-2026,1,49:06.1,booking,Fabulous,17.45,1,FALSE,FALSE,FALSE,FALSE,0,FALSE,Mid-Range,FALSE,0.108943761,0.8,0.01236121,0.6,0.508345979,0,3,1,9,2
Niranta Transit Hotel Terminal 2 Arrivals/Landside,1453101,Mumbai,Unknown,Booking.com,11434.2001,11434.2001,7.6,4657,4,Hotel,19.09855891,72.87431002,05-07-2026,06-07-2026,1,49:06.1,booking,Good,2.55,1,FALSE,FALSE,FALSE,FALSE,0,FALSE,Luxury,FALSE,0.254910271,0.657142857,0.127331401,0.8,0.056145675,0,3,1,9,1
Hotel Kemps Corner,355007,Mumbai,Unknown,Booking.com,9500.1801,9500.1801,7.8,490,2,Hotel,18.96415946,72.80629724,05-07-2026,06-07-2026,1,49:06.1,booking,Good,14.55,1,FALSE,FALSE,FALSE,FALSE,0,FALSE,Luxury,TRUE,0.211773497,0.685714286,0.013373079,0.4,0.420333839,0,3,1,9,1
Taj Lands End,74722,Mumbai,Unknown,Booking.com,16289.9001,16289.9001,8.2,2721,5,Hotel,19.04370675,72.81903774,05-07-2026,06-07-2026,1,49:06.1,booking,Very good,7.15,1,FALSE,FALSE,FALSE,FALSE,0,FALSE,Luxury,FALSE,0.363212786,0.742857143,0.074386042,1,0.195751138,0,3,1,9,1
The Westin Mumbai Garden City,473486,Mumbai,Unknown,Booking.com,18880.0001,18880.0001,8.8,715,5,Hotel,19.17234158,72.8603062,05-07-2026,06-07-2026,1,49:10.3,booking,Fabulous,10.9,1,FALSE,FALSE,FALSE,FALSE,0,FALSE,Luxury,TRUE,0.420982901,0.828571429,0.019526336,1,0.309559939,0,3,1,9,1
The Lalit Mumbai,171931,Mumbai,Unknown,Booking.com,13732.2501,13732.2501,7.9,2290,5,Hotel,19.1048648,72.87559748,05-07-2026,06-07-2026,1,49:10.3,booking,Good,3.25,1,FALSE,FALSE,FALSE,FALSE,0,FALSE,Luxury,TRUE,0.306166443,0.7,0.062599136,1,0.077389985,0,3,1,9,1
Novotel Mumbai International Airport,9360612,Mumbai,Unknown,Booking.com,10618.8201,10618.8201,8.5,2419,5,Hotel,19.10549127,72.87569497,05-07-2026,06-07-2026,0,49:10.3,booking,Very good,3.3,1,FALSE,FALSE,FALSE,FALSE,0,FALSE,Luxury,FALSE,0.23672387,0.785714286,0.066127003,1,0.078907436,0,3,1,9,1
asar Landmark Suites Mumbai International Airport by Orion Hotels,5362512,Mumbai,Unknown,Booking.com,4960.5465,4960.5465,7.8,221,0,Hotel,19.119944,72.880151,05-07-2026,06-07-2026,1,49:10.3,booking,Good,4.9,1,FALSE,FALSE,FALSE,FALSE,0,FALSE,Mid-Range,FALSE,0.110520591,0.685714286,0.006016518,0,0.127465857,0,3,1,9,2
Hyatt Centric Juhu Mumbai,8581322,Mumbai,Unknown,Booking.com,11847.2001,11847.2001,8.2,759,0,Hotel,19.09165745,72.82796916,05-07-2026,06-07-2026,1,49:10.3,booking,Very good,5.55,1,FALSE,FALSE,FALSE,FALSE,0,FALSE,Luxury,FALSE,0.264121906,0.742857143,0.02072964,0,0.147192716,0,3,1,9,1
Abode Bombay,1102756,Mumbai,Unknown,Booking.com,5315.625,5315.625,8.9,1580,0,Hotel,18.92376391,72.83238173,05-07-2026,06-07-2026,1,49:10.3,booking,Fabulous,17.6,1,FALSE,FALSE,FALSE,FALSE,0,FALSE,Mid-Range,FALSE,0.118440333,0.842857143,0.043182191,0,0.512898331,0,3,1,9,2
HOTEL HAVEN Mumbai,16309966,Mumbai,Unknown,Booking.com,1260,1260,9,4,0,Hotel,19.07405926,72.91241846,05-07-2026,06-07-2026,1,49:10.3,booking,Superb,3.7,1,FALSE,FALSE,FALSE,FALSE,0,FALSE,Budget,FALSE,0.027982852,0.857142857,8.20E-05,0,0.091047041,0,3,1,9,0
Niranta Transit Hotel Mumbai Airport - At Arrivals,1781955,Mumbai,Unknown,Booking.com,10173.0751,10173.0751,7.5,2202,4,Hotel,19.09921847,72.87538512,05-07-2026,06-07-2026,1,49:10.3,booking,Good,2.6,1,FALSE,FALSE,FALSE,FALSE,0,FALSE,Luxury,FALSE,0.226781883,0.642857143,0.060192529,0.8,0.057663126,0,3,1,9,1
Hotel Suba Palace Near Gateway of India,373163,Mumbai,Unknown,Booking.com,14868.0001,14868.0001,8.7,1235,4,Hotel,18.92405822,72.83292085,05-07-2026,06-07-2026,1,49:10.3,booking,Fabulous,17.55,1,FALSE,FALSE,FALSE,FALSE,0,FALSE,Luxury,FALSE,0.331498441,0.814285714,0.033747197,0.8,0.51138088,0,3,1,9,1
Hotel Linkway,1362336,Mumbai,Unknown,Booking.com,3465,3465,8.5,692,2,Inn,19.07182366,72.83433974,05-07-2026,06-07-2026,1,49:10.3,booking,Very good,4.6,1,FALSE,FALSE,FALSE,FALSE,0,FALSE,Mid-Range,FALSE,0.077163619,0.785714286,0.018897336,0.4,0.118361153,0,3,1,10,2
Sofitel Mumbai BKC,294086,Mumbai,Unknown,Booking.com,10950.4001,10950.4001,8.5,1419,5,Hotel,19.06750241,72.86925673,05-07-2026,06-07-2026,0,49:10.3,booking,Very good,1.3,1,FALSE,FALSE,FALSE,FALSE,0,FALSE,Luxury,FALSE,0.244119498,0.785714286,0.038779194,1,0.018209408,0,3,1,9,1
ibis Mumbai Airport - An Accor Brand,273897,Mumbai,Unknown,Booking.com,6298.95,6298.95,6.5,1248,4,Hotel,19.09672133,72.85354435,05-07-2026,06-07-2026,1,49:10.3,booking,Pleasant,3.45,1,FALSE,FALSE,FALSE,FALSE,0,FALSE,Luxury,FALSE,0.140372613,0.5,0.034102718,0.8,0.083459788,0,3,1,9,1
Hotel Godwin - Colaba,441342,Mumbai,Unknown,Booking.com,9440.0001,9440.0001,7.2,374,3,Hotel,18.91913084,72.83028826,05-07-2026,06-07-2026,1,49:10.3,booking,Good,18.15,1,FALSE,FALSE,FALSE,FALSE,0,FALSE,Luxury,FALSE,0.21043123,0.6,0.010200733,0.6,0.529590288,0,3,1,9,1
Hotel Enigma Inn,12374836,Mumbai,Unknown,Booking.com,4583.25,4583.25,7.4,389,3,Hotel,18.934667,72.8362702,05-07-2026,06-07-2026,1,49:10.3,booking,Good,16.35,1,FALSE,FALSE,FALSE,FALSE,0,FALSE,Mid-Range,FALSE,0.102105293,0.628571429,0.01061095,0.6,0.474962064,0,3,1,9,2
"The Hosteller Mumbai, International Airport",13401038,Mumbai,Unknown,Booking.com,5266.17,5266.17,8.3,152,0,Hostel,19.10436605,72.85933269,05-07-2026,06-07-2026,1,49:10.3,booking,Very good,3.7,1,FALSE,FALSE,FALSE,FALSE,0,FALSE,Mid-Range,FALSE,0.117337279,0.757142857,0.004129519,0,0.091047041,0,3,1,8,2
Hotel Grand Palace Inn,15940275,Mumbai,Unknown,Booking.com,2100,2100,7.7,9,3,Hotel,19.1286243,72.8469747,05-07-2026,06-07-2026,1,49:10.3,booking,Good,6.7,1,FALSE,FALSE,FALSE,FALSE,0,FALSE,Mid-Range,FALSE,0.046718382,0.671428571,0.000218782,0.6,0.182094082,0,3,1,9,2
ibis Mumbai Vikhroli - An Accor Brand,7781698,Mumbai,Unknown,Booking.com,6615,6615,7.7,569,4,Hotel,19.12066523,72.92636652,05-07-2026,06-07-2026,1,49:10.3,booking,Good,7.15,1,FALSE,FALSE,FALSE,FALSE,0,FALSE,Luxury,TRUE,0.147421856,0.671428571,0.015533556,0.8,0.195751138,0,3,1,9,1
Ramada Plaza By Wyndham Palm Grove,246806,Mumbai,Unknown,Booking.com,10461.4081,10461.4081,7.8,820,5,Hotel,19.09877181,72.82746792,05-07-2026,06-07-2026,0,49:10.3,booking,Good,5.9,1,FALSE,FALSE,FALSE,FALSE,0,FALSE,Luxury,TRUE,0.233212921,0.685714286,0.022397856,1,0.157814871,0,3,1,9,1
Radisson Blu Mumbai International Airport,6832186,Mumbai,Unknown,Booking.com,9438.8201,9438.8201,8.7,2546,5,Hotel,19.10804303,72.87942925,05-07-2026,06-07-2026,1,49:10.3,booking,Fabulous,3.6,1,FALSE,FALSE,FALSE,FALSE,0,FALSE,Luxury,TRUE,0.210404911,0.814285714,0.069600175,1,0.08801214,0,3,1,9,1
Hotel Antique - Colaba,3020551,Mumbai,Unknown,Booking.com,4342.8,4342.8,8,796,1,Hotel,18.917182,72.827799,05-07-2026,06-07-2026,1,49:10.3,booking,Very good,18.45,1,FALSE,FALSE,FALSE,FALSE,0,FALSE,Mid-Range,TRUE,0.096742248,0.714285714,0.021741509,0.2,0.538694992,0,3,1,9,2
Radisson Blu Mumbai International Airport,6832186,Mumbai,Unknown,Booking.com,9438.8201,9438.8201,8.7,2546,5,Hotel,19.10804303,72.87942925,05-07-2026,06-07-2026,1,49:14.4,booking,Fabulous,3.6,1,FALSE,FALSE,FALSE,FALSE,0,FALSE,Luxury,TRUE,0.210404911,0.814285714,0.069600175,1,0.08801214,0,3,1,9,1
Hotel Antique - Colaba,3020551,Mumbai,Unknown,Booking.com,4342.8,4342.8,8,796,1,Hotel,18.917182,72.827799,05-07-2026,06-07-2026,1,49:14.4,booking,Very good,18.45,1,FALSE,FALSE,FALSE,FALSE,0,FALSE,Mid-Range,TRUE,0.096742248,0.714285714,0.021741509,0.2,0.538694992,0,3,1,9,2
Grand Hyatt Mumbai Hotel and Residences,390419,Mumbai,Unknown,Booking.com,13688.0001,13688.0001,8.6,1570,5,Hotel,19.07679564,72.85124034,05-07-2026,06-07-2026,0,49:14.4,booking,Fabulous,2.8,1,FALSE,FALSE,FALSE,FALSE,0,FALSE,Luxury,FALSE,0.305179482,0.8,0.042908713,1,0.063732929,0,3,1,9,1
The Mirador,266677,Mumbai,Unknown,Booking.com,12454.9001,12454.9001,8,376,4,Hotel,19.1111032,72.8567173,05-07-2026,06-07-2026,1,49:14.4,booking,Very good,4.5,1,FALSE,FALSE,FALSE,FALSE,0,FALSE,Luxury,TRUE,0.27767617,0.714285714,0.010255429,0.8,0.115326252,0,3,1,9,1
Luna Spaces- BLUES Nr Mumbai International Airport,13319747,Mumbai,Unknown,Booking.com,3213,3213,8.1,54,0,Guest house,19.10759594,72.90107233,05-07-2026,06-07-2026,0,49:14.4,booking,Very good,4.3,1,FALSE,FALSE,FALSE,FALSE,0,FALSE,Mid-Range,FALSE,0.07154296,0.728571429,0.001449434,0,0.109256449,0,3,1,5,2
Dragonfly Hotel - The Art Hotel,394175,Mumbai,Unknown,Booking.com,9409.5001,9409.5001,8.5,272,4,Hotel,19.11084099,72.86302462,05-07-2026,06-07-2026,1,49:14.4,booking,Very good,4.2,1,FALSE,FALSE,FALSE,FALSE,0,FALSE,Luxury,TRUE,0.209750952,0.785714286,0.007411256,0.8,0.106221548,0,3,1,9,1
Hotel Afotel Mumbai-Near International Airport,14082590,Mumbai,Unknown,Booking.com,5983.95,5983.95,8.4,77,3,Hotel,19.1115967,72.8753588,05-07-2026,06-07-2026,1,49:14.4,booking,Very good,4,1,FALSE,FALSE,FALSE,FALSE,0,FALSE,Mid-Range,FALSE,0.133346789,0.771428571,0.002078434,0.6,0.100151745,0,3,1,9,2
"ITC Grand Central, a Luxury Collection Hotel, Mumbai",473276,Mumbai,Unknown,Booking.com,16992.0001,16992.0001,8.9,1185,5,Hotel,18.99833443,72.83856851,05-07-2026,06-07-2026,1,49:14.4,booking,Fabulous,9.6,1,FALSE,FALSE,FALSE,FALSE,0,FALSE,Luxury,FALSE,0.378872567,0.842857143,0.032379806,1,0.270106222,0,3,1,9,1
Dhanvantari Luxury Hotel Near Kokilaben Dhirubhai Ambani Hospital Mumbai,13353394,Mumbai,Unknown,Booking.com,6467.076,6467.076,7.1,156,3,Hotel,19.1328405,72.8259904,05-07-2026,06-07-2026,1,49:14.4,booking,Good,8.35,1,FALSE,FALSE,FALSE,FALSE,0,FALSE,Luxury,TRUE,0.144122529,0.585714286,0.00423891,0.6,0.232169954,0,3,1,9,1
Hotel Comfort Castle,14648164,Mumbai,Unknown,Booking.com,2944.3575,2944.3575,6.9,34,2,Hotel,19.0609813,72.8984365,05-07-2026,06-07-2026,1,49:14.4,booking,Pleasant,2.75,1,FALSE,FALSE,FALSE,FALSE,0,FALSE,Mid-Range,FALSE,0.065551103,0.557142857,0.000902478,0.4,0.062215478,0,3,1,9,2
Moxy Mumbai Andheri West,12349578,Mumbai,Unknown,Booking.com,10620.0001,10620.0001,8.7,324,5,Hotel,19.138758,72.83329,05-07-2026,06-07-2026,1,49:14.4,booking,Fabulous,8.4,1,FALSE,FALSE,FALSE,FALSE,0,FALSE,Luxury,FALSE,0.236750189,0.814285714,0.008833342,1,0.233687405,0,3,1,9,1
Arnna-Goregaon,9928916,Mumbai,Unknown,Booking.com,11461.3401,11461.3401,7.3,795,4,Hotel,19.153863,72.85137,05-07-2026,06-07-2026,1,49:14.4,booking,Good,9.1,1,FALSE,FALSE,FALSE,FALSE,0,FALSE,Luxury,FALSE,0.255515607,0.614285714,0.021714161,0.8,0.254931715,0,3,1,9,1
"Grand Hotel Mumbai - Ballard Estate, Fort",350329,Mumbai,Unknown,Booking.com,7560,7560,7.7,546,3,Hotel,18.93628471,72.84069121,05-07-2026,06-07-2026,1,49:14.4,booking,Good,16.05,1,FALSE,FALSE,FALSE,FALSE,0,FALSE,Luxury,TRUE,0.168499328,0.671428571,0.014904556,0.6,0.46585736,0,3,1,9,1
ibis Mumbai Vikhroli - An Accor Brand,7781698,Mumbai,Unknown,Booking.com,6615,6615,7.7,569,4,Hotel,19.12066523,72.92636652,05-07-2026,06-07-2026,1,49:14.4,booking,Good,7.15,1,FALSE,FALSE,FALSE,FALSE,0,FALSE,Luxury,TRUE,0.147421856,0.671428571,0.015533556,0.8,0.195751138,0,3,1,9,1
Backpacker Cowies,2963603,Mumbai,Unknown,Booking.com,4800.6,4800.6,7.9,1300,0,Hostel,18.920115,72.830836,05-07-2026,06-07-2026,1,49:14.4,booking,Good,18.05,1,FALSE,FALSE,FALSE,FALSE,0,FALSE,Mid-Range,FALSE,0.106953111,0.7,0.035524804,0,0.526555387,0,3,1,8,2
Rama Krishna Hotel,647414,Mumbai,Unknown,Booking.com,4935,4935,8,168,0,Bed and breakfast,19.09887442,72.84454903,05-07-2026,06-07-2026,1,49:14.4,booking,Very good,4.35,1,FALSE,FALSE,FALSE,FALSE,0,FALSE,Mid-Range,FALSE,0.109950796,0.714285714,0.004567084,0,0.1107739,0,3,1,3,2
Hotel Zara International,13110611,Mumbai,Unknown,Booking.com,2653.35,2653.35,6.8,314,3,Hotel,19.1193612,72.8849279,05-07-2026,06-07-2026,1,49:14.4,booking,Pleasant,4.9,1,FALSE,FALSE,FALSE,FALSE,0,FALSE,Mid-Range,TRUE,0.059060413,0.542857143,0.008559864,0.6,0.127465857,0,3,1,9,2
President - IHCL SeleQtions,74736,Mumbai,Unknown,Booking.com,12124.3939,12124.3939,8.3,1722,5,Hotel,18.91417287,72.8207624,05-07-2026,06-07-2026,1,49:14.4,booking,Very good,19,1,FALSE,FALSE,FALSE,FALSE,0,FALSE,Luxury,FALSE,0.270304493,0.757142857,0.04706558,1,0.55538695,0,3,1,9,1
Grand Residency Hotel & Serviced Apartments,274997,Mumbai,Unknown,Booking.com,9804.0301,9804.0301,7.9,413,4,Aparthotel,19.06159058,72.83252388,05-07-2026,06-07-2026,1,49:14.4,booking,Good,5.05,1,FALSE,FALSE,FALSE,FALSE,0,FALSE,Luxury,FALSE,0.218550629,0.7,0.011267297,0.8,0.132018209,0,3,1,0,1
Imperial Hotel Near Haji Ali,15621641,Mumbai,Unknown,Booking.com,5304.8205,5304.8205,6.6,60,3,Hotel,18.9623513,72.8183134,05-07-2026,06-07-2026,0,49:14.4,booking,Pleasant,14.1,1,FALSE,FALSE,FALSE,FALSE,0,FALSE,Mid-Range,FALSE,0.118199347,0.514285714,0.001613521,0.6,0.406676783,0,3,1,9,2
JW Marriott Mumbai Juhu,250170,Mumbai,Unknown,Booking.com,23600.0002,23600.0002,8.6,1309,5,Hotel,19.10195774,72.82656133,05-07-2026,06-07-2026,1,49:18.1,booking,Fabulous,6.1,1,FALSE,FALSE,FALSE,FALSE,0,FALSE,Luxury,FALSE,0.526258739,0.8,0.035770935,1,0.163884674,0,3,1,9,1
Hotel Zara International,13110611,Mumbai,Unknown,Booking.com,2653.35,2653.35,6.8,314,3,Hotel,19.1193612,72.8849279,05-07-2026,06-07-2026,1,49:18.1,booking,Pleasant,4.9,1,FALSE,FALSE,FALSE,FALSE,0,FALSE,Mid-Range,TRUE,0.059060413,0.542857143,0.008559864,0.6,0.127465857,0,3,1,9,2
Dragonfly Hotel - The Art Hotel,394175,Mumbai,Unknown,Booking.com,9409.5001,9409.5001,8.5,272,4,Hotel,19.11084099,72.86302462,05-07-2026,06-07-2026,1,49:18.1,booking,Very good,4.2,1,FALSE,FALSE,FALSE,FALSE,0,FALSE,Luxury,TRUE,0.209750952,0.785714286,0.007411256,0.8,0.106221548,0,3,1,9,1
Dhanvantari Luxury Hotel Near Kokilaben Dhirubhai Ambani Hospital Mumbai,13353394,Mumbai,Unknown,Booking.com,6467.076,6467.076,7.1,156,3,Hotel,19.1328405,72.8259904,05-07-2026,06-07-2026,1,49:18.1,booking,Good,8.35,1,FALSE,FALSE,FALSE,FALSE,0,FALSE,Luxury,TRUE,0.144122529,0.585714286,0.00423891,0.6,0.232169954,0,3,1,9,1
The Mirador,266677,Mumbai,Unknown,Booking.com,12454.9001,12454.9001,8,376,4,Hotel,19.1111032,72.8567173,05-07-2026,06-07-2026,1,49:18.1,booking,Very good,4.5,1,FALSE,FALSE,FALSE,FALSE,0,FALSE,Luxury,TRUE,0.27767617,0.714285714,0.010255429,0.8,0.115326252,0,3,1,9,1
Hotel Rinza Residency,12644794,Mumbai,Unknown,Booking.com,2834.055,2834.055,5.5,175,5,Hotel,18.96158473,72.81945794,05-07-2026,06-07-2026,0,49:18.1,booking,Passable,14.15,1,FALSE,FALSE,FALSE,FALSE,0,FALSE,Mid-Range,FALSE,0.063090894,0.357142857,0.004758519,1,0.408194234,0,3,1,9,2
"ITC Maratha, a Luxury Collection Hotel, Mumbai",470773,Mumbai,Unknown,Booking.com,15340.0001,15340.0001,8.5,1262,5,Hotel,19.10397288,72.87000315,05-07-2026,06-07-2026,1,49:18.1,booking,Very good,3.25,1,FALSE,FALSE,FALSE,FALSE,0,FALSE,Luxury,FALSE,0.342026024,0.785714286,0.034485588,1,0.077389985,0,3,1,9,1
The Falcon Inn - Clare Road,15633058,Mumbai,Unknown,Booking.com,5670,5670,7.6,31,4,Hotel,18.96936703,72.82945645,05-07-2026,06-07-2026,1,49:18.1,booking,Good,12.9,1,FALSE,FALSE,FALSE,FALSE,0,FALSE,Mid-Range,FALSE,0.126344385,0.657142857,0.000820434,0.8,0.370257967,0,3,1,9,2
MyOtel - Santacruz,13654230,Mumbai,Unknown,Booking.com,6247.5,6247.5,7.2,187,3,Hotel,19.08477172,72.84474103,05-07-2026,06-07-2026,1,49:18.1,booking,Good,3.6,1,FALSE,FALSE,FALSE,FALSE,0,FALSE,Luxury,FALSE,0.139225062,0.6,0.005086693,0.6,0.08801214,0,3,1,9,1
"Adiva Residency Beacon, Grant Road, Mumbai",9071042,Mumbai,Unknown,Booking.com,7140,7140,7.5,640,3,Hotel,18.961787,72.822031,05-07-2026,06-07-2026,1,49:18.1,booking,Good,14,1,FALSE,FALSE,FALSE,FALSE,0,FALSE,Luxury,FALSE,0.159131563,0.642857143,0.01747525,0.6,0.403641882,0,3,1,9,1
Regency Hotel Malabar Hill,260826,Mumbai,Unknown,Booking.com,9345.6001,9345.6001,7.3,95,3,Hotel,18.95508064,72.79880047,05-07-2026,06-07-2026,1,49:18.1,booking,Good,15.8,1,FALSE,FALSE,FALSE,FALSE,0,FALSE,Luxury,FALSE,0.208325714,0.614285714,0.002570694,0.6,0.458270106,0,3,1,9,1
Hotel Aala - Versova,16193899,Mumbai,Unknown,Booking.com,1995,1995,7.6,8,3,Hotel,19.1350852,72.8146101,05-07-2026,06-07-2026,1,49:18.1,booking,Good,9.35,1,FALSE,FALSE,FALSE,FALSE,0,FALSE,Budget,FALSE,0.044376441,0.657142857,0.000191435,0.6,0.262518968,0,3,1,9,0
Hotel National - Grant Road,12465069,Mumbai,Unknown,Booking.com,4708.2,4708.2,6.4,59,3,Hotel,18.9619694,72.8201371,05-07-2026,06-07-2026,1,49:18.1,booking,Pleasant,14.05,1,FALSE,FALSE,FALSE,FALSE,0,FALSE,Mid-Range,FALSE,0.104892203,0.485714286,0.001586173,0.6,0.405159332,0,3,1,9,2
"Hostel Vasantashram CST Mumbai, Free Wifi with 1940s Retro vibe",696814,Mumbai,Unknown,Booking.com,2268,2268,7.5,430,0,Hostel,18.94682073,72.83260703,05-07-2026,06-07-2026,1,49:18.1,booking,Good,15.15,1,FALSE,FALSE,FALSE,FALSE,0,FALSE,Mid-Range,FALSE,0.050465488,0.642857143,0.01173221,0,0.438543247,0,3,1,8,2
FabHotel Comfort Stay,5181098,Mumbai,Unknown,Booking.com,2698.668,2698.668,5.6,49,3,Hotel,19.11918169,72.88346929,05-07-2026,06-07-2026,1,49:18.1,booking,Okay,4.85,1,FALSE,FALSE,FALSE,FALSE,0,FALSE,Mid-Range,FALSE,0.060071195,0.371428571,0.001312695,0.6,0.125948407,0,3,1,9,2
InterContinental Marine Drive Mumbai by IHG,237786,Mumbai,Unknown,Booking.com,15731.7601,15731.7601,8.7,538,5,Hotel,18.93493753,72.82408297,05-07-2026,06-07-2026,0,49:18.1,booking,Fabulous,16.7,1,FALSE,FALSE,FALSE,FALSE,0,FALSE,Luxury,FALSE,0.350763919,0.814285714,0.014685774,1,0.485584219,0,3,1,9,1
"Zenith Homes - Premium Suites, near IIT Powai, Hiranandani & Mumbai Airport",15371731,Mumbai,Unknown,Booking.com,3317.601,3317.601,7.3,61,0,Guest house,19.11775507,72.90384244,05-07-2026,06-07-2026,1,49:18.1,booking,Good,5.4,1,FALSE,FALSE,FALSE,FALSE,0,FALSE,Mid-Range,FALSE,0.073876002,0.614285714,0.001640869,0,0.142640364,0,3,1,5,2
Hotel Kohinoor Elite near BKC,427714,Mumbai,Unknown,Booking.com,10487.8401,10487.8401,8.6,540,4,Hotel,19.08046361,72.88552165,05-07-2026,06-07-2026,0,49:18.1,booking,Fabulous,1,1,FALSE,FALSE,FALSE,FALSE,0,FALSE,Luxury,FALSE,0.233802466,0.8,0.014740469,0.8,0.009104704,0,3,1,9,1
Smooth Checkin By Amber Edition - Mumbai,16562083,Mumbai,Unknown,Booking.com,3043.95,3043.95,7.9,506,3,Hotel,18.9622872,72.8286945,05-07-2026,06-07-2026,1,49:18.1,booking,,13.65,1,FALSE,FALSE,FALSE,FALSE,0,FALSE,Mid-Range,FALSE,0.067772434,0.7,0.013810644,0.6,0.393019727,0,3,1,9,2
Hotel Heritage formerly known as Comfort Inn Heritage,370494,Mumbai,Unknown,Booking.com,7323.75,7323.75,7.6,411,4,Hotel,18.97593659,72.83438131,05-07-2026,06-07-2026,1,49:18.1,booking,Good,12.05,1,FALSE,FALSE,FALSE,FALSE,0,FALSE,Luxury,TRUE,0.16322996,0.657142857,0.011212602,0.8,0.344461305,0,3,1,9,1
Hotel Corporate Terminal Stay Delhi IGI Airport With Free Airport Pickup,16271096,Delhi,Unknown,Booking.com,6097.8435,6097.8435,9.1,64,4,Hotel,28.551886,77.10023555,05-07-2026,06-07-2026,1,49:22.3,booking,Superb,15.1,1,FALSE,FALSE,FALSE,FALSE,0,FALSE,Luxury,FALSE,0.135887093,0.871428571,0.001722912,0.8,0.437025797,0,1,1,9,1
The Tivoli New Delhi,13302182,Delhi,Unknown,Booking.com,6562.5,6562.5,8,155,5,Hotel,28.49672444,77.18527118,05-07-2026,06-07-2026,1,49:22.3,booking,Very good,15.8,1,FALSE,FALSE,FALSE,FALSE,0,FALSE,Luxury,FALSE,0.146250886,0.714285714,0.004211563,1,0.458270106,0,1,1,9,1
Hotel Maurya Heritage In Karol Bagh,16594023,Delhi,Unknown,Booking.com,2488.5,2488.5,7.9,2,3,Hotel,28.6456691,77.1823922,05-07-2026,06-07-2026,1,49:22.3,booking,Exceptional,4.15,1,FALSE,FALSE,FALSE,FALSE,0,FALSE,Mid-Range,FALSE,0.055383565,0.7,2.73E-05,0.6,0.104704097,0,1,1,9,2
ibis New Delhi Aerocity - An Accor Brand,419884,Delhi,Unknown,Booking.com,7474.95,7474.95,7,6656,4,Hotel,28.55111854,77.12348163,05-07-2026,06-07-2026,0,49:22.3,booking,Good,13.45,1,FALSE,FALSE,FALSE,FALSE,0,FALSE,Luxury,FALSE,0.166602355,0.571428571,0.181999672,0.8,0.386949924,0,1,1,9,1
The LaLiT New Delhi,173287,Delhi,Unknown,Booking.com,13627.8201,13627.8201,8.2,3778,5,Hotel,28.62936141,77.22636044,05-07-2026,06-07-2026,1,49:22.3,booking,Very good,0.75,1,FALSE,FALSE,FALSE,FALSE,0,FALSE,Luxury,TRUE,0.303837215,0.742857143,0.103292676,1,0.001517451,0,1,1,9,1
BnBBuddy Executive Studio Apt in West Delhi 720,11458329,Delhi,Unknown,Booking.com,3491.25,3491.25,9.7,3,0,Apartment,28.6636023,77.1544552,05-07-2026,06-07-2026,0,49:22.3,booking,Exceptional,7.4,1,FALSE,FALSE,FALSE,FALSE,0,FALSE,Mid-Range,FALSE,0.077749104,0.957142857,5.47E-05,0,0.203338392,0,1,1,1,2
"Lemon Tree Hotel, Delhi Airport",439127,Delhi,Unknown,Booking.com,13230.9944,13230.9944,8.5,1444,4,Hotel,28.55136828,77.12075919,05-07-2026,06-07-2026,1,49:22.3,booking,Very good,13.65,1,FALSE,FALSE,FALSE,FALSE,0,FALSE,Luxury,FALSE,0.294986334,0.785714286,0.039462889,0.8,0.393019727,0,1,1,9,1
Five-Star Inspired Beige Luxe Suite Sunset View,16483399,Delhi,Unknown,Booking.com,3628.8,3628.8,7.9,506,0,Apartment,28.5515883,77.3223691,05-07-2026,06-07-2026,1,49:22.3,booking,,13.45,1,FALSE,FALSE,FALSE,FALSE,0,FALSE,Mid-Range,FALSE,0.080817047,0.7,0.013810644,0,0.386949924,0,1,1,1,2
Aloft by Marriott New Delhi Aerocity,3570607,Delhi,Unknown,Booking.com,11210.0001,11210.0001,8.4,3319,5,Hotel,28.55240448,77.12344913,05-07-2026,06-07-2026,1,49:22.3,booking,Very good,13.35,1,FALSE,FALSE,FALSE,FALSE,0,FALSE,Luxury,FALSE,0.249909669,0.771428571,0.090740032,1,0.383915023,0,1,1,9,1
"Pride Plaza Hotel, Aerocity New Delhi",1591538,Delhi,Unknown,Booking.com,11916.6431,11916.6431,8.4,4494,4,Hotel,28.55278188,77.12311149,05-07-2026,06-07-2026,1,49:22.3,booking,Very good,13.35,1,FALSE,FALSE,FALSE,FALSE,0,FALSE,Luxury,FALSE,0.265670777,0.771428571,0.122873708,0.8,0.383915023,0,1,1,9,1
Hyatt Centric Janakpuri New Delhi,261460,Delhi,Unknown,Booking.com,7864.5,7864.5,7.1,1473,5,Hotel,28.6287,77.0787,05-07-2026,06-07-2026,1,49:22.3,booking,Good,14.1,1,FALSE,FALSE,FALSE,FALSE,0,FALSE,Luxury,TRUE,0.175290957,0.585714286,0.040255975,1,0.406676783,0,1,1,9,1
The Graphite Gallery Skyline View Supernova,16206740,Delhi,Unknown,Booking.com,2856,2856,7.9,2,0,Apartment,28.552826,77.3226487,05-07-2026,06-07-2026,1,49:22.3,booking,Disappointing,13.4,1,FALSE,FALSE,FALSE,FALSE,0,FALSE,Mid-Range,FALSE,0.063580359,0.7,2.73E-05,0,0.385432473,0,1,1,1,2
Hotel CR Residency - Near US Embassy,16495974,Delhi,Unknown,Booking.com,1409.583,1409.583,8.2,6,3,Hotel,28.58768369,77.17005796,05-07-2026,06-07-2026,1,49:22.3,booking,Very good,7.35,1,FALSE,FALSE,FALSE,FALSE,0,FALSE,Budget,FALSE,0.031319182,0.742857143,0.000136739,0.6,0.201820941,0,1,1,9,0
The Leela Palace New Delhi,250176,Delhi,Unknown,Booking.com,28674.0002,28674.0002,9.4,1943,5,Hotel,28.57946245,77.18912065,05-07-2026,06-07-2026,1,49:22.3,booking,Superb,7,1,FALSE,FALSE,FALSE,FALSE,0,TRUE,Luxury,FALSE,0.639430262,0.914285714,0.053109446,1,0.191198786,0,1,1,9,1
The Leela Ambience Convention Hotel Delhi,434877,Delhi,Unknown,Booking.com,14368.8601,14368.8601,8.6,2067,5,Hotel,28.66187244,77.30228037,05-07-2026,06-07-2026,0,49:22.3,booking,Fabulous,8.35,1,FALSE,FALSE,FALSE,FALSE,0,FALSE,Luxury,FALSE,0.320365521,0.8,0.056500574,1,0.232169954,0,1,1,9,1
Jaypee Vasant Continental,308324,Delhi,Unknown,Booking.com,9556.9381,9556.9381,8.1,837,5,Hotel,28.55651842,77.16398835,05-07-2026,06-07-2026,1,49:22.3,booking,Very good,10.45,1,FALSE,FALSE,FALSE,FALSE,0,FALSE,Luxury,TRUE,0.213039439,0.728571429,0.022862769,1,0.295902883,0,1,1,9,1
Holiday Inn Express New Delhi International Airport T3 by IHG,906460,Delhi,Unknown,Booking.com,16534.9271,16534.9271,6.8,1122,4,Hotel,28.55720163,77.09889615,05-07-2026,06-07-2026,1,49:22.3,booking,Pleasant,14.85,1,FALSE,FALSE,FALSE,FALSE,0,FALSE,Luxury,TRUE,0.368677918,0.542857143,0.030656894,0.8,0.429438543,0,1,1,9,1
Jaypee Siddharth,308297,Delhi,Unknown,Booking.com,7480.2525,7480.2525,6.5,549,5,Hotel,28.64255158,77.17537701,05-07-2026,06-07-2026,1,49:22.3,booking,Pleasant,4.7,1,FALSE,FALSE,FALSE,FALSE,0,FALSE,Luxury,TRUE,0.166720623,0.5,0.0149866,1,0.121396055,0,1,1,9,1
Lutyens Bungalow,497348,Delhi,Unknown,Booking.com,7875,7875,8.8,337,4,Bed and breakfast,28.59188407,77.21390963,05-07-2026,06-07-2026,1,49:22.3,booking,Fabulous,4.9,1,FALSE,FALSE,FALSE,FALSE,0,FALSE,Luxury,TRUE,0.175525151,0.828571429,0.009188864,0.8,0.127465857,0,1,1,3,1
Shangri-La Eros New Delhi,242678,Delhi,Unknown,Booking.com,16048.0001,16048.0001,8.8,1605,5,Hotel,28.62077737,77.21797585,05-07-2026,06-07-2026,0,49:22.3,booking,Fabulous,1.65,1,FALSE,FALSE,FALSE,FALSE,0,FALSE,Luxury,TRUE,0.3578174,0.828571429,0.043865886,1,0.028831563,0,1,1,9,1
Novotel New Delhi Aerocity,1279334,Delhi,Unknown,Booking.com,10903.2001,10903.2001,8,2732,5,Hotel,28.553492,77.12324,05-07-2026,06-07-2026,0,49:26.3,booking,Very good,13.3,1,FALSE,FALSE,FALSE,FALSE,0,FALSE,Luxury,TRUE,0.243066739,0.714285714,0.074686868,1,0.382397572,0,1,1,9,1
Jaypee Vasant Continental,308324,Delhi,Unknown,Booking.com,9556.9381,9556.9381,8.1,837,5,Hotel,28.55651842,77.16398835,05-07-2026,06-07-2026,1,49:26.3,booking,Very good,10.45,1,FALSE,FALSE,FALSE,FALSE,0,FALSE,Luxury,TRUE,0.213039439,0.728571429,0.022862769,1,0.295902883,0,1,1,9,1
Holiday Inn Express New Delhi International Airport T3 by IHG,906460,Delhi,Unknown,Booking.com,16534.9271,16534.9271,6.8,1122,4,Hotel,28.55720163,77.09889615,05-07-2026,06-07-2026,1,49:26.3,booking,Pleasant,14.85,1,FALSE,FALSE,FALSE,FALSE,0,FALSE,Luxury,TRUE,0.368677918,0.542857143,0.030656894,0.8,0.429438543,0,1,1,9,1
Jaypee Siddharth,308297,Delhi,Unknown,Booking.com,7086.555,7086.555,6.5,549,5,Hotel,28.64255158,77.17537701,05-07-2026,06-07-2026,1,49:26.3,booking,Pleasant,4.7,1,FALSE,FALSE,FALSE,FALSE,0,FALSE,Luxury,TRUE,0.157939514,0.5,0.0149866,1,0.121396055,0,1,1,9,1
Venizia Sarovar Portico,630764,Delhi,Unknown,Booking.com,6027,6027,5.6,38,4,Hotel,28.710784,77.187337,05-07-2026,06-07-2026,1,49:26.3,booking,Okay,9.15,1,FALSE,FALSE,FALSE,FALSE,0,FALSE,Luxury,TRUE,0.134306985,0.371428571,0.001011869,0.8,0.256449165,0,1,1,9,1
Lutyens Bungalow,497348,Delhi,Unknown,Booking.com,7875,7875,8.8,337,4,Bed and breakfast,28.59188407,77.21390963,05-07-2026,06-07-2026,1,49:26.3,booking,Fabulous,4.9,1,FALSE,FALSE,FALSE,FALSE,0,FALSE,Luxury,TRUE,0.175525151,0.828571429,0.009188864,0.8,0.127465857,0,1,1,3,1
Radisson Blu Plaza Delhi Airport,254290,Delhi,Unknown,Booking.com,16070.4001,16070.4001,8.9,7809,5,Hotel,28.5436049,77.11979359,05-07-2026,06-07-2026,1,49:26.3,booking,Fabulous,14.3,1,FALSE,FALSE,FALSE,FALSE,0,FALSE,Luxury,TRUE,0.358317014,0.842857143,0.213531696,1,0.412746586,0,1,1,9,1
Shangri-La Eros New Delhi,242678,Delhi,Unknown,Booking.com,16048.0001,16048.0001,8.8,1605,5,Hotel,28.62077737,77.21797585,05-07-2026,06-07-2026,0,49:26.3,booking,Fabulous,1.65,1,FALSE,FALSE,FALSE,FALSE,0,FALSE,Luxury,TRUE,0.3578174,0.828571429,0.043865886,1,0.028831563,0,1,1,9,1
Moustache Delhi,3876656,Delhi,Unknown,Booking.com,4236.876,4236.876,8.7,499,0,Hostel,28.56589017,77.27101959,05-07-2026,06-07-2026,1,49:26.3,booking,Fabulous,9.05,1,FALSE,FALSE,FALSE,FALSE,0,FALSE,Mid-Range,TRUE,0.094379697,0.814285714,0.013619209,0,0.253414264,0,1,1,8,2
"Hotel The Janak By Shanti Near New Delhi Train Station , New Delhi",15730117,Delhi,Unknown,Booking.com,4725,4725,9.2,121,4,Hotel,28.64513982,77.21586417,05-07-2026,06-07-2026,1,49:26.3,booking,Superb,1.35,1,FALSE,FALSE,FALSE,FALSE,0,FALSE,Mid-Range,FALSE,0.105266914,0.885714286,0.003281737,0.8,0.019726859,0,1,1,9,2
Suitcase Stories Delhi,15881812,Delhi,Unknown,Booking.com,1706.25,1706.25,9.1,75,0,Hostel,28.6289603,77.2733185,05-07-2026,06-07-2026,1,49:26.3,booking,Superb,5,1,FALSE,FALSE,FALSE,FALSE,0,FALSE,Budget,FALSE,0.037936103,0.871428571,0.002023738,0,0.130500759,0,1,1,8,0
Novotel New Delhi City Centre,13086621,Delhi,Unknown,Booking.com,7140,7140,8.5,387,5,Hotel,28.646579,77.206757,05-07-2026,06-07-2026,0,49:26.3,booking,Very good,2.05,1,FALSE,FALSE,FALSE,FALSE,0,FALSE,Luxury,FALSE,0.159131563,0.785714286,0.010556254,1,0.040971168,0,1,1,9,1
Maidens Hotel New Delhi,78792,Delhi,Unknown,Booking.com,9499.0001,9499.0001,9.4,2449,5,Hotel,28.67438433,77.225997,05-07-2026,06-07-2026,0,49:26.3,booking,Superb,4.45,1,FALSE,FALSE,FALSE,FALSE,0,FALSE,Luxury,FALSE,0.211747178,0.914285714,0.066947438,1,0.113808801,0,1,1,9,1
"Ambassador, New Delhi - IHCL SeleQtions",74738,Delhi,Unknown,Booking.com,10620.0001,10620.0001,8.1,995,5,Hotel,28.60177038,77.22911507,05-07-2026,06-07-2026,1,49:26.3,booking,Very good,3.75,1,FALSE,FALSE,FALSE,FALSE,0,FALSE,Luxury,TRUE,0.236750189,0.728571429,0.027183723,1,0.092564492,0,1,1,9,1
The Lodhi – A member of The Leading Hotels Of The World,627142,Delhi,Unknown,Booking.com,28320.0002,28320.0002,8.9,326,5,Hotel,28.5917145,77.23847061,05-07-2026,06-07-2026,1,49:26.3,booking,Fabulous,5.05,1,FALSE,FALSE,FALSE,FALSE,0,TRUE,Luxury,FALSE,0.631534574,0.842857143,0.008888038,1,0.132018209,0,1,1,9,1
Hotel P K Residency Paharganj New Delhi,16241094,Delhi,Unknown,Booking.com,1367.1,1367.1,8,6,0,Lodge,28.64141898,77.21576775,05-07-2026,06-07-2026,1,49:26.3,booking,Very good,1,1,FALSE,FALSE,FALSE,FALSE,0,FALSE,Budget,FALSE,0.030371632,0.714285714,0.000136739,0,0.009104704,0,1,1,11,0
"Hotel Vibe House, A Boutique Living Experience - Near Connaught Place & City Centre",15209587,Delhi,Unknown,Booking.com,3189.4485,3189.4485,7.9,93,4,Hotel,28.64123304,77.21125871,05-07-2026,06-07-2026,1,49:26.3,booking,Good,1.35,1,FALSE,FALSE,FALSE,FALSE,0,FALSE,Mid-Range,FALSE,0.071017662,0.7,0.002515998,0.8,0.019726859,0,1,1,9,2
Crowne Plaza New Delhi Mayur Vihar Noida by IHG,334662,Delhi,Unknown,Booking.com,13889.5901,13889.5901,8.4,938,5,Hotel,28.5900188,77.29805857,05-07-2026,06-07-2026,1,49:26.3,booking,Very good,8.9,1,FALSE,FALSE,FALSE,FALSE,0,FALSE,Luxury,FALSE,0.309675786,0.771428571,0.025624897,1,0.248861912,0,1,1,9,1
Super Townhouse Preet Vihar Metro Station,14149798,Delhi,Unknown,Booking.com,2938.531,2938.531,8.4,54,3,Hotel,28.642887,77.290726,05-07-2026,06-07-2026,1,49:26.3,booking,Very good,6.75,1,FALSE,FALSE,FALSE,FALSE,0,FALSE,Mid-Range,TRUE,0.065421148,0.771428571,0.001449434,0.6,0.183611533,0,1,1,9,2
Bungalow 99,2832695,Delhi,Unknown,Booking.com,6823.95,6823.95,9,397,0,Bed and breakfast,28.5747689,77.233587,05-07-2026,06-07-2026,1,49:26.3,booking,Superb,6.8,1,FALSE,FALSE,FALSE,FALSE,0,FALSE,Luxury,FALSE,0.152082319,0.857142857,0.010829733,0,0.185128983,0,1,1,3,1
Hotel Down Town - Paschim Vihar,11553587,Delhi,Unknown,Booking.com,2944.7145,2944.7145,7.3,140,3,Hotel,28.66902429,77.09327673,05-07-2026,06-07-2026,1,49:30.5,booking,Good,13.2,1,FALSE,FALSE,FALSE,FALSE,0,FALSE,Mid-Range,FALSE,0.065559066,0.614285714,0.003801346,0.6,0.379362671,0,1,1,9,2
The Orion Express - Kailash Colony,12201520,Delhi,Unknown,Booking.com,3543.0465,3543.0465,7.1,120,3,Hotel,28.55587249,77.24120342,05-07-2026,06-07-2026,1,49:30.5,booking,Good,9,1,FALSE,FALSE,FALSE,FALSE,0,FALSE,Mid-Range,FALSE,0.078904384,0.585714286,0.003254389,0.6,0.251896813,0,1,1,9,2
"Hotel The Hans - Connaught Place, New Delhi",249628,Delhi,Unknown,Booking.com,5253.927,5253.927,6.5,455,4,Hotel,28.6284809,77.22588301,05-07-2026,06-07-2026,0,49:30.5,booking,Pleasant,0.8,1,FALSE,FALSE,FALSE,FALSE,0,FALSE,Mid-Range,FALSE,0.117064209,0.5,0.012415905,0.8,0.003034901,0,1,1,9,2
Great Diplomat Hotel DELHI ID NOT ALLOWED,14577735,Delhi,Unknown,Booking.com,628.95,628.95,4.8,53,2,Hotel,28.64690162,77.21234986,05-07-2026,06-07-2026,1,49:30.5,booking,Disappointing,1.7,1,FALSE,FALSE,FALSE,FALSE,0,FALSE,Budget,FALSE,0.013907785,0.257142857,0.001422086,0.4,0.030349014,0,1,1,9,0
"Lemon Tree Premier, Delhi Airport",439042,Delhi,Unknown,Booking.com,13257.6477,13257.6477,8,1192,5,Hotel,28.55197613,77.12061167,05-07-2026,06-07-2026,1,49:30.5,booking,Very good,13.6,1,FALSE,FALSE,FALSE,FALSE,0,FALSE,Luxury,FALSE,0.295580815,0.714285714,0.032571241,1,0.391502276,0,1,1,9,1
Hotel Bala Ji International New Delhi Railway Station,13524066,Delhi,Unknown,Booking.com,911.8515,911.8515,8.3,531,3,Hotel,28.64676643,77.21138683,05-07-2026,06-07-2026,1,49:30.5,booking,Very good,1.75,1,FALSE,FALSE,FALSE,FALSE,0,FALSE,Budget,FALSE,0.020217678,0.757142857,0.014494339,0.6,0.031866464,0,1,1,9,0
Western Blu INN,11940629,Delhi,Unknown,Booking.com,6069,6069,4.5,7,3,Hotel,28.66790901,77.09315672,05-07-2026,06-07-2026,1,49:30.5,booking,Disappointing,13.2,1,FALSE,FALSE,FALSE,FALSE,0,FALSE,Luxury,FALSE,0.135243762,0.214285714,0.000164087,0.6,0.379362671,0,1,1,9,1
Super Townhouse Preet Vihar Metro Station,14149798,Delhi,Unknown,Booking.com,2938.531,2938.531,8.4,54,3,Hotel,28.642887,77.290726,05-07-2026,06-07-2026,1,49:30.5,booking,Very good,6.75,1,FALSE,FALSE,FALSE,FALSE,0,FALSE,Mid-Range,TRUE,0.065421148,0.771428571,0.001449434,0.6,0.183611533,0,1,1,9,2
"The Ashok, New Delhi",1152665,Delhi,Unknown,Booking.com,11564.0001,11564.0001,6,1486,5,Hotel,28.59716668,77.19597656,05-07-2026,06-07-2026,1,49:30.5,booking,Pleasant,4.95,1,FALSE,FALSE,FALSE,FALSE,0,FALSE,Luxury,FALSE,0.257805356,0.428571429,0.040611497,1,0.128983308,0,1,1,9,1
"The Imperial, New Delhi",361191,Delhi,Unknown,Booking.com,29500.0002,29500.0002,9.6,1771,5,Hotel,28.62450913,77.21724629,05-07-2026,06-07-2026,1,49:30.5,booking,Exceptional,1.3,1,FALSE,FALSE,FALSE,FALSE,0,TRUE,Luxury,FALSE,0.657853533,0.942857143,0.048405623,1,0.018209408,0,1,1,9,1
The Oberoi New Delhi,77814,Delhi,Unknown,Booking.com,30090.0002,30090.0002,9.6,672,5,Hotel,28.59623152,77.24028111,05-07-2026,06-07-2026,1,49:30.5,booking,Exceptional,4.65,1,FALSE,FALSE,FALSE,FALSE,0,TRUE,Luxury,TRUE,0.671013012,0.942857143,0.01835038,1,0.119878604,0,1,1,9,1
Le Meridien New Delhi,473275,Delhi,Unknown,Booking.com,14827.8801,14827.8801,8.4,1238,5,Hotel,28.61875957,77.2183755,05-07-2026,06-07-2026,1,49:30.5,booking,Very good,1.85,1,FALSE,FALSE,FALSE,FALSE,0,FALSE,Luxury,TRUE,0.330603596,0.771428571,0.03382924,1,0.034901366,0,1,1,9,1
Mauryan Express Hotel Nangloi Metro,16200296,Delhi,Unknown,Booking.com,1454.6385,1454.6385,7,3,3,Hotel,28.681943,77.06463372,05-07-2026,06-07-2026,0,49:30.5,booking,Good,16.3,1,FALSE,FALSE,FALSE,FALSE,0,FALSE,Budget,TRUE,0.032324109,0.571428571,5.47E-05,0.6,0.473444613,0,1,1,9,0
Crowne Plaza New Delhi Okhla by IHG,309020,Delhi,Unknown,Booking.com,6676.9605,6676.9605,8.2,792,5,Hotel,28.52861606,77.2720331,05-07-2026,06-07-2026,1,49:30.5,booking,Very good,12.8,1,FALSE,FALSE,FALSE,FALSE,0,FALSE,Luxury,TRUE,0.148803836,0.742857143,0.021632117,1,0.367223065,0,1,1,9,1
The Metropolitan Hotel & Spa New Delhi,74005,Delhi,Unknown,Booking.com,9079.1443,9079.1443,8,1245,5,Hotel,28.63147082,77.20812142,05-07-2026,06-07-2026,0,49:30.5,booking,Very good,1.5,1,FALSE,FALSE,FALSE,FALSE,0,FALSE,Luxury,FALSE,0.202382629,0.714285714,0.034020675,1,0.024279211,0,1,1,9,1
Hotel The Royal Plaza,271384,Delhi,Unknown,Booking.com,6545.847,6545.847,6,719,4,Hotel,28.62264444,77.21399143,05-07-2026,06-07-2026,1,49:30.5,booking,Pleasant,1.65,1,FALSE,FALSE,FALSE,FALSE,0,FALSE,Luxury,FALSE,0.145879454,0.428571429,0.019635727,0.8,0.028831563,0,1,1,9,1
Jaypee Vasant Continental,308324,Delhi,Unknown,Booking.com,9556.9381,9556.9381,8.1,837,5,Hotel,28.55651842,77.16398835,05-07-2026,06-07-2026,1,49:30.5,booking,Very good,10.45,1,FALSE,FALSE,FALSE,FALSE,0,FALSE,Luxury,TRUE,0.213039439,0.728571429,0.022862769,1,0.295902883,0,1,1,9,1
Park Plaza Shahdara,457024,Delhi,Unknown,Booking.com,6300,6300,7.9,585,5,Hotel,28.66863514,77.30371401,05-07-2026,06-07-2026,1,49:30.5,booking,Good,8.8,1,FALSE,FALSE,FALSE,FALSE,0,FALSE,Luxury,TRUE,0.140396032,0.7,0.015971121,1,0.245827011,0,1,1,9,1
"Hotel Samrat, New Delhi",1152679,Delhi,Unknown,Booking.com,11210.0001,11210.0001,6.2,507,4,Hotel,28.59639136,77.1977395,05-07-2026,06-07-2026,1,49:30.5,booking,Pleasant,4.95,1,FALSE,FALSE,FALSE,FALSE,0,FALSE,Luxury,TRUE,0.249909669,0.457142857,0.013837992,0.8,0.128983308,0,1,1,9,1
ONEOFF - The South Delhi Edition,16123407,Delhi,Unknown,Booking.com,5040,5040,10,3,3,Hotel,28.5482109,77.2379714,05-07-2026,06-07-2026,1,49:30.5,booking,Exceptional,9.8,1,FALSE,FALSE,FALSE,FALSE,0,FALSE,Mid-Range,TRUE,0.112292737,1,5.47E-05,0.6,0.276176024,0,1,1,9,2
The Oberoi New Delhi,77814,Delhi,Unknown,Booking.com,30090.0002,30090.0002,9.6,672,5,Hotel,28.59623152,77.24028111,05-07-2026,06-07-2026,1,49:34.6,booking,Exceptional,4.65,1,FALSE,FALSE,FALSE,FALSE,0,TRUE,Luxury,TRUE,0.671013012,0.942857143,0.01835038,1,0.119878604,0,1,1,9,1
Le Meridien New Delhi,473275,Delhi,Unknown,Booking.com,14827.8801,14827.8801,8.4,1238,5,Hotel,28.61875957,77.2183755,05-07-2026,06-07-2026,1,49:34.6,booking,Very good,1.85,1,FALSE,FALSE,FALSE,FALSE,0,FALSE,Luxury,TRUE,0.330603596,0.771428571,0.03382924,1,0.034901366,0,1,1,9,1
Moustache Delhi,3876656,Delhi,Unknown,Booking.com,4236.876,4236.876,8.7,499,0,Hostel,28.56589017,77.27101959,05-07-2026,06-07-2026,1,49:34.6,booking,Fabulous,9.05,1,FALSE,FALSE,FALSE,FALSE,0,FALSE,Mid-Range,TRUE,0.094379697,0.814285714,0.013619209,0,0.253414264,0,1,1,8,2
Mauryan Express Hotel Nangloi Metro,16200296,Delhi,Unknown,Booking.com,1454.6385,1454.6385,7,3,3,Hotel,28.681943,77.06463372,05-07-2026,06-07-2026,0,49:34.6,booking,Good,16.3,1,FALSE,FALSE,FALSE,FALSE,0,FALSE,Budget,TRUE,0.032324109,0.571428571,5.47E-05,0.6,0.473444613,0,1,1,9,0
Crowne Plaza New Delhi Okhla by IHG,309020,Delhi,Unknown,Booking.com,6676.9605,6676.9605,8.2,792,5,Hotel,28.52861606,77.2720331,05-07-2026,06-07-2026,1,49:34.6,booking,Very good,12.8,1,FALSE,FALSE,FALSE,FALSE,0,FALSE,Luxury,TRUE,0.148803836,0.742857143,0.021632117,1,0.367223065,0,1,1,9,1
Villa 33,1692659,Delhi,Unknown,Booking.com,5250,5250,9,565,0,Bed and breakfast,28.54763382,77.19863543,05-07-2026,06-07-2026,1,49:34.6,booking,Superb,10,1,FALSE,FALSE,FALSE,FALSE,0,FALSE,Mid-Range,FALSE,0.11697662,0.857142857,0.015424165,0,0.282245827,0,1,1,3,2
Hotel N K International - Near Govindpuri Metro Station,16184623,Delhi,Unknown,Booking.com,1432.7775,1432.7775,8.5,26,3,Hotel,28.5421788,77.2567012,05-07-2026,06-07-2026,1,49:34.6,booking,Very good,10.85,1,FALSE,FALSE,FALSE,FALSE,0,FALSE,Budget,FALSE,0.031836517,0.785714286,0.000683695,0.6,0.308042489,0,1,1,9,0
Venizia Sarovar Portico,630764,Delhi,Unknown,Booking.com,6027,6027,5.6,38,4,Hotel,28.710784,77.187337,05-07-2026,06-07-2026,1,49:34.6,booking,Okay,9.15,1,FALSE,FALSE,FALSE,FALSE,0,FALSE,Luxury,TRUE,0.134306985,0.371428571,0.001011869,0.8,0.256449165,0,1,1,9,1
Park Plaza Shahdara,457024,Delhi,Unknown,Booking.com,6300,6300,7.9,585,5,Hotel,28.66863514,77.30371401,05-07-2026,06-07-2026,1,49:34.6,booking,Good,8.8,1,FALSE,FALSE,FALSE,FALSE,0,FALSE,Luxury,TRUE,0.140396032,0.7,0.015971121,1,0.245827011,0,1,1,9,1
"Broadway An Alivaa Collection Hotel, near Connaught Place",15044408,Delhi,Unknown,Booking.com,4379.9847,4379.9847,9.1,20,3,Hotel,28.64115624,77.2362911,05-07-2026,06-07-2026,1,49:34.6,booking,Superb,1.55,1,FALSE,FALSE,FALSE,FALSE,0,FALSE,Mid-Range,FALSE,0.097571623,0.871428571,0.000519608,0.6,0.025796662,0,1,1,9,2
"Hotel Samrat, New Delhi",1152679,Delhi,Unknown,Booking.com,11210.0001,11210.0001,6.2,507,4,Hotel,28.59639136,77.1977395,05-07-2026,06-07-2026,1,49:34.6,booking,Pleasant,4.95,1,FALSE,FALSE,FALSE,FALSE,0,FALSE,Luxury,TRUE,0.249909669,0.457142857,0.013837992,0.8,0.128983308,0,1,1,9,1
ONEOFF - The South Delhi Edition,16123407,Delhi,Unknown,Booking.com,5040,5040,10,3,3,Hotel,28.5482109,77.2379714,05-07-2026,06-07-2026,1,49:34.6,booking,Exceptional,9.8,1,FALSE,FALSE,FALSE,FALSE,0,FALSE,Mid-Range,TRUE,0.112292737,1,5.47E-05,0.6,0.276176024,0,1,1,9,2
Hotel IVY Near Delhi Airport,16099806,Delhi,Unknown,Booking.com,5711.58,5711.58,8.6,90,3,Hotel,28.5415904,77.1269438,05-07-2026,06-07-2026,1,49:34.6,booking,Fabulous,14,1,FALSE,FALSE,FALSE,FALSE,0,FALSE,Mid-Range,FALSE,0.127271794,0.8,0.002433955,0.6,0.403641882,0,1,1,9,2
Hotel The Viking - Near New Delhi Railway & Connaught Place,13323902,Delhi,Unknown,Booking.com,2107.35,2107.35,8.6,708,4,Hotel,28.64209923,77.21061616,05-07-2026,06-07-2026,1,49:34.6,booking,Fabulous,1.45,1,FALSE,FALSE,FALSE,FALSE,0,FALSE,Mid-Range,FALSE,0.046882318,0.8,0.019334901,0.8,0.02276176,0,1,1,9,2
"Ambassador, New Delhi - IHCL SeleQtions",74738,Delhi,Unknown,Booking.com,10620.0001,10620.0001,8.1,995,5,Hotel,28.60177038,77.22911507,05-07-2026,06-07-2026,1,49:34.6,booking,Very good,3.75,1,FALSE,FALSE,FALSE,FALSE,0,FALSE,Luxury,TRUE,0.236750189,0.728571429,0.027183723,1,0.092564492,0,1,1,9,1
"Svelte Delhi, a member of Radisson Individuals",283287,Delhi,Unknown,Booking.com,7276.5,7276.5,7.8,602,4,Hotel,28.52847231,77.21863568,05-07-2026,06-07-2026,0,49:34.6,booking,Good,11.85,1,FALSE,FALSE,FALSE,FALSE,0,FALSE,Luxury,FALSE,0.162176086,0.685714286,0.016436033,0.8,0.338391502,0,1,1,9,1
Radisson Blu Hotel New Delhi Paschim Vihar,424419,Delhi,Unknown,Booking.com,10593.4501,10593.4501,6.7,1501,5,Hotel,28.66722545,77.09124684,05-07-2026,06-07-2026,0,49:34.6,booking,Pleasant,13.35,1,FALSE,FALSE,FALSE,FALSE,0,FALSE,Luxury,FALSE,0.236158013,0.528571429,0.041021714,1,0.383915023,0,1,1,9,1
Sheraton New Delhi Hotel,1297132,Delhi,Unknown,Booking.com,10384.0001,10384.0001,8.8,827,5,Hotel,28.5266994,77.21603465,05-07-2026,06-07-2026,1,49:34.6,booking,Fabulous,12.05,1,FALSE,FALSE,FALSE,FALSE,0,FALSE,Luxury,FALSE,0.231486397,0.828571429,0.022589291,1,0.344461305,0,1,1,9,1
The Grand New Delhi,270529,Delhi,Unknown,Booking.com,11097.9001,11097.9001,7.7,502,5,Hotel,28.53892067,77.1512264,05-07-2026,06-07-2026,1,49:34.6,booking,Good,12.75,1,FALSE,FALSE,FALSE,FALSE,0,FALSE,Luxury,FALSE,0.247409367,0.671428571,0.013701253,1,0.365705615,0,1,1,9,1
"HOTEL TASHKENT PALACE - Budget Friendly, Near R K Ashram Metro Station",1997789,Delhi,Unknown,Booking.com,1098.048,1098.048,7.4,1213,3,Hotel,28.64368384,77.21109331,05-07-2026,06-07-2026,1,49:34.6,booking,Good,1.5,1,FALSE,FALSE,FALSE,FALSE,0,FALSE,Budget,FALSE,0.024370642,0.628571429,0.033145545,0.6,0.024279211,0,1,1,9,0
"Hotel Darbar Comfort Inn Near Lullu Mall, Kukatpally",15951676,Hyderabad,Unknown,Booking.com,1606.185,1606.185,8,8,3,Hotel,17.4850391,78.3867773,05-07-2026,06-07-2026,1,49:38.8,booking,Very good,9.4,1,FALSE,FALSE,FALSE,FALSE,0,FALSE,Budget,FALSE,0.035704233,0.714285714,0.000191435,0.6,0.264036419,0,2,1,9,0
Star Guest House,16600802,Hyderabad,Unknown,Booking.com,840,840,7.9,506,0,Guest house,17.4673301,78.3667469,05-07-2026,06-07-2026,1,49:38.8,booking,,9.5,1,FALSE,FALSE,FALSE,FALSE,0,FALSE,Budget,FALSE,0.018615087,0.7,0.013810644,0,0.26707132,0,2,1,5,0
Super Townhouse Nanak Ram Guda Near WaveRock SEZ,11987045,Hyderabad,Unknown,Booking.com,1395.5125,1395.5125,7.2,203,4,Hotel,17.41788838,78.35041255,05-07-2026,06-07-2026,1,49:38.8,booking,Good,9.35,1,FALSE,FALSE,FALSE,FALSE,0,FALSE,Budget,TRUE,0.031005351,0.6,0.005524258,0.8,0.262518968,0,2,1,9,0
Hotel V,16301824,Hyderabad,Unknown,Booking.com,4209.975,4209.975,7.9,506,3,Hotel,17.4710905,78.3543701,05-07-2026,06-07-2026,1,49:38.8,booking,,10.8,1,FALSE,FALSE,FALSE,FALSE,0,FALSE,Mid-Range,FALSE,0.093779692,0.7,0.013810644,0.6,0.306525038,0,2,1,9,2
Oakwood Residence Kapil Hyderabad,1345305,Hyderabad,Unknown,Booking.com,10030.0001,10030.0001,8.7,679,5,Hotel,17.42153266,78.33877981,05-07-2026,06-07-2026,1,49:38.8,booking,Fabulous,10.6,1,FALSE,FALSE,FALSE,FALSE,0,FALSE,Luxury,FALSE,0.22359071,0.814285714,0.018541815,1,0.300455235,0,2,1,9,1
Novotel Hyderabad Airport,191710,Hyderabad,Unknown,Booking.com,11298.5001,11298.5001,8.1,844,5,Hotel,17.24260876,78.45395923,05-07-2026,06-07-2026,0,49:38.8,booking,Very good,19.45,1,FALSE,FALSE,FALSE,FALSE,0,FALSE,Luxury,FALSE,0.25188359,0.728571429,0.023054203,1,0.569044006,0,2,1,9,1
Trident Hyderabad,572271,Hyderabad,Unknown,Booking.com,25016.0002,25016.0002,9.2,911,5,Hotel,17.44987919,78.37903976,05-07-2026,06-07-2026,1,49:38.8,booking,Superb,7.35,1,FALSE,FALSE,FALSE,FALSE,0,FALSE,Luxury,FALSE,0.557841489,0.885714286,0.024886507,1,0.201820941,0,2,1,9,1
IndiGo Line Hotel- Banjara Hills X Road- Beside Paradise Biryani Restaurant,11288710,Hyderabad,Unknown,Booking.com,2079,2079,9.9,19,3,Hotel,17.40385728,78.45340677,05-07-2026,06-07-2026,1,49:38.8,booking,Exceptional,2.15,1,FALSE,FALSE,FALSE,FALSE,0,FALSE,Mid-Range,FALSE,0.046249994,0.985714286,0.000492261,0.6,0.04400607,0,2,1,9,2
"The Park Hyderabad, Banjara Hills near Hussain Sagar Lake",256139,Hyderabad,Unknown,Booking.com,12213.0001,12213.0001,9,2027,5,Hotel,17.42341086,78.46258655,05-07-2026,06-07-2026,1,49:38.8,booking,Superb,2.7,1,FALSE,FALSE,FALSE,FALSE,0,FALSE,Luxury,FALSE,0.272280784,0.857142857,0.055406662,1,0.060698027,0,2,1,9,1
The Leela Hyderabad Banjara Hills,12140663,Hyderabad,Unknown,Booking.com,13275.0001,13275.0001,9.2,411,5,Hotel,17.42704083,78.43904485,05-07-2026,06-07-2026,1,49:38.8,booking,Superb,1.2,1,FALSE,FALSE,FALSE,FALSE,0,FALSE,Luxury,FALSE,0.295967847,0.885714286,0.011212602,1,0.015174507,0,2,1,9,1
Hilton Hyderabad Genome Valley Resort & Spa,14950620,Hyderabad,Unknown,Booking.com,19352.0001,19352.0001,8.9,21,5,Hotel,17.679585,78.595104,05-07-2026,06-07-2026,0,49:38.8,booking,Fabulous,33.65,1,FALSE,FALSE,FALSE,FALSE,0,FALSE,Luxury,FALSE,0.431510485,0.842857143,0.000546956,1,1,0,2,1,9,1
2BHK AC Hitech City-Enjoy like your home Affordable Comfortable,14252256,Hyderabad,Unknown,Booking.com,2079,2079,7.7,19,0,Apartment,17.491026,78.381894,05-07-2026,06-07-2026,1,49:38.8,booking,Good,10.25,1,FALSE,FALSE,FALSE,FALSE,0,FALSE,Mid-Range,FALSE,0.046249994,0.671428571,0.000492261,0,0.28983308,0,2,1,1,2
Hotel Velvet Stay Near DLF Cyber City,15400705,Hyderabad,Unknown,Booking.com,1842.141,1842.141,7.3,48,0,Homestay,17.4539699,78.3648008,05-07-2026,06-07-2026,1,49:38.8,booking,Good,8.85,1,FALSE,FALSE,FALSE,FALSE,0,FALSE,Budget,FALSE,0.040967043,0.614285714,0.001285347,0,0.247344461,0,2,1,7,0
Itsy Hotels Aflah,2892756,Hyderabad,Unknown,Booking.com,1513.806,1513.806,7,133,3,Hotel,17.39220426,78.46381672,05-07-2026,06-07-2026,1,49:38.8,booking,Good,3.85,1,FALSE,FALSE,FALSE,FALSE,0,FALSE,Budget,FALSE,0.033643793,0.571428571,0.003609911,0.6,0.095599393,0,2,1,9,0
Taj Krishna,74737,Hyderabad,Unknown,Booking.com,10620.0001,10620.0001,8.3,760,5,Hotel,17.41635107,78.44932437,05-07-2026,06-07-2026,1,49:38.8,booking,Very good,1.2,1,FALSE,FALSE,FALSE,FALSE,0,FALSE,Luxury,TRUE,0.236750189,0.757142857,0.020756987,1,0.015174507,0,2,1,9,1
White Ridge Premium - Kondapur,15813004,Hyderabad,Unknown,Booking.com,1171.4115,1171.4115,7.2,19,0,Hotel,17.469958,78.3581659,05-07-2026,06-07-2026,0,49:38.8,booking,Good,10.4,1,FALSE,FALSE,FALSE,FALSE,0,FALSE,Budget,TRUE,0.026006957,0.6,0.000492261,0,0.294385432,0,2,1,9,0
Frenotel,12888590,Hyderabad,Unknown,Booking.com,2126.25,2126.25,7.5,103,0,Hotel,17.43570634,78.48368826,05-07-2026,06-07-2026,0,49:38.8,booking,Good,5.3,1,FALSE,FALSE,FALSE,FALSE,0,FALSE,Mid-Range,TRUE,0.047303868,0.642857143,0.002789477,0,0.139605463,0,2,1,9,2
"ITC Kohenur, a Luxury Collection Hotel, Hyderabad",3456960,Hyderabad,Unknown,Booking.com,25960.0002,25960.0002,8.9,441,5,Hotel,17.432719,78.385536,05-07-2026,06-07-2026,1,49:38.8,booking,Fabulous,5.9,1,FALSE,FALSE,FALSE,FALSE,0,FALSE,Luxury,TRUE,0.578896656,0.842857143,0.012033036,1,0.157814871,0,2,1,9,1
Avasa Hotel,418656,Hyderabad,Unknown,Booking.com,16461.0001,16461.0001,8.4,485,5,Hotel,17.4498229,78.38214844,05-07-2026,06-07-2026,1,49:38.8,booking,Very good,7.05,1,FALSE,FALSE,FALSE,FALSE,0,FALSE,Luxury,TRUE,0.367029035,0.771428571,0.01323634,1,0.192716237,0,2,1,9,1
The Itihas Business Hotel Hitech City,16198265,Hyderabad,Unknown,Booking.com,1932,1932,10,12,0,Hotel,17.4472718,78.3923032,05-07-2026,06-07-2026,1,49:38.8,booking,Exceptional,6,1,FALSE,FALSE,FALSE,FALSE,0,FALSE,Budget,FALSE,0.042971276,1,0.000300826,0,0.160849772,0,2,1,9,0
Taj Krishna,74737,Hyderabad,Unknown,Booking.com,10620.0001,10620.0001,8.3,760,5,Hotel,17.41635107,78.44932437,05-07-2026,06-07-2026,1,49:42.8,booking,Very good,1.2,1,FALSE,FALSE,FALSE,FALSE,0,FALSE,Luxury,TRUE,0.236750189,0.757142857,0.020756987,1,0.015174507,0,2,1,9,1
Hyderabad Marriott Hotel & Convention Centre,237300,Hyderabad,Unknown,Booking.com,12980.0001,12980.0001,8.4,740,5,Hotel,17.42411564,78.48764241,05-07-2026,06-07-2026,1,49:42.8,booking,Very good,5.3,1,FALSE,FALSE,FALSE,FALSE,0,FALSE,Luxury,FALSE,0.289388107,0.771428571,0.020210031,1,0.139605463,0,2,1,9,1
Frenotel,12888590,Hyderabad,Unknown,Booking.com,2126.25,2126.25,7.5,103,0,Hotel,17.43570634,78.48368826,05-07-2026,06-07-2026,0,49:42.8,booking,Good,5.3,1,FALSE,FALSE,FALSE,FALSE,0,FALSE,Mid-Range,TRUE,0.047303868,0.642857143,0.002789477,0,0.139605463,0,2,1,9,2
"ITC Kohenur, a Luxury Collection Hotel, Hyderabad",3456960,Hyderabad,Unknown,Booking.com,25960.0002,25960.0002,8.9,441,5,Hotel,17.432719,78.385536,05-07-2026,06-07-2026,1,49:42.8,booking,Fabulous,5.9,1,FALSE,FALSE,FALSE,FALSE,0,FALSE,Luxury,TRUE,0.578896656,0.842857143,0.012033036,1,0.157814871,0,2,1,9,1
Avasa Hotel,418656,Hyderabad,Unknown,Booking.com,16461.0001,16461.0001,8.4,485,5,Hotel,17.4498229,78.38214844,05-07-2026,06-07-2026,1,49:42.8,booking,Very good,7.05,1,FALSE,FALSE,FALSE,FALSE,0,FALSE,Luxury,TRUE,0.367029035,0.771428571,0.01323634,1,0.192716237,0,2,1,9,1
"Treebo S3 Suites, Manikonda",14204606,Hyderabad,Unknown,Booking.com,2509.8255,2509.8255,8.4,38,3,Hotel,17.39640707,78.36994551,05-07-2026,06-07-2026,1,49:42.8,booking,Very good,7.65,1,FALSE,FALSE,FALSE,FALSE,0,FALSE,Mid-Range,TRUE,0.055859213,0.771428571,0.001011869,0.6,0.210925645,0,2,1,9,2
Holiday Inn Express Hyderabad Banjara Hills by IHG,2480984,Hyderabad,Unknown,Booking.com,3884.16,3884.16,5.9,812,3,Hotel,17.417201,78.453985,05-07-2026,06-07-2026,1,49:42.8,booking,Okay,1.7,1,FALSE,FALSE,FALSE,FALSE,0,FALSE,Mid-Range,TRUE,0.086512648,0.414285714,0.022179073,0.6,0.030349014,0,2,1,9,2
Taj Falaknuma Palace,317531,Hyderabad,Unknown,Booking.com,31860.0002,31860.0002,9.3,190,5,Hotel,17.33211211,78.46751511,05-07-2026,06-07-2026,1,49:42.8,booking,Superb,9.9,1,FALSE,FALSE,FALSE,FALSE,0,TRUE,Luxury,FALSE,0.710491451,0.9,0.005168736,1,0.279210926,0,2,1,9,1
Hotel Galadari Hyderabad Airport,15969974,Hyderabad,Unknown,Booking.com,3192,3192,9,20,3,Hotel,17.24094391,78.41270653,05-07-2026,06-07-2026,1,49:42.8,booking,Superb,19.75,1,FALSE,FALSE,FALSE,FALSE,0,FALSE,Mid-Range,FALSE,0.071074571,0.857142857,0.000519608,0.6,0.57814871,0,2,1,9,2
White Ridge Premium - Kondapur,15813004,Hyderabad,Unknown,Booking.com,1171.4115,1171.4115,7.2,19,0,Hotel,17.469958,78.3581659,05-07-2026,06-07-2026,0,49:42.8,booking,Good,10.4,1,FALSE,FALSE,FALSE,FALSE,0,FALSE,Budget,TRUE,0.026006957,0.6,0.000492261,0,0.294385432,0,2,1,9,0
"Park Hyatt Hotel and Residences, Hyderabad",472041,Hyderabad,Unknown,Booking.com,15600.0001,15600.0001,8.8,364,5,Hotel,17.42438691,78.42971206,05-07-2026,06-07-2026,1,49:42.8,booking,Fabulous,1.3,1,FALSE,FALSE,FALSE,FALSE,0,FALSE,Luxury,FALSE,0.347825117,0.828571429,0.009927255,1,0.018209408,0,2,1,9,1
Hotel Imperial Classic,1419019,Hyderabad,Unknown,Booking.com,1732.5,1732.5,7,159,3,Hotel,17.39839995,78.49566042,05-07-2026,06-07-2026,1,49:42.8,booking,Good,6.45,1,FALSE,FALSE,FALSE,FALSE,0,FALSE,Budget,FALSE,0.038521588,0.571428571,0.004320954,0.6,0.174506829,0,2,1,9,0
Greenpark Hyderabad,288451,Hyderabad,Unknown,Booking.com,7826.301,7826.301,8.4,460,4,Hotel,17.43647073,78.45395923,05-07-2026,06-07-2026,1,49:42.8,booking,Very good,2.8,1,FALSE,FALSE,FALSE,FALSE,0,FALSE,Luxury,FALSE,0.174438959,0.771428571,0.012552645,0.8,0.063732929,0,2,1,9,1
Marigold Hotel,418191,Hyderabad,Unknown,Booking.com,11947.5001,11947.5001,8.8,480,5,Hotel,17.43756748,78.45698276,05-07-2026,06-07-2026,1,49:42.8,booking,Fabulous,3.1,1,FALSE,FALSE,FALSE,FALSE,0,FALSE,Luxury,FALSE,0.266359018,0.828571429,0.013099601,1,0.072837633,0,2,1,9,1
Luxor Park Service Apartment,7859124,Hyderabad,Unknown,Booking.com,2362.5,2362.5,7.9,86,3,Hotel,17.438048,78.38982,05-07-2026,06-07-2026,1,49:42.8,booking,Good,5.7,1,FALSE,FALSE,FALSE,FALSE,0,FALSE,Mid-Range,FALSE,0.052573235,0.7,0.002324564,0.6,0.151745068,0,2,1,9,2
Hotel Tulips Grand,13277834,Hyderabad,Unknown,Booking.com,4513.95,4513.95,7.5,20,4,Hotel,17.41325916,78.6062252,05-07-2026,06-07-2026,1,49:42.8,booking,Good,17.85,1,FALSE,FALSE,FALSE,FALSE,0,FALSE,Mid-Range,TRUE,0.100559612,0.642857143,0.000519608,0.8,0.520485584,0,2,1,9,2
Palladium Luxury Suites Financial District Unit II,10929897,Hyderabad,Unknown,Booking.com,3150,3150,8.6,41,3,Hotel,17.43438164,78.31416841,05-07-2026,06-07-2026,1,49:42.8,booking,Fabulous,13.35,1,FALSE,FALSE,FALSE,FALSE,0,FALSE,Mid-Range,TRUE,0.070137795,0.8,0.001093912,0.6,0.383915023,0,2,1,9,2
Hotel TOS Residency Jubilee hills,15727189,Hyderabad,Unknown,Booking.com,4149.054,4149.054,7.7,20,4,Hotel,17.42973828,78.42927817,05-07-2026,06-07-2026,1,49:42.8,booking,Good,1.8,1,FALSE,FALSE,FALSE,FALSE,0,FALSE,Mid-Range,FALSE,0.092420898,0.671428571,0.000519608,0.8,0.033383915,0,2,1,9,2
The RETINUE HOME STAY,16591263,Hyderabad,Unknown,Booking.com,2625,2625,7.9,506,0,Homestay,17.5168945,78.4863435,05-07-2026,06-07-2026,1,49:42.8,booking,,12.3,1,FALSE,FALSE,FALSE,FALSE,0,FALSE,Mid-Range,FALSE,0.058428089,0.7,0.013810644,0,0.352048558,0,2,1,7,2
"Mercure Hyderabad KCP Banjara Hills, An Accor Hotel",1519821,Hyderabad,Unknown,Booking.com,5801.25,5801.25,8.4,1138,4,Hotel,17.41764317,78.45686167,05-07-2026,06-07-2026,0,49:42.8,booking,Very good,2,1,FALSE,FALSE,FALSE,FALSE,0,FALSE,Mid-Range,FALSE,0.129271812,0.771428571,0.031094459,0.8,0.039453718,0,2,1,9,2
Treebo De Alphabet Nagole,11489437,Hyderabad,Unknown,Booking.com,2335.473,2335.473,6.6,37,3,Hotel,17.39236503,78.55850807,05-07-2026,06-07-2026,1,49:47.0,booking,Pleasant,13.05,1,FALSE,FALSE,FALSE,FALSE,0,FALSE,Mid-Range,FALSE,0.05197042,0.514285714,0.000984521,0.6,0.374810319,0,2,1,9,2
Radisson Blu Plaza Hotel Hyderabad Banjara Hills,421811,Hyderabad,Unknown,Booking.com,17655.7501,17655.7501,8,1607,5,Hotel,17.42227818,78.44161838,05-07-2026,06-07-2026,1,49:47.0,booking,Very good,0.75,1,FALSE,FALSE,FALSE,FALSE,0,FALSE,Luxury,FALSE,0.393676981,0.714285714,0.043920582,1,0.001517451,0,2,1,9,1
Hotel O Madhapur VIP Hills,12259658,Hyderabad,Unknown,Booking.com,1158.013,1158.013,5.6,214,4,Hotel,17.44744,78.38528,05-07-2026,06-07-2026,1,49:47.0,booking,Okay,6.6,1,FALSE,FALSE,FALSE,FALSE,0,FALSE,Budget,FALSE,0.025708114,0.371428571,0.005825083,0.8,0.179059181,0,2,1,9,0
Hotel Windsor Plaza,11777876,Hyderabad,Unknown,Booking.com,2646,2646,7.2,59,3,Hotel,17.4322612,78.3681121,05-07-2026,06-07-2026,1,49:47.0,booking,Good,7.7,1,FALSE,FALSE,FALSE,FALSE,0,FALSE,Mid-Range,FALSE,0.058896477,0.6,0.001586173,0.6,0.212443096,0,2,1,9,2
Wildwings hotel,12876668,Hyderabad,Unknown,Booking.com,1511.055,1511.055,7.7,59,0,Hotel,17.4375124,78.36881872,05-07-2026,06-07-2026,1,49:47.0,booking,Good,7.75,1,FALSE,FALSE,FALSE,FALSE,0,FALSE,Budget,FALSE,0.033582434,0.671428571,0.001586173,0,0.213960546,0,2,1,9,0
Atlas Homes 1BHK Homestays,8231108,Hyderabad,Unknown,Booking.com,3045,3045,10,3,0,Apartment,17.47457829,78.38717516,05-07-2026,06-07-2026,0,49:47.0,booking,Exceptional,8.45,1,FALSE,FALSE,FALSE,FALSE,0,FALSE,Mid-Range,FALSE,0.067795854,1,5.47E-05,0,0.235204856,0,2,1,1,2
"FabHotel Prime Cozy - Nr Yashoda Hospital, Hitech City",13964596,Hyderabad,Unknown,Booking.com,2075.955,2075.955,7.1,136,3,Hotel,17.45099384,78.39514929,05-07-2026,06-07-2026,1,49:47.0,booking,Good,6,1,FALSE,FALSE,FALSE,FALSE,0,FALSE,Mid-Range,TRUE,0.046182078,0.585714286,0.003691954,0.6,0.160849772,0,2,1,9,2
DraperU India Formerly Draper Startup House Hyderabad,11218630,Hyderabad,Unknown,Booking.com,3197.25,3197.25,8.5,187,0,Hostel,17.44256152,78.35849412,05-07-2026,06-07-2026,1,49:47.0,booking,Very good,9,1,FALSE,FALSE,FALSE,FALSE,0,FALSE,Mid-Range,TRUE,0.071191668,0.785714286,0.005086693,0,0.251896813,0,2,1,8,2
Fairfield by Marriott Hyderabad Gachibowli,907768,Hyderabad,Unknown,Booking.com,12447.8201,12447.8201,7.6,617,4,Hotel,17.42365779,78.34739664,05-07-2026,06-07-2026,1,49:47.0,booking,Good,9.7,1,FALSE,FALSE,FALSE,FALSE,0,FALSE,Luxury,FALSE,0.277518256,0.657142857,0.016846251,0.8,0.273141123,0,2,1,9,1
"The Vantage Inn, near US Consulate Gachibowli Hyderabad",12034545,Hyderabad,Unknown,Booking.com,4410,4410,8.8,355,3,Hotel,17.42624413,78.32885442,05-07-2026,06-07-2026,1,49:47.0,booking,Fabulous,11.7,1,FALSE,FALSE,FALSE,FALSE,0,FALSE,Mid-Range,FALSE,0.09824109,0.828571429,0.009681125,0.6,0.33383915,0,2,1,9,2
Palladium Luxury Suites Financial District Unit II,10929897,Hyderabad,Unknown,Booking.com,3150,3150,8.6,41,3,Hotel,17.43438164,78.31416841,05-07-2026,06-07-2026,1,49:47.0,booking,Fabulous,13.35,1,FALSE,FALSE,FALSE,FALSE,0,FALSE,Mid-Range,TRUE,0.070137795,0.8,0.001093912,0.6,0.383915023,0,2,1,9,2
Hyatt Hyderabad Gachibowli,593675,Hyderabad,Unknown,Booking.com,12213.0001,12213.0001,8.4,198,5,Hotel,17.41819627,78.34235117,05-07-2026,06-07-2026,0,49:47.0,booking,Very good,10.2,1,FALSE,FALSE,FALSE,FALSE,0,FALSE,Luxury,TRUE,0.272280784,0.771428571,0.005387518,1,0.28831563,0,2,1,9,1
"NK Luxe Apartments - Full Furnished 2BHKs, Free Wifi, Smart TV, Central Location",16200808,Hyderabad,Unknown,Booking.com,3298.05,3298.05,7.9,506,0,Apartment,17.40782212,78.39810978,05-07-2026,06-07-2026,0,49:47.0,booking,,4.4,1,FALSE,FALSE,FALSE,FALSE,0,FALSE,Mid-Range,TRUE,0.073439932,0.7,0.013810644,0,0.112291351,0,2,1,1,2
Super Townhouse RCC Hotel Banjara Hills,10997137,Hyderabad,Unknown,Booking.com,2259.4015,2259.4015,7.8,355,3,Hotel,17.413034,78.44937,05-07-2026,06-07-2026,1,49:47.0,booking,Good,1.25,1,FALSE,FALSE,FALSE,FALSE,0,FALSE,Mid-Range,TRUE,0.050273706,0.685714286,0.009681125,0.6,0.016691958,0,2,1,9,2
Daspalla Hyderabad,288515,Hyderabad,Unknown,Booking.com,7770,7770,8.3,293,4,Hotel,17.43707976,78.39837044,05-07-2026,06-07-2026,1,49:47.0,booking,Very good,4.85,1,FALSE,FALSE,FALSE,FALSE,0,FALSE,Luxury,FALSE,0.17318321,0.757142857,0.00798556,0.8,0.125948407,0,2,1,9,1
Hotel ORIGIN Hyderabad Airport,11585168,Hyderabad,Unknown,Booking.com,2810.7555,2810.7555,6.1,308,4,Hotel,17.24082569,78.4388344,05-07-2026,06-07-2026,0,49:47.0,booking,Pleasant,19.55,1,FALSE,FALSE,FALSE,FALSE,0,FALSE,Mid-Range,TRUE,0.062571217,0.442857143,0.008395777,0.8,0.572078907,0,2,1,9,2
Sheraton Hyderabad Hotel,1345615,Hyderabad,Unknown,Booking.com,12980.0001,12980.0001,8.3,283,5,Hotel,17.42164867,78.33740272,05-07-2026,06-07-2026,1,49:47.0,booking,Very good,10.75,1,FALSE,FALSE,FALSE,FALSE,0,FALSE,Luxury,TRUE,0.289388107,0.757142857,0.007712082,1,0.305007587,0,2,1,9,1
Hotel Silver Cle Hitech City Madhapur,10086628,Hyderabad,Unknown,Booking.com,4016.25,4016.25,8.3,666,3,Hotel,17.44005384,78.38715818,05-07-2026,06-07-2026,1,49:47.0,booking,Very good,6.05,1,FALSE,FALSE,FALSE,FALSE,0,FALSE,Mid-Range,FALSE,0.08945881,0.757142857,0.018186293,0.6,0.162367223,0,2,1,9,2
Hotel Grand Stay Park Near Ameerpet Metro Station & GVK One Mall,14803127,Hyderabad,Unknown,Booking.com,2771.4435,2771.4435,7.2,58,0,Guest house,17.4392571,78.4516799,05-07-2026,06-07-2026,1,49:47.0,booking,Good,2.9,1,FALSE,FALSE,FALSE,FALSE,0,FALSE,Mid-Range,TRUE,0.061694394,0.6,0.001558825,0,0.06676783,0,2,1,5,2
Hotel Tulips Grand,14220880,Hyderabad,Unknown,Booking.com,6519.555,6519.555,8,19,3,Hotel,17.5456289,78.4341826,05-07-2026,06-07-2026,1,49:47.0,booking,Very good,14.4,1,FALSE,FALSE,FALSE,FALSE,0,FALSE,Luxury,TRUE,0.145293032,0.714285714,0.000492261,0.6,0.415781487,0,2,1,9,1
"FabHotel Prime Cozy - Nr Yashoda Hospital, Hitech City",13964596,Hyderabad,Unknown,Booking.com,2075.955,2075.955,7.1,136,3,Hotel,17.45099384,78.39514929,05-07-2026,06-07-2026,1,49:51.0,booking,Good,6,1,FALSE,FALSE,FALSE,FALSE,0,FALSE,Mid-Range,TRUE,0.046182078,0.585714286,0.003691954,0.6,0.160849772,0,2,1,9,2
DraperU India Formerly Draper Startup House Hyderabad,11218630,Hyderabad,Unknown,Booking.com,3197.25,3197.25,8.5,187,0,Hostel,17.44256152,78.35849412,05-07-2026,06-07-2026,1,49:51.0,booking,Very good,9,1,FALSE,FALSE,FALSE,FALSE,0,FALSE,Mid-Range,TRUE,0.071191668,0.785714286,0.005086693,0,0.251896813,0,2,1,8,2
Treebo Tee,7053315,Hyderabad,Unknown,Booking.com,2170.7175,2170.7175,7.9,102,3,Hotel,17.33991863,78.56467691,05-07-2026,06-07-2026,1,49:51.0,booking,Good,15.9,1,FALSE,FALSE,FALSE,FALSE,0,FALSE,Mid-Range,FALSE,0.04829568,0.7,0.002762129,0.6,0.461305008,0,2,1,9,2
Sunrise Hotel Shamshabad,14923694,Hyderabad,Unknown,Booking.com,1574.0445,1574.0445,8,62,3,Hotel,17.25911588,78.38254176,05-07-2026,06-07-2026,1,49:51.0,booking,Very good,18.5,1,FALSE,FALSE,FALSE,FALSE,0,FALSE,Budget,FALSE,0.034987364,0.714285714,0.001668216,0.6,0.540212443,0,2,1,9,0
Super Collection O Erragadda Metro Station Formerly Golden Gate,15136570,Hyderabad,Unknown,Booking.com,1277.0635,1277.0635,7.5,32,3,Hotel,17.4579158,78.4469253,05-07-2026,06-07-2026,1,49:51.0,booking,Good,4.7,1,FALSE,FALSE,FALSE,FALSE,0,FALSE,Budget,TRUE,0.02836344,0.642857143,0.000847782,0.6,0.121396055,0,2,1,9,0
Hyatt Hyderabad Gachibowli,593675,Hyderabad,Unknown,Booking.com,12213.0001,12213.0001,8.4,198,5,Hotel,17.41819627,78.34235117,05-07-2026,06-07-2026,0,49:51.0,booking,Very good,10.2,1,FALSE,FALSE,FALSE,FALSE,0,FALSE,Luxury,TRUE,0.272280784,0.771428571,0.005387518,1,0.28831563,0,2,1,9,1
"Treebo Purva Crest, Gachibowli DLF",11478811,Hyderabad,Unknown,Booking.com,3154.557,3154.557,8.6,221,3,Hotel,17.4476748,78.36017529,05-07-2026,06-07-2026,1,49:51.0,booking,Fabulous,9,1,FALSE,FALSE,FALSE,FALSE,0,FALSE,Mid-Range,FALSE,0.070239435,0.8,0.006016518,0.6,0.251896813,0,2,1,9,2
"NK Luxe Apartments - Full Furnished 2BHKs, Free Wifi, Smart TV, Central Location",16200808,Hyderabad,Unknown,Booking.com,3298.05,3298.05,7.9,506,0,Apartment,17.40782212,78.39810978,05-07-2026,06-07-2026,0,49:51.0,booking,,4.4,1,FALSE,FALSE,FALSE,FALSE,0,FALSE,Mid-Range,TRUE,0.073439932,0.7,0.013810644,0,0.112291351,0,2,1,1,2
Lemon Tree Premier Hitec City Hyderabad,265458,Hyderabad,Unknown,Booking.com,10109.8625,10109.8625,7.5,369,5,Hotel,17.4432672,78.37667406,05-07-2026,06-07-2026,1,49:51.0,booking,Good,7.2,1,FALSE,FALSE,FALSE,FALSE,0,FALSE,Luxury,FALSE,0.225371977,0.642857143,0.010063994,1,0.197268589,0,2,1,9,1
Super Townhouse RCC Hotel Banjara Hills,10997137,Hyderabad,Unknown,Booking.com,2114.89,2114.89,7.8,355,3,Hotel,17.413034,78.44937,05-07-2026,06-07-2026,1,49:51.0,booking,Good,1.25,1,FALSE,FALSE,FALSE,FALSE,0,FALSE,Mid-Range,TRUE,0.047050492,0.685714286,0.009681125,0.6,0.016691958,0,2,1,9,2
Hotel ORIGIN Hyderabad Airport,11585168,Hyderabad,Unknown,Booking.com,2810.7555,2810.7555,6.1,308,4,Hotel,17.24082569,78.4388344,05-07-2026,06-07-2026,0,49:51.0,booking,Pleasant,19.55,1,FALSE,FALSE,FALSE,FALSE,0,FALSE,Mid-Range,TRUE,0.062571217,0.442857143,0.008395777,0.8,0.572078907,0,2,1,9,2
Courtyard by Marriott Hyderabad,254126,Hyderabad,Unknown,Booking.com,13570.0001,13570.0001,8.4,656,5,Hotel,17.42359102,78.48761827,05-07-2026,06-07-2026,1,49:51.0,booking,Very good,5.3,1,FALSE,FALSE,FALSE,FALSE,0,FALSE,Luxury,FALSE,0.302547586,0.771428571,0.017912815,1,0.139605463,0,2,1,9,1
Sheraton Hyderabad Hotel,1345615,Hyderabad,Unknown,Booking.com,12980.0001,12980.0001,8.3,283,5,Hotel,17.42164867,78.33740272,05-07-2026,06-07-2026,1,49:51.0,booking,Very good,10.75,1,FALSE,FALSE,FALSE,FALSE,0,FALSE,Luxury,TRUE,0.289388107,0.757142857,0.007712082,1,0.305007587,0,2,1,9,1
Yellow Sapphire Hotel DLF Cyber City,16119832,Hyderabad,Unknown,Booking.com,1803.019,1803.019,9.3,13,3,Hotel,17.449531,78.3559111,05-07-2026,06-07-2026,1,49:51.0,booking,Superb,9.5,1,FALSE,FALSE,FALSE,FALSE,0,FALSE,Budget,FALSE,0.040094458,0.9,0.000328174,0.6,0.26707132,0,2,1,9,0
Hotel Grand Stay Park Near Ameerpet Metro Station & GVK One Mall,14803127,Hyderabad,Unknown,Booking.com,2729.454,2729.454,7.2,58,0,Guest house,17.4392571,78.4516799,05-07-2026,06-07-2026,1,49:51.0,booking,Good,2.9,1,FALSE,FALSE,FALSE,FALSE,0,FALSE,Mid-Range,TRUE,0.060757852,0.6,0.001558825,0,0.06676783,0,2,1,5,2
"Treebo S3 Suites, Manikonda",14204606,Hyderabad,Unknown,Booking.com,2509.8255,2509.8255,8.4,38,3,Hotel,17.39640707,78.36994551,05-07-2026,06-07-2026,1,49:51.0,booking,Very good,7.65,1,FALSE,FALSE,FALSE,FALSE,0,FALSE,Mid-Range,TRUE,0.055859213,0.771428571,0.001011869,0.6,0.210925645,0,2,1,9,2
Hotel Tulips Grand,14220880,Hyderabad,Unknown,Booking.com,6519.555,6519.555,8,19,3,Hotel,17.5456289,78.4341826,05-07-2026,06-07-2026,1,49:51.0,booking,Very good,14.4,1,FALSE,FALSE,FALSE,FALSE,0,FALSE,Luxury,TRUE,0.145293032,0.714285714,0.000492261,0.6,0.415781487,0,2,1,9,1
Super Collection O Manikonda,13619362,Hyderabad,Unknown,Booking.com,1217.474,1217.474,8.1,23,3,Hotel,17.40057,78.37895,05-07-2026,06-07-2026,1,49:51.0,booking,Very good,6.6,1,FALSE,FALSE,FALSE,FALSE,0,FALSE,Budget,FALSE,0.027034344,0.728571429,0.000601652,0.6,0.179059181,0,2,1,9,0
Super Hotel O New Cyber Grand Madhapur,6348062,Hyderabad,Unknown,Booking.com,1927.906,1927.906,9.2,84,3,Hotel,17.45479,78.386925,05-07-2026,06-07-2026,1,49:51.0,booking,Superb,6.95,1,FALSE,FALSE,FALSE,FALSE,0,FALSE,Budget,FALSE,0.042879963,0.885714286,0.002269868,0.6,0.189681335,0,2,1,9,0
Olive Atnest PG,13088845,Hyderabad,Unknown,Booking.com,1124.55,1124.55,7,35,0,Hostel,17.45157327,78.38806185,05-07-2026,06-07-2026,0,49:51.0,booking,Good,6.65,1,FALSE,FALSE,FALSE,FALSE,0,FALSE,Budget,FALSE,0.024961748,0.571428571,0.000929826,0,0.180576631,0,2,1,8,0
"Astra Hotels & Suites - HSR Layout Sector 1, Near Ecospace Bellandur",11026742,Bangalore,Unknown,Booking.com,2962.05,2962.05,8.4,105,0,Hotel,12.92279867,77.65138153,05-07-2026,06-07-2026,1,49:55.0,booking,Very good,8.05,1,FALSE,FALSE,FALSE,FALSE,0,FALSE,Mid-Range,FALSE,0.06594572,0.771428571,0.002844172,0,0.22306525,0,0,1,9,2
Parkwood Executive Rooms Inn,9987540,Bangalore,Unknown,Booking.com,660.555,660.555,3.9,157,2,Hotel,12.942385,77.592746,05-07-2026,06-07-2026,1,49:55.0,booking,Poor,3.95,1,FALSE,FALSE,FALSE,FALSE,0,FALSE,Budget,FALSE,0.01461271,0.128571429,0.004266258,0.4,0.098634294,0,0,1,9,0
Golden INN,15139831,Bangalore,Unknown,Booking.com,642.6,642.6,4.8,36,2,Hotel,12.89905637,77.62840162,05-07-2026,06-07-2026,1,49:55.0,booking,Disappointing,9.1,1,FALSE,FALSE,FALSE,FALSE,0,FALSE,Budget,TRUE,0.014212238,0.257142857,0.000957173,0.4,0.254931715,0,0,1,9,0
Hotel SM Stay INN,15049102,Bangalore,Unknown,Booking.com,1134,1134,7.5,82,3,Hotel,12.90130596,77.59738641,05-07-2026,06-07-2026,0,49:55.0,booking,Good,8.4,1,FALSE,FALSE,FALSE,FALSE,0,FALSE,Budget,FALSE,0.025172523,0.642857143,0.002215173,0.6,0.233687405,0,0,1,9,0
"Hotel Diamond Palace, Madiwala",13980659,Bangalore,Unknown,Booking.com,945,945,5.9,29,2,Hotel,12.9263298,77.6163185,05-07-2026,06-07-2026,1,49:55.0,booking,Okay,5.8,1,FALSE,FALSE,FALSE,FALSE,0,FALSE,Budget,FALSE,0.020957029,0.414285714,0.000765739,0.4,0.15477997,0,0,1,9,0
Hotel New Dreams inn,13606380,Bangalore,Unknown,Booking.com,755.055,755.055,6.4,45,0,Hotel,12.9455386,77.5951645,05-07-2026,06-07-2026,1,49:55.0,booking,Pleasant,3.55,1,FALSE,FALSE,FALSE,FALSE,0,FALSE,Budget,TRUE,0.016720457,0.485714286,0.001203304,0,0.086494689,0,0,1,9,0
MALDIVES INN,11342090,Bangalore,Unknown,Booking.com,1701,1701,7.6,49,3,Hotel,13.03010612,77.56343335,05-07-2026,06-07-2026,1,49:55.0,booking,Good,7.3,1,FALSE,FALSE,FALSE,FALSE,0,FALSE,Budget,FALSE,0.037819006,0.657142857,0.001312695,0.6,0.20030349,0,0,1,9,0
ibis Bengaluru City Centre - An Accor Brand,1116332,Bangalore,Unknown,Booking.com,4368,4368,7.2,1079,4,Hotel,12.96738559,77.59395193,05-07-2026,06-07-2026,0,49:55.0,booking,Good,1.35,1,FALSE,FALSE,FALSE,FALSE,0,FALSE,Mid-Range,FALSE,0.097304313,0.6,0.029480939,0.8,0.019726859,0,0,1,9,2
"Hotel Noble Nook, 100 Ft Road, Indiranagar",14929286,Bangalore,Unknown,Booking.com,2976.75,2976.75,8.8,138,3,Hotel,12.9634064,77.6430683,05-07-2026,06-07-2026,1,49:55.0,booking,Fabulous,4.7,1,FALSE,FALSE,FALSE,FALSE,0,FALSE,Mid-Range,FALSE,0.066273592,0.828571429,0.00374665,0.6,0.121396055,0,0,1,9,2
Sheraton Grand Bangalore Hotel at Brigade Gateway,473507,Bangalore,Unknown,Booking.com,13570.0001,13570.0001,9,414,5,Hotel,13.01270167,77.55510472,05-07-2026,06-07-2026,1,49:55.0,booking,Superb,6.5,1,FALSE,FALSE,FALSE,FALSE,0,FALSE,Luxury,FALSE,0.302547586,0.857142857,0.011294645,1,0.176024279,0,0,1,9,1
Golden Suites,16113286,Bangalore,Unknown,Booking.com,2730,2730,8,12,0,Hotel,12.909804,77.595336,05-07-2026,06-07-2026,1,49:55.0,booking,Very good,7.45,1,FALSE,FALSE,FALSE,FALSE,0,FALSE,Mid-Range,FALSE,0.06077003,0.714285714,0.000300826,0,0.204855842,0,0,1,9,2
Hotel Stay Bliss HSR Layout,15696353,Bangalore,Unknown,Booking.com,1511.055,1511.055,7.8,49,3,Hotel,12.9081016,77.6350959,05-07-2026,06-07-2026,1,49:55.0,booking,Good,8.45,1,FALSE,FALSE,FALSE,FALSE,0,FALSE,Budget,FALSE,0.033582434,0.685714286,0.001312695,0.6,0.235204856,0,0,1,9,0
AIRA Boutique Hotel,15855999,Bangalore,Unknown,Booking.com,3234,3234,8.7,37,3,Hotel,12.9295741,77.5858355,05-07-2026,06-07-2026,1,49:55.0,booking,Fabulous,5.5,1,FALSE,FALSE,FALSE,FALSE,0,FALSE,Mid-Range,FALSE,0.072011348,0.814285714,0.000984521,0.6,0.145675266,0,0,1,9,2
Olive Hotel Hosa Road by Embassy Group,16169246,Bangalore,Unknown,Booking.com,2975.2065,2975.2065,9.6,10,3,Hotel,12.8658156,77.6550718,05-07-2026,06-07-2026,1,49:55.0,booking,Exceptional,13.6,1,FALSE,FALSE,FALSE,FALSE,0,FALSE,Mid-Range,TRUE,0.066239165,0.942857143,0.00024613,0.6,0.391502276,0,0,1,9,2
Hotel Royal Samrat Residency Manyata Tech Park,14614747,Bangalore,Unknown,Booking.com,1091.16,1091.16,7.2,133,3,Hotel,13.058509,77.6245705,05-07-2026,06-07-2026,1,49:55.0,booking,Good,9.5,1,FALSE,FALSE,FALSE,FALSE,0,FALSE,Budget,TRUE,0.024217011,0.6,0.003609911,0.6,0.26707132,0,0,1,9,0
HosteLife Mahadevapura Whitefield - Bangalore the social startup House,16242519,Bangalore,Unknown,Booking.com,2361.555,2361.555,9.2,6,0,Hostel,12.9984375,77.6882031,05-07-2026,06-07-2026,1,49:55.0,booking,Superb,9.7,1,FALSE,FALSE,FALSE,FALSE,0,FALSE,Mid-Range,TRUE,0.052552158,0.885714286,0.000136739,0,0.273141123,0,0,1,8,2
DoubleTree By Hilton Bengaluru Airport,15584646,Bangalore,Unknown,Booking.com,12537.5001,12537.5001,8.4,80,5,Hotel,13.1767083,77.7316028,05-07-2026,06-07-2026,0,49:55.0,booking,Very good,26.35,1,FALSE,FALSE,FALSE,FALSE,0,FALSE,Luxury,TRUE,0.279518497,0.771428571,0.002160477,1,0.7784522,0,0,1,9,1
Cartier Biznotel,1841520,Bangalore,Unknown,Booking.com,1699.32,1699.32,7.9,506,3,Hotel,12.97830492,77.54239658,05-07-2026,06-07-2026,1,49:55.0,booking,,6.45,1,FALSE,FALSE,FALSE,FALSE,0,FALSE,Budget,TRUE,0.037781535,0.7,0.013810644,0.6,0.174506829,0,0,1,9,0
Open Hotel by Olive - S Comfort Inn,15564039,Bangalore,Unknown,Booking.com,1994.79,1994.79,7.2,19,3,Hotel,12.9708793,77.6471123,05-07-2026,06-07-2026,1,49:55.0,booking,Good,4.95,1,FALSE,FALSE,FALSE,FALSE,0,FALSE,Budget,TRUE,0.044371757,0.6,0.000492261,0.6,0.128983308,0,0,1,9,0
The Oberoi Bengaluru,78800,Bangalore,Unknown,Booking.com,24780.0002,24780.0002,9.4,1679,5,Hotel,12.97317386,77.61857986,05-07-2026,06-07-2026,0,49:55.0,booking,Superb,1.85,1,FALSE,FALSE,FALSE,FALSE,0,FALSE,Luxury,FALSE,0.552577697,0.914285714,0.045889624,1,0.034901366,0,0,1,9,1
Olive Zip Kalyan Nagar by Embassy Group,6006553,Bangalore,Unknown,Booking.com,1559.5965,1559.5965,7.6,579,4,Hotel,13.01519739,77.64380805,05-07-2026,06-07-2026,1,49:59.3,booking,Good,6.3,1,FALSE,FALSE,FALSE,FALSE,0,FALSE,Budget,TRUE,0.034665113,0.657142857,0.015807034,0.8,0.169954476,0,0,1,9,0
Olive Hotel Hosa Road by Embassy Group,16169246,Bangalore,Unknown,Booking.com,2975.2065,2975.2065,9.6,10,3,Hotel,12.8658156,77.6550718,05-07-2026,06-07-2026,1,49:59.3,booking,Exceptional,13.6,1,FALSE,FALSE,FALSE,FALSE,0,FALSE,Mid-Range,TRUE,0.066239165,0.942857143,0.00024613,0.6,0.391502276,0,0,1,9,2
Hotel Royal Samrat Residency Manyata Tech Park,14614747,Bangalore,Unknown,Booking.com,1091.16,1091.16,7.2,133,3,Hotel,13.058509,77.6245705,05-07-2026,06-07-2026,1,49:59.3,booking,Good,9.5,1,FALSE,FALSE,FALSE,FALSE,0,FALSE,Budget,TRUE,0.024217011,0.6,0.003609911,0.6,0.26707132,0,0,1,9,0
Townhouse Ecity Inn,11136701,Bangalore,Unknown,Booking.com,1919.821,1919.821,8.4,1123,4,Hotel,12.84594,77.68131,05-07-2026,06-07-2026,1,49:59.3,booking,Very good,16.9,1,FALSE,FALSE,FALSE,FALSE,0,FALSE,Budget,FALSE,0.042699633,0.771428571,0.030684242,0.8,0.491654021,0,0,1,9,0
Western Keys Hotel,9963938,Bangalore,Unknown,Booking.com,1474.2,1474.2,7,268,3,Hotel,12.91778578,77.623819,05-07-2026,06-07-2026,0,49:59.3,booking,Good,6.95,1,FALSE,FALSE,FALSE,FALSE,0,FALSE,Budget,FALSE,0.032760412,0.571428571,0.007301865,0.6,0.189681335,0,0,1,9,0
HosteLife Mahadevapura Whitefield - Bangalore the social startup House,16242519,Bangalore,Unknown,Booking.com,2361.555,2361.555,9.2,6,0,Hostel,12.9984375,77.6882031,05-07-2026,06-07-2026,1,49:59.3,booking,Superb,9.7,1,FALSE,FALSE,FALSE,FALSE,0,FALSE,Mid-Range,TRUE,0.052552158,0.885714286,0.000136739,0,0.273141123,0,0,1,8,2
Taj West End,74731,Bangalore,Unknown,Booking.com,44840.0003,44840.0003,8.7,480,5,Resort,12.9841226,77.58451849,05-07-2026,06-07-2026,1,49:59.3,booking,Fabulous,2.1,1,FALSE,FALSE,FALSE,FALSE,0,TRUE,Luxury,FALSE,1,0.814285714,0.013099601,1,0.042488619,0,0,1,12,1
DoubleTree By Hilton Bengaluru Airport,15584646,Bangalore,Unknown,Booking.com,12537.5001,12537.5001,8.4,80,5,Hotel,13.1767083,77.7316028,05-07-2026,06-07-2026,0,49:59.3,booking,Very good,26.35,1,FALSE,FALSE,FALSE,FALSE,0,FALSE,Luxury,TRUE,0.279518497,0.771428571,0.002160477,1,0.7784522,0,0,1,9,1
Cartier Biznotel,1841520,Bangalore,Unknown,Booking.com,1699.32,1699.32,7.9,506,3,Hotel,12.97830492,77.54239658,05-07-2026,06-07-2026,1,49:59.3,booking,,6.45,1,FALSE,FALSE,FALSE,FALSE,0,FALSE,Budget,TRUE,0.037781535,0.7,0.013810644,0.6,0.174506829,0,0,1,9,0
"Grand Continent Koramangala, Bangalore",13130491,Bangalore,Unknown,Booking.com,4765.5773,4765.5773,8.4,177,3,Hotel,12.93007763,77.63088539,05-07-2026,06-07-2026,0,49:59.3,booking,Very good,6.05,1,FALSE,FALSE,FALSE,FALSE,0,FALSE,Mid-Range,FALSE,0.106171958,0.771428571,0.004813214,0.6,0.162367223,0,0,1,9,2
Locul Uptown - Near Bangalore Palace Grounds,1495566,Bangalore,Unknown,Booking.com,2701.4715,2701.4715,8.8,781,0,Hostel,12.99271207,77.58658379,05-07-2026,06-07-2026,1,49:59.3,booking,Fabulous,2.5,1,FALSE,FALSE,FALSE,FALSE,0,FALSE,Mid-Range,FALSE,0.060133724,0.828571429,0.021331291,0,0.054628225,0,0,1,8,2
Open Hotel by Olive - S Comfort Inn,15564039,Bangalore,Unknown,Booking.com,1994.79,1994.79,7.2,19,3,Hotel,12.9708793,77.6471123,05-07-2026,06-07-2026,1,49:59.3,booking,Good,4.95,1,FALSE,FALSE,FALSE,FALSE,0,FALSE,Budget,TRUE,0.044371757,0.6,0.000492261,0.6,0.128983308,0,0,1,9,0
Hotel new dreams inn,15668153,Bangalore,Unknown,Booking.com,679.5495,679.5495,5.3,18,1,Hotel,12.9454991,77.5951879,05-07-2026,06-07-2026,0,49:59.3,booking,Passable,3.55,1,FALSE,FALSE,FALSE,FALSE,0,FALSE,Budget,TRUE,0.015036367,0.328571429,0.000464913,0.2,0.086494689,0,0,1,9,0
Olive Hotel Kundalahalli by Embassy Group,12717839,Bangalore,Unknown,Booking.com,2393.8965,2393.8965,8.7,110,3,Hotel,12.97151745,77.70729192,05-07-2026,06-07-2026,1,49:59.3,booking,Fabulous,11.45,1,FALSE,FALSE,FALSE,FALSE,0,FALSE,Mid-Range,TRUE,0.053273509,0.814285714,0.002980911,0.6,0.326251897,0,0,1,9,2
Townhouse Ramamurthy Nagar Formerly Navya International,14922164,Bangalore,Unknown,Booking.com,1353.0515,1353.0515,4.7,17,4,Hotel,13.0165929,77.6803969,05-07-2026,06-07-2026,1,49:59.3,booking,Disappointing,9.65,1,FALSE,FALSE,FALSE,FALSE,0,FALSE,Budget,TRUE,0.030058292,0.242857143,0.000437565,0.8,0.271623672,0,0,1,9,0
Greenpark Bengaluru,9671282,Bangalore,Unknown,Booking.com,10514.7559,10514.7559,8.5,655,5,Hotel,12.89751,77.600046,05-07-2026,06-07-2026,1,49:59.3,booking,Very good,8.8,1,FALSE,FALSE,FALSE,FALSE,0,FALSE,Luxury,TRUE,0.234402801,0.785714286,0.017885467,1,0.245827011,0,0,1,9,1
"Atmosfera Bengaluru, India",12452886,Bangalore,Unknown,Booking.com,3316.95,3316.95,8.3,15,0,Aparthotel,12.88470443,77.50075455,05-07-2026,06-07-2026,0,49:59.3,booking,Very good,15,1,FALSE,FALSE,FALSE,FALSE,0,FALSE,Mid-Range,FALSE,0.073861481,0.757142857,0.000382869,0,0.433990895,0,0,1,0,2
Treebo Premium New Light Suites,11303800,Bangalore,Unknown,Booking.com,2401.812,2401.812,7.8,134,3,Hotel,12.99970331,77.67659399,05-07-2026,06-07-2026,1,49:59.3,booking,Good,8.55,1,FALSE,FALSE,FALSE,FALSE,0,FALSE,Mid-Range,TRUE,0.053450058,0.685714286,0.003637259,0.6,0.238239757,0,0,1,9,2
Hyatt Centric MG Road Bangalore,297589,Bangalore,Unknown,Booking.com,12036.0001,12036.0001,8.3,1101,5,Hotel,12.97349796,77.62185484,05-07-2026,06-07-2026,1,49:59.3,booking,Very good,2.2,1,FALSE,FALSE,FALSE,FALSE,0,FALSE,Luxury,TRUE,0.26833294,0.757142857,0.03008259,1,0.04552352,0,0,1,9,1
Laika Boutique Stay,1140887,Bangalore,Unknown,Booking.com,5055.75,5055.75,8.7,358,0,Bed and breakfast,12.970406,77.61670623,05-07-2026,06-07-2026,1,49:59.3,booking,Fabulous,1.75,1,FALSE,FALSE,FALSE,FALSE,0,FALSE,Mid-Range,FALSE,0.112644029,0.814285714,0.009763168,0,0.031866464,0,0,1,3,2
Super Townhouse MG Road Near Commercial Street,16057925,Bangalore,Unknown,Booking.com,2313.4755,2313.4755,7.9,1,4,Hotel,12.9797318,77.6068566,05-07-2026,06-07-2026,1,50:03.0,booking,Superb,0.7,1,FALSE,FALSE,FALSE,FALSE,0,FALSE,Mid-Range,FALSE,0.051479783,0.7,0,0.8,0,0,0,1,9,2
Hotel Noor Empire International Kormangala,433220,Bangalore,Unknown,Booking.com,2759.484,2759.484,7.5,85,3,Hotel,12.93476189,77.61590838,05-07-2026,06-07-2026,1,50:03.0,booking,Good,4.9,1,FALSE,FALSE,FALSE,FALSE,0,FALSE,Mid-Range,FALSE,0.061427647,0.642857143,0.002297216,0.6,0.127465857,0,0,1,9,2
Treebo Premium New Light Suites,11303800,Bangalore,Unknown,Booking.com,2401.812,2401.812,7.8,134,3,Hotel,12.99970331,77.67659399,05-07-2026,06-07-2026,1,50:03.0,booking,Good,8.55,1,FALSE,FALSE,FALSE,FALSE,0,FALSE,Mid-Range,TRUE,0.053450058,0.685714286,0.003637259,0.6,0.238239757,0,0,1,9,2
Hotel Sing 65,13198132,Bangalore,Unknown,Booking.com,3054.24,3054.24,7.3,93,3,Hotel,13.03336015,77.55809672,05-07-2026,06-07-2026,1,50:03.0,booking,Good,7.95,1,FALSE,FALSE,FALSE,FALSE,0,FALSE,Mid-Range,FALSE,0.068001944,0.614285714,0.002515998,0.6,0.220030349,0,0,1,9,2
Livi Suites Serviced Apartments,2008893,Bangalore,Unknown,Booking.com,2244.375,2244.375,8.3,130,0,Apartment,13.03128824,77.56800681,05-07-2026,06-07-2026,1,50:03.0,booking,Very good,7.15,1,FALSE,FALSE,FALSE,FALSE,0,FALSE,Mid-Range,FALSE,0.049938552,0.757142857,0.003527867,0,0.195751138,0,0,1,1,2
Holiday Inn Express Bengaluru Bommasandra by IHG,10556171,Bangalore,Unknown,Booking.com,4886.8575,4886.8575,8.2,265,0,Hotel,12.81133,77.69371,05-07-2026,06-07-2026,1,50:03.0,booking,Very good,20.9,1,FALSE,FALSE,FALSE,FALSE,0,FALSE,Mid-Range,TRUE,0.108877016,0.742857143,0.007219822,0,0.613050076,0,0,1,9,2
Shangri-La Bengaluru,1474409,Bangalore,Unknown,Booking.com,14868.0001,14868.0001,8.8,575,5,Hotel,12.99190392,77.58847475,05-07-2026,06-07-2026,0,50:03.0,booking,Fabulous,2.3,1,FALSE,FALSE,FALSE,FALSE,0,FALSE,Luxury,FALSE,0.331498441,0.828571429,0.015697643,1,0.048558422,0,0,1,9,1
The Leela Palace Bengaluru,252219,Bangalore,Unknown,Booking.com,27435.0002,27435.0002,9,879,5,Hotel,12.96056483,77.64848113,05-07-2026,06-07-2026,1,50:03.0,booking,Superb,5.35,1,FALSE,FALSE,FALSE,FALSE,0,FALSE,Luxury,FALSE,0.611795355,0.857142857,0.024011377,1,0.141122914,0,0,1,9,1
Hotel RR International,1873267,Bangalore,Unknown,Booking.com,1785,1785,7.1,506,2,Hotel,12.97966011,77.57542329,05-07-2026,06-07-2026,1,50:03.0,booking,Good,2.9,1,FALSE,FALSE,FALSE,FALSE,0,FALSE,Budget,TRUE,0.039692559,0.585714286,0.013810644,0.4,0.06676783,0,0,1,9,0
De Classico Hotel - HBR Layout,15292990,Bangalore,Unknown,Booking.com,1512,1512,6.8,5,0,Guest house,13.03476163,77.62902552,05-07-2026,06-07-2026,1,50:03.0,booking,Pleasant,7.15,1,FALSE,FALSE,FALSE,FALSE,0,FALSE,Budget,FALSE,0.033603511,0.542857143,0.000109391,0,0.195751138,0,0,1,5,0
AS Hotels,16244756,Bangalore,Unknown,Booking.com,1415.61,1415.61,7.6,10,0,Hotel,12.8478152,77.6580776,05-07-2026,06-07-2026,1,50:03.0,booking,Good,15.55,1,FALSE,FALSE,FALSE,FALSE,0,FALSE,Budget,FALSE,0.031453609,0.657142857,0.00024613,0,0.450682853,0,0,1,9,0
HSR Lodestone by Newstays,12099949,Bangalore,Unknown,Booking.com,2032.8,2032.8,6.6,131,0,Apartment,12.9054145,77.6469347,05-07-2026,06-07-2026,1,50:03.0,booking,Pleasant,9.3,1,FALSE,FALSE,FALSE,FALSE,0,FALSE,Mid-Range,FALSE,0.04521954,0.514285714,0.003555215,0,0.261001517,0,0,1,1,2
Olive Hotel Kundalahalli by Embassy Group,12717839,Bangalore,Unknown,Booking.com,2393.8965,2393.8965,8.7,110,3,Hotel,12.97151745,77.70729192,05-07-2026,06-07-2026,1,50:03.0,booking,Fabulous,11.45,1,FALSE,FALSE,FALSE,FALSE,0,FALSE,Mid-Range,TRUE,0.053273509,0.814285714,0.002980911,0.6,0.326251897,0,0,1,9,2
Golden INN,15139831,Bangalore,Unknown,Booking.com,642.6,642.6,4.8,36,2,Hotel,12.89905637,77.62840162,05-07-2026,06-07-2026,1,50:03.0,booking,Disappointing,9.1,1,FALSE,FALSE,FALSE,FALSE,0,FALSE,Budget,TRUE,0.014212238,0.257142857,0.000957173,0.4,0.254931715,0,0,1,9,0
Evoma,175725,Bangalore,Unknown,Booking.com,4773.23,4773.23,7.1,38,4,Hotel,13.02148426,77.71130115,05-07-2026,06-07-2026,1,50:03.0,booking,Good,12.9,1,FALSE,FALSE,FALSE,FALSE,0,FALSE,Mid-Range,FALSE,0.106342645,0.585714286,0.001011869,0.8,0.370257967,0,0,1,9,2
Townhouse Ramamurthy Nagar Formerly Navya International,14922164,Bangalore,Unknown,Booking.com,1353.0515,1353.0515,4.7,17,4,Hotel,13.0165929,77.6803969,05-07-2026,06-07-2026,1,50:03.0,booking,Disappointing,9.65,1,FALSE,FALSE,FALSE,FALSE,0,FALSE,Budget,TRUE,0.030058292,0.242857143,0.000437565,0.8,0.271623672,0,0,1,9,0
"Loop by Zolo Koramangala, Bangalore",15267252,Bangalore,Unknown,Booking.com,2471.1225,2471.1225,8.4,7,0,Hostel,12.9335942,77.6320005,05-07-2026,06-07-2026,1,50:03.0,booking,Very good,5.8,1,FALSE,FALSE,FALSE,FALSE,0,FALSE,Mid-Range,FALSE,0.054995974,0.771428571,0.000164087,0,0.15477997,0,0,1,8,2
Four Seasons Hotel Bengaluru at Embassy ONE,3661534,Bangalore,Unknown,Booking.com,22116.1501,22116.1501,9.2,637,5,Hotel,13.01978,77.58428,05-07-2026,06-07-2026,1,50:03.0,booking,Superb,5.2,1,FALSE,FALSE,FALSE,FALSE,0,FALSE,Luxury,FALSE,0.493162646,0.885714286,0.017393207,1,0.136570561,0,0,1,9,1
Hotel BCP Suites,12717074,Bangalore,Unknown,Booking.com,1360.8,1360.8,7.3,141,2,Hotel,12.9797857,77.57557939,05-07-2026,06-07-2026,1,50:03.0,booking,Good,2.9,1,FALSE,FALSE,FALSE,FALSE,0,FALSE,Budget,FALSE,0.030231116,0.614285714,0.003828693,0.4,0.06676783,0,0,1,9,0
Park Inn & Suites by Radisson Bengaluru Yelahanka,13459300,Bangalore,Unknown,Booking.com,6141.555,6141.555,7.9,152,4,Hotel,13.15427049,77.56790399,05-07-2026,06-07-2026,0,50:03.0,booking,Good,20.15,1,FALSE,FALSE,FALSE,FALSE,0,FALSE,Luxury,FALSE,0.136862043,0.7,0.004129519,0.8,0.590288316,0,0,1,9,1
Hotel Embassy,2199742,Bangalore,Unknown,Booking.com,1104.7995,1104.7995,6.4,409,0,Hotel,12.97725715,77.57572688,05-07-2026,06-07-2026,1,50:07.5,booking,Pleasant,2.85,1,FALSE,FALSE,FALSE,FALSE,0,FALSE,Budget,FALSE,0.024521229,0.485714286,0.011157906,0,0.065250379,0,0,1,9,0
Treebo Comfy Business,1738552,Bangalore,Unknown,Booking.com,4155.795,4155.795,7.4,39,3,Hotel,12.93395183,77.61048445,05-07-2026,06-07-2026,1,50:07.5,booking,Good,4.85,1,FALSE,FALSE,FALSE,FALSE,0,FALSE,Mid-Range,FALSE,0.09257125,0.628571429,0.001039217,0.6,0.125948407,0,0,1,9,2
Olive Zip Kalyan Nagar by Embassy Group,6006553,Bangalore,Unknown,Booking.com,1559.5965,1559.5965,7.6,579,4,Hotel,13.01519739,77.64380805,05-07-2026,06-07-2026,1,50:07.5,booking,Good,6.3,1,FALSE,FALSE,FALSE,FALSE,0,FALSE,Budget,TRUE,0.034665113,0.657142857,0.015807034,0.8,0.169954476,0,0,1,9,0
Serenity the luxurious stay,15484119,Bangalore,Unknown,Booking.com,3234,3234,9.1,13,3,Hotel,12.9677743,77.6533697,05-07-2026,06-07-2026,1,50:07.5,booking,Superb,5.7,1,FALSE,FALSE,FALSE,FALSE,0,FALSE,Mid-Range,TRUE,0.072011348,0.871428571,0.000328174,0.6,0.151745068,0,0,1,9,2
"Lemon Tree Suites, Whitefield, Bengaluru",10047354,Bangalore,Unknown,Booking.com,15834.5617,15834.5617,7.7,641,4,Hotel,12.966618,77.751243,05-07-2026,06-07-2026,1,50:07.5,booking,Good,16.25,1,FALSE,FALSE,FALSE,FALSE,0,FALSE,Luxury,FALSE,0.353056827,0.671428571,0.017502598,0.8,0.471927162,0,0,1,9,1
Townhouse Ramamurthy Nagar Formerly Navya International,14922164,Bangalore,Unknown,Booking.com,1353.0515,1353.0515,4.7,17,4,Hotel,13.0165929,77.6803969,05-07-2026,06-07-2026,1,50:07.5,booking,Disappointing,9.65,1,FALSE,FALSE,FALSE,FALSE,0,FALSE,Budget,TRUE,0.030058292,0.242857143,0.000437565,0.8,0.271623672,0,0,1,9,0
Eagleton The Golf Resort,7687384,Bangalore,Unknown,Booking.com,6480.957,6480.957,6.2,33,0,Inn,12.797024,77.413771,05-07-2026,06-07-2026,0,50:07.5,booking,Pleasant,28.55,1,FALSE,FALSE,FALSE,FALSE,0,FALSE,Luxury,FALSE,0.144432134,0.457142857,0.00087513,0,0.84522003,0,0,1,10,1
Hotel Airport Transit,15419045,Bangalore,Unknown,Booking.com,2087.652,2087.652,8.3,142,3,Hotel,13.19944868,77.70906655,05-07-2026,06-07-2026,0,50:07.5,booking,Very good,27.4,1,FALSE,FALSE,FALSE,FALSE,0,FALSE,Mid-Range,FALSE,0.04644297,0.757142857,0.003856041,0.6,0.810318665,0,0,1,9,2
Hotel Bulande Comforts 1 Bhk Flat Manyata Tech Park,10876797,Bangalore,Unknown,Booking.com,1748.25,1748.25,8.2,190,3,Hotel,13.06116214,77.62084456,05-07-2026,06-07-2026,1,50:07.5,booking,Very good,9.7,1,FALSE,FALSE,FALSE,FALSE,0,FALSE,Budget,FALSE,0.038872879,0.742857143,0.005168736,0.6,0.273141123,0,0,1,9,0
Townhouse Oak Halsuru Metro Station Bangalore,14456583,Bangalore,Unknown,Booking.com,1630.975,1630.975,6.6,287,3,Hotel,12.979353,77.62947,05-07-2026,06-07-2026,1,50:07.5,booking,Pleasant,3.05,1,FALSE,FALSE,FALSE,FALSE,0,FALSE,Budget,FALSE,0.036257154,0.514285714,0.007821473,0.6,0.071320182,0,0,1,9,0
LAHR Hotels,13614751,Bangalore,Unknown,Booking.com,2975.763,2975.763,7.4,17,4,Hotel,13.0676579,77.7463336,05-07-2026,06-07-2026,0,50:07.5,booking,Good,18.7,1,FALSE,FALSE,FALSE,FALSE,0,FALSE,Mid-Range,FALSE,0.066251578,0.628571429,0.000437565,0.8,0.546282246,0,0,1,9,2
Hotel O Hosur Road Near PES University,11420561,Bangalore,Unknown,Booking.com,939.718,939.718,6,216,4,Hotel,12.86436,77.65921,05-07-2026,06-07-2026,1,50:07.5,booking,Pleasant,13.95,1,FALSE,FALSE,FALSE,FALSE,0,FALSE,Budget,FALSE,0.020839218,0.428571429,0.005879779,0.8,0.402124431,0,0,1,9,0
OBS Luxury Suites - JP Nagar,14942020,Bangalore,Unknown,Booking.com,4451.349,4451.349,9.7,93,3,Hotel,12.91143689,77.58676076,05-07-2026,06-07-2026,0,50:07.5,booking,Exceptional,7.45,1,FALSE,FALSE,FALSE,FALSE,0,FALSE,Mid-Range,FALSE,0.099163346,0.957142857,0.002515998,0.6,0.204855842,0,0,1,9,2
"Acasa Suites - ITPL Whitefield, Near Manipal Hospital",14416522,Bangalore,Unknown,Booking.com,2001.0375,2001.0375,8.7,401,3,Hotel,12.96792001,77.75118727,05-07-2026,06-07-2026,1,50:07.5,booking,Fabulous,16.25,1,FALSE,FALSE,FALSE,FALSE,0,FALSE,Mid-Range,FALSE,0.044511103,0.814285714,0.010939124,0.6,0.471927162,0,0,1,9,2
Hotel RR International,1873267,Bangalore,Unknown,Booking.com,1785,1785,7.1,506,2,Hotel,12.97966011,77.57542329,05-07-2026,06-07-2026,1,50:07.5,booking,Good,2.9,1,FALSE,FALSE,FALSE,FALSE,0,FALSE,Budget,TRUE,0.039692559,0.585714286,0.013810644,0.4,0.06676783,0,0,1,9,0
Hotel Rose Mansion Manyata Tech Park,6837585,Bangalore,Unknown,Booking.com,1512,1512,6.8,110,2,Hotel,13.05549583,77.62486753,05-07-2026,06-07-2026,1,50:07.5,booking,Pleasant,9.15,1,FALSE,FALSE,FALSE,FALSE,0,FALSE,Budget,FALSE,0.033603511,0.542857143,0.002980911,0.4,0.256449165,0,0,1,9,0
"ITC Windsor, a Luxury Collection Hotel, Bengaluru",474188,Bangalore,Unknown,Booking.com,15104.0001,15104.0001,8.7,732,5,Hotel,12.99402267,77.58610975,05-07-2026,06-07-2026,1,50:07.5,booking,Fabulous,2.65,1,FALSE,FALSE,FALSE,FALSE,0,FALSE,Luxury,FALSE,0.336762233,0.814285714,0.019991249,1,0.059180577,0,0,1,9,1
The Dritan Brookefield ITPL Main Road,14523183,Bangalore,Unknown,Booking.com,3504.375,3504.375,8.7,40,0,Hotel,12.9584273,77.7156231,05-07-2026,06-07-2026,1,50:07.5,booking,Fabulous,12.5,1,FALSE,FALSE,FALSE,FALSE,0,FALSE,Mid-Range,FALSE,0.078041847,0.814285714,0.001066565,0,0.358118361,0,0,1,9,2
The Cozy Corner 1BHK in Koramangala,15934628,Bangalore,Unknown,Booking.com,2415,2415,8.4,7,0,Apartment,12.9371765,77.6314178,05-07-2026,06-07-2026,1,50:07.5,booking,Very good,5.45,1,FALSE,FALSE,FALSE,FALSE,0,FALSE,Mid-Range,FALSE,0.053744206,0.771428571,0.000164087,0,0.144157815,0,0,1,1,2
Hotel Sandalwood Inn - Rooms and Spa,10806782,Bangalore,Unknown,Booking.com,1403.85,1403.85,7.5,127,2,Hotel,12.9762138,77.5782633,05-07-2026,06-07-2026,1,50:07.5,booking,Good,2.6,1,FALSE,FALSE,FALSE,FALSE,0,FALSE,Budget,FALSE,0.031191312,0.642857143,0.003445824,0.4,0.057663126,0,0,1,9,0
Grand Hyatt Mumbai,48632,Mumbai,Vile Parle,Agoda,181.69,181.69,8.5,1080,5,Hotel,19.07696724,72.85139465,05-07-2026,06-07-2026,FALSE,22:12.2,agoda,,7.175,1,FALSE,FALSE,FALSE,FALSE,0,FALSE,Budget,FALSE,0.003932008,0.785714286,0.029508286,1,0.196509863,0,3,0,9,0
Hotel O Jagruti Nagar Ghatkopar Formerly Icy Cool,81062309,Mumbai,Kurla,Agoda,24.94,24.94,9.5,20,3,Hotel,19.09340477,72.8940506,05-07-2026,06-07-2026,FALSE,22:12.2,agoda,,7.175,1,FALSE,FALSE,FALSE,FALSE,0,FALSE,Budget,FALSE,0.000435824,0.928571429,0.000519608,0.6,0.196509863,0,3,0,9,0
Ibis Navi Mumbai Hotel - An AccorHotels Brand,399931,Mumbai,Navi Mumbai,Agoda,54.79,54.79,7.6,739,3,Hotel,19.06798935,73.01953888,05-07-2026,06-07-2026,FALSE,22:12.2,agoda,,7.175,1,FALSE,FALSE,FALSE,FALSE,0,FALSE,Budget,FALSE,0.001101605,0.657142857,0.020182683,0.6,0.196509863,0,3,0,9,0
The St. Regis Mumbai,411757,Mumbai,Mumbai Central,Agoda,283.31,283.31,9,1820,5,Hotel,18.99392319,72.82394409,05-07-2026,06-07-2026,FALSE,22:12.2,agoda,,7.175,1,FALSE,FALSE,FALSE,FALSE,0,FALSE,Budget,FALSE,0.006198561,0.857142857,0.049745665,1,0.196509863,0,3,0,9,0
The LaLiT Mumbai,43879,Mumbai,Andheri East,Agoda,67.65,67.65,8.3,7992,5,Hotel,19.10541344,72.8759613,05-07-2026,06-07-2026,FALSE,22:12.2,agoda,,7.175,1,FALSE,FALSE,FALSE,FALSE,0,FALSE,Budget,TRUE,0.001388437,0.757142857,0.218536345,1,0.196509863,0,3,0,9,0
ibis Mumbai Vikhroli,28186904,Mumbai,Powai,Agoda,63.02,63.02,8,1303,3,Hotel,19.12038994,72.92546844,05-07-2026,06-07-2026,FALSE,22:12.2,agoda,,7.175,1,FALSE,FALSE,FALSE,FALSE,0,FALSE,Budget,FALSE,0.001285168,0.714285714,0.035606848,0.6,0.196509863,0,3,0,9,0
Townhouse Vasai Express Highway Formerly Majestic Inn,71503212,Mumbai,Vasai,Agoda,2083.326,2083.326,8.5,98,3,Hotel,19.44678879,72.88294983,05-07-2026,06-07-2026,,22:12.2,agoda,,7.175,1,FALSE,FALSE,FALSE,FALSE,0,FALSE,Mid-Range,FALSE,0.046346482,0.785714286,0.002652738,0.6,0.196509863,0,3,0,9,2
Goldfinch Hotel Mumbai,411521,Mumbai,Andheri East,Agoda,43.11,43.11,8,1481,3.5,Hotel,19.1197567,72.87019348,05-07-2026,06-07-2026,FALSE,22:12.2,agoda,,7.175,1,FALSE,FALSE,FALSE,FALSE,0,FALSE,Budget,FALSE,0.000841091,0.714285714,0.040474758,0.7,0.196509863,0,3,0,9,0
Ginger Mumbai Airport,45946206,Mumbai,Vile Parle,Agoda,72.62,72.62,8.2,2921,3,Hotel,19.09741783,72.85378265,05-07-2026,06-07-2026,FALSE,22:12.2,agoda,,7.175,1,FALSE,FALSE,FALSE,FALSE,0,FALSE,Budget,TRUE,0.001499288,0.742857143,0.079855604,0.6,0.196509863,0,3,0,9,0
Hilton Mumbai International Airport,262873,Mumbai,Andheri East,Agoda,160.13,160.13,8.7,4598,5,Hotel,19.10442352,72.87075806,05-07-2026,06-07-2026,FALSE,22:12.2,agoda,,7.175,1,FALSE,FALSE,FALSE,FALSE,0,FALSE,Budget,FALSE,0.003451129,0.814285714,0.12571788,1,0.196509863,0,3,0,9,0
ICONIQA - The Lifestyle Hotel of Mumbai,67778098,Mumbai,Vile Parle,Agoda,121.63,121.63,9.1,722,5,Hotel,19.1019717,72.87380934,05-07-2026,06-07-2026,FALSE,22:12.2,agoda,,7.175,1,FALSE,FALSE,FALSE,FALSE,0,FALSE,Budget,FALSE,0.002592417,0.871428571,0.019717771,1,0.196509863,0,3,0,9,0
Midtown Pritam Hotel,286539,Mumbai,Dadar,Agoda,196.13,196.13,7,456,3.5,Hotel,19.01705933,72.84603882,05-07-2026,06-07-2026,FALSE,22:12.2,agoda,,7.175,1,FALSE,FALSE,FALSE,FALSE,0,FALSE,Budget,FALSE,0.004254081,0.571428571,0.012443253,0.7,0.196509863,0,3,0,9,0
The Leela Mumbai,2767,Mumbai,Andheri East,Agoda,116.56,116.56,9,5782,5,Hotel,19.108998,72.874146,05-07-2026,06-07-2026,FALSE,22:12.2,agoda,,7.175,1,FALSE,FALSE,FALSE,FALSE,0,FALSE,Budget,TRUE,0.002479335,0.857142857,0.158097686,1,0.196509863,0,3,0,9,0
"Taj Lands End, Mumbai",43883,Mumbai,Bandra,Agoda,197.09,197.09,8.8,1402,5,Hotel,19.04372025,72.81954193,05-07-2026,06-07-2026,FALSE,22:12.2,agoda,,7.175,1,FALSE,FALSE,FALSE,FALSE,0,FALSE,Budget,FALSE,0.004275493,0.828571429,0.038314281,1,0.196509863,0,3,0,9,0
Hotel Mumbai International - Near International Airport,6941887,Mumbai,Andheri East,Agoda,36.98,36.98,5.8,638,3,Hotel,19.10626602,72.86006927,05-07-2026,06-07-2026,FALSE,22:12.2,agoda,,7.175,1,FALSE,FALSE,FALSE,FALSE,0,FALSE,Budget,FALSE,0.000704367,0.4,0.017420555,0.6,0.196509863,0,3,0,9,0
Hotel Imperial Suite,80364998,Mumbai,South Mumbai,Agoda,32.78,32.78,6.3,141,3,Hotel,18.95112104,72.83760514,05-07-2026,06-07-2026,FALSE,22:12.2,agoda,,7.175,1,FALSE,FALSE,FALSE,FALSE,0,FALSE,Budget,FALSE,0.000610689,0.471428571,0.003828693,0.6,0.196509863,0,3,0,9,0
Hotel Sai Pritam,45071073,Mumbai,Chembur,Agoda,2083.326,2083.326,6.5,415,3,Hotel,19.04622078,72.89727783,05-07-2026,06-07-2026,,22:12.2,agoda,,7.175,1,FALSE,FALSE,FALSE,FALSE,0,FALSE,Mid-Range,FALSE,0.046346482,0.5,0.011321993,0.6,0.196509863,0,3,0,9,2
Residency Hotel Andheri,344546,Mumbai,Andheri East,Agoda,49.26,49.26,8,1476,3.5,Hotel,19.11761284,72.85624695,05-07-2026,06-07-2026,FALSE,22:12.2,agoda,,7.175,1,FALSE,FALSE,FALSE,FALSE,0,FALSE,Budget,FALSE,0.000978262,0.714285714,0.040338019,0.7,0.196509863,0,3,0,9,0
Hotel Supreme Heritage,568116,Mumbai,Navi Mumbai,Agoda,41.63,41.63,8.2,172,3,Hotel,19.07791519,73.00344086,05-07-2026,06-07-2026,FALSE,22:12.2,agoda,,7.175,1,FALSE,FALSE,FALSE,FALSE,0,FALSE,Budget,FALSE,0.000808081,0.742857143,0.004676475,0.6,0.196509863,0,3,0,9,0
ibis Mumbai Airport - An AccorHotels Brand,240359,Mumbai,Vile Parle,Agoda,76.72,76.72,7.5,1588,3,Hotel,19.09670448,72.85354614,05-07-2026,06-07-2026,FALSE,22:12.2,agoda,,7.175,1,FALSE,FALSE,FALSE,FALSE,0,FALSE,Budget,FALSE,0.001590736,0.642857143,0.043400974,0.6,0.196509863,0,3,0,9,0
Ramada Plaza by Wyndham Palm Grove,7941,Mumbai,Juhu Beach,Agoda,120.26,120.26,8,2757,5,Hotel,19.09864044,72.82684326,05-07-2026,06-07-2026,FALSE,22:12.2,agoda,,7.175,1,FALSE,FALSE,FALSE,FALSE,0,FALSE,Budget,TRUE,0.002561861,0.714285714,0.075370563,1,0.196509863,0,3,0,9,0
Novotel Mumbai Juhu Beach,148651,Mumbai,Juhu Beach,Agoda,178.61,178.61,7.6,1598,5,Hotel,19.10871506,72.82439423,05-07-2026,06-07-2026,FALSE,22:12.2,agoda,,7.175,1,FALSE,FALSE,FALSE,FALSE,0,FALSE,Budget,FALSE,0.003863311,0.657142857,0.043674452,1,0.196509863,0,3,0,9,0
"President, Mumbai - IHCL SeleQtions",419,Mumbai,South Mumbai,Agoda,505.79,505.79,8.5,2721,5,Hotel,18.91456795,72.82089996,05-07-2026,06-07-2026,FALSE,22:12.2,agoda,,7.175,1,FALSE,FALSE,FALSE,FALSE,0,FALSE,Budget,FALSE,0.0111608,0.785714286,0.074386042,1,0.196509863,0,3,0,9,0
hotel breeze bay,63006383,Mumbai,Bandra Kurla Complex,Agoda,37.81,37.81,6.6,143,4,Hotel,19.07164001,72.86812592,05-07-2026,06-07-2026,FALSE,22:12.2,agoda,,7.175,1,FALSE,FALSE,FALSE,FALSE,0,FALSE,Budget,FALSE,0.000722879,0.514285714,0.003883389,0.8,0.196509863,0,3,0,9,0
The Mirador Hotel,49235,Mumbai,Andheri East,Agoda,55.73,55.73,8,969,4,Hotel,19.11108589,72.86049652,05-07-2026,06-07-2026,FALSE,22:12.2,agoda,,7.175,1,FALSE,FALSE,FALSE,FALSE,0,FALSE,Budget,FALSE,0.001122571,0.714285714,0.02647268,0.8,0.196509863,0,3,0,9,0
Townhouse Bombay Exhibition Centre Goregaon,5042886,Mumbai,Goregaon,Agoda,41.37,41.37,6.9,1188,4,Guesthouse/bed and breakfast,19.1513195,72.84635925,05-07-2026,06-07-2026,FALSE,22:12.2,agoda,,7.175,1,FALSE,FALSE,FALSE,FALSE,0,FALSE,Budget,FALSE,0.000802282,0.557142857,0.03246185,0.8,0.196509863,0,3,0,6,0
Super Hotel O Gymkhana Dombivli Mumbai,82208004,Mumbai,Dombivli,Agoda,2083.326,2083.326,8.7,28,4,Hotel,19.20783043,73.09828186,05-07-2026,06-07-2026,,22:12.2,agoda,,7.175,1,FALSE,FALSE,FALSE,FALSE,0,FALSE,Mid-Range,FALSE,0.046346482,0.814285714,0.000738391,0.8,0.196509863,0,3,0,9,2
Bloom Boutique - Bandra,47374761,Mumbai,Bandra,Agoda,63.48,63.48,8.2,1086,3,Hotel,19.06678009,72.83000183,05-07-2026,06-07-2026,FALSE,22:12.2,agoda,,7.175,1,FALSE,FALSE,FALSE,FALSE,0,FALSE,Budget,FALSE,0.001295428,0.742857143,0.029672373,0.6,0.196509863,0,3,0,9,0
Hotel Airport International,91737,Mumbai,Vile Parle,Agoda,22.71,22.71,7.7,3471,3.5,Hotel,19.09633827,72.85423279,05-07-2026,06-07-2026,FALSE,22:12.2,agoda,,7.175,1,FALSE,FALSE,FALSE,FALSE,0,FALSE,Budget,FALSE,0.000386086,0.671428571,0.094896899,0.7,0.196509863,0,3,0,9,0
Nestor Hotel,52396791,Mumbai,Andheri East,Agoda,35.14,35.14,7.6,576,3,Hotel,19.11569595,72.88350677,05-07-2026,06-07-2026,FALSE,22:12.2,agoda,,7.175,1,FALSE,FALSE,FALSE,FALSE,0,FALSE,Budget,FALSE,0.000663327,0.657142857,0.01572499,0.6,0.196509863,0,3,0,9,0
Hotel Akasa Inn,55833677,Mumbai,Andheri East,Agoda,16.88,16.88,5.3,667,3,Hotel,19.10806274,72.87904358,05-07-2026,06-07-2026,FALSE,22:12.2,agoda,,7.175,1,FALSE,FALSE,FALSE,FALSE,0,FALSE,Budget,FALSE,0.000256052,0.328571429,0.018213641,0.6,0.196509863,0,3,0,9,0
Hotel Grandeur-Near Mumbai International Airport,5043373,Mumbai,Kurla,Agoda,17.68,17.68,6.4,958,3,Hotel,19.10008049,72.88147736,05-07-2026,06-07-2026,FALSE,22:12.2,agoda,,7.175,1,FALSE,FALSE,FALSE,FALSE,0,FALSE,Budget,FALSE,0.000273896,0.485714286,0.026171854,0.6,0.196509863,0,3,0,9,0
Hotel Tanvi - Nr International Airport Mumbai,76504302,Mumbai,Andheri East,Agoda,11.84,11.84,5.3,47,2,Hotel,19.10726357,72.87885284,05-07-2026,06-07-2026,FALSE,22:12.2,agoda,,7.175,1,FALSE,FALSE,FALSE,FALSE,0,FALSE,Budget,FALSE,0.000143639,0.328571429,0.001257999,0.4,0.196509863,0,3,0,9,0
Citizen Hotel,109649,Mumbai,Juhu Beach,Agoda,69.49,69.49,7.8,1686,3,Hotel,19.0963459,72.82697296,05-07-2026,06-07-2026,FALSE,22:12.2,agoda,,7.175,1,FALSE,FALSE,FALSE,FALSE,0,FALSE,Budget,FALSE,0.001429476,0.685714286,0.046081059,0.6,0.196509863,0,3,0,9,0
"Kohinoor Continental, Near International Airport",43881,Mumbai,Andheri East,Agoda,81.39,81.39,7.8,1425,4.5,Hotel,19.11227226,72.86795807,05-07-2026,06-07-2026,FALSE,22:12.2,agoda,,7.175,1,FALSE,FALSE,FALSE,FALSE,0,FALSE,Budget,FALSE,0.001694896,0.685714286,0.038943281,0.9,0.196509863,0,3,0,9,0
Hotel Golden galaxy,2082885,Mumbai,Vile Parle,Agoda,21.55,21.55,5.8,280,3,Hotel,19.08026886,72.8480835,05-07-2026,06-07-2026,FALSE,22:12.2,agoda,,7.175,1,FALSE,FALSE,FALSE,FALSE,0,FALSE,Budget,FALSE,0.000360213,0.4,0.007630039,0.6,0.196509863,0,3,0,9,0
Townhouse APMC Market Mumbai Formerly Stayzi Inn,84388093,Mumbai,Navi Mumbai,Agoda,2083.326,2083.326,9.1,7,4,Hotel,19.08006668,73.00575256,05-07-2026,06-07-2026,,22:12.2,agoda,,7.175,1,FALSE,FALSE,FALSE,FALSE,0,FALSE,Mid-Range,FALSE,0.046346482,0.871428571,0.000164087,0.8,0.196509863,0,3,0,9,2
"Home2 Residency, Mumbai Airport",84533685,Mumbai,Andheri East,Agoda,55.87,55.87,8.5,157,4,Serviced apartment,19.10558,72.861946,05-07-2026,06-07-2026,FALSE,22:12.2,agoda,,7.175,1,FALSE,FALSE,FALSE,FALSE,0,FALSE,Budget,FALSE,0.001125693,0.785714286,0.004266258,0.8,0.196509863,0,3,0,13,0
"The Taj Mahal Palace, Mumbai",16082488,Mumbai,South Mumbai,Agoda,246.36,246.36,9.3,2997,5,Hotel,18.9216404,72.83316803,05-07-2026,06-07-2026,FALSE,22:12.2,agoda,,7.175,1,FALSE,FALSE,FALSE,FALSE,0,FALSE,Budget,TRUE,0.005374421,0.9,0.081934037,1,0.196509863,0,3,0,9,0
Godwin Hotel,49195,Mumbai,South Mumbai,Agoda,53.71,53.71,7.5,730,3,Hotel,18.91903496,72.83050537,05-07-2026,06-07-2026,FALSE,22:12.2,agoda,,7.175,1,FALSE,FALSE,FALSE,FALSE,0,FALSE,Budget,FALSE,0.001077516,0.642857143,0.019936553,0.6,0.196509863,0,3,0,9,0
Hotel Apple Inn,27929283,Mumbai,Navi Mumbai,Agoda,12.93,12.93,6.4,276,3,Hotel,19.06895256,73.0093689,05-07-2026,06-07-2026,TRUE,22:12.2,agoda,,7.175,1,FALSE,FALSE,FALSE,FALSE,0,FALSE,Budget,FALSE,0.000167951,0.485714286,0.007520648,0.6,0.196509863,0,3,0,9,0
The Ambassador Marine Drive Mumbai,7490,Mumbai,South Mumbai,Agoda,100.89,100.89,8,1669,4,Hotel,18.93405533,72.82478333,05-07-2026,06-07-2026,FALSE,22:12.2,agoda,,7.175,1,FALSE,FALSE,FALSE,FALSE,0,FALSE,Budget,FALSE,0.002129828,0.714285714,0.045616146,0.8,0.196509863,0,3,0,9,0
Hotel Heritage (formerly known as Comfort Inn Heritage),196372,Mumbai,Mumbai Central,Agoda,47.99,47.99,7.8,539,3.5,Hotel,18.97569084,72.83426666,05-07-2026,06-07-2026,FALSE,22:12.2,agoda,,7.175,1,FALSE,FALSE,FALSE,FALSE,0,FALSE,Budget,TRUE,0.000949936,0.685714286,0.014713121,0.7,0.196509863,0,3,0,9,0
Ramada by Wyndham Navi Mumbai,281466,Mumbai,Navi Mumbai,Agoda,65.77,65.77,8.2,811,4,Hotel,19.10865593,73.01724243,05-07-2026,06-07-2026,FALSE,22:12.2,agoda,,7.175,1,FALSE,FALSE,FALSE,FALSE,0,FALSE,Budget,FALSE,0.001346505,0.742857143,0.022151726,0.8,0.196509863,0,3,0,9,0
ibis Thane,37791557,Mumbai,Thane,Agoda,60.29,60.29,8.1,860,3,Hotel,19.20801353,72.96405029,05-07-2026,06-07-2026,FALSE,22:12.2,agoda,,7.175,1,FALSE,FALSE,FALSE,FALSE,0,FALSE,Budget,FALSE,0.001224278,0.728571429,0.023491768,0.6,0.196509863,0,3,0,9,0
Hotel Kemps Corner,286814,Mumbai,Mumbai Central,Agoda,95.39,95.39,8.4,1189,2,Hotel,18.96354866,72.80879974,05-07-2026,06-07-2026,FALSE,22:12.2,agoda,,7.175,1,FALSE,FALSE,FALSE,FALSE,0,FALSE,Budget,TRUE,0.002007155,0.771428571,0.032489198,0.4,0.196509863,0,3,0,9,0
Holiday Inn Mumbai International Airport By IHG,178207,Mumbai,Kurla,Agoda,104.69,104.69,8.5,3631,4,Hotel,19.10311508,72.88713074,05-07-2026,06-07-2026,FALSE,22:12.2,agoda,,7.175,1,FALSE,FALSE,FALSE,FALSE,0,FALSE,Budget,FALSE,0.002214584,0.785714286,0.099272548,0.8,0.196509863,0,3,0,9,0
Hotel Ascent Star Inn Near Mumbai International Airport,74550317,Mumbai,Kurla,Agoda,32.49,32.49,8.1,30,3,Hotel,19.097796,72.888148,05-07-2026,06-07-2026,FALSE,22:12.2,agoda,,7.175,1,FALSE,FALSE,FALSE,FALSE,0,FALSE,Budget,FALSE,0.000604221,0.728571429,0.000793086,0.6,0.196509863,0,3,0,9,0
The Oriental Residency Hotel,109718,Mumbai,Khar,Agoda,78.37,78.37,7.5,1751,4,Hotel,19.06780815,72.83637238,05-07-2026,06-07-2026,FALSE,22:12.2,agoda,,7.175,1,FALSE,FALSE,FALSE,FALSE,0,FALSE,Budget,FALSE,0.001627538,0.642857143,0.047858667,0.8,0.196509863,0,3,0,9,0
Sun N Sand Mumbai Hotel,8787,Mumbai,Juhu Beach,Agoda,143.32,143.32,8.1,1858,5,Hotel,19.10945129,72.82411957,05-07-2026,06-07-2026,FALSE,22:12.2,agoda,,7.175,1,FALSE,FALSE,FALSE,FALSE,0,FALSE,Budget,FALSE,0.003076196,0.728571429,0.050784882,1,0.196509863,0,3,0,9,0
Bloom Hub WEH Andheri,55764684,Mumbai,Vile Parle,Agoda,63.8,63.8,8.7,753,4,Hotel,19.11023331,72.8536377,05-07-2026,06-07-2026,FALSE,22:12.2,agoda,,7.175,1,FALSE,FALSE,FALSE,FALSE,0,FALSE,Budget,FALSE,0.001302565,0.814285714,0.020565553,0.8,0.196509863,0,3,0,9,0
Hotel Suba Palace,298970,Mumbai,South Mumbai,Agoda,71.94,71.94,8.8,1542,3,Hotel,18.93811417,72.83248901,05-07-2026,06-07-2026,FALSE,22:12.2,agoda,,7.175,1,FALSE,FALSE,FALSE,FALSE,0,FALSE,Budget,FALSE,0.001484122,0.828571429,0.042142974,0.6,0.196509863,0,3,0,9,0
"Grand Hotel Mumbai - Ballard Estate, Fort",3068884,Mumbai,South Mumbai,Agoda,99.78,99.78,7.8,700,3,Hotel,18.93629074,72.84069061,05-07-2026,06-07-2026,FALSE,22:12.2,agoda,,7.175,1,FALSE,FALSE,FALSE,FALSE,0,FALSE,Budget,TRUE,0.002105071,0.685714286,0.019116119,0.6,0.196509863,0,3,0,9,0
Sea Princess Hotel,4052,Mumbai,Juhu Beach,Agoda,132.5,132.5,8.2,3671,5,Hotel,19.09321785,72.82791901,05-07-2026,06-07-2026,FALSE,22:12.2,agoda,,7.175,1,FALSE,FALSE,FALSE,FALSE,0,FALSE,Budget,FALSE,0.002834864,0.742857143,0.100366461,1,0.196509863,0,3,0,9,0
Hotel Hilife,86407103,Delhi,Pahar Ganj,Agoda,26.42,26.42,5.7,21,5,Hotel,28.646788,77.21254,05-07-2026,06-07-2026,FALSE,22:19.1,agoda,,7.175,1,FALSE,FALSE,FALSE,FALSE,0,FALSE,Budget,FALSE,0.000468834,0.385714286,0.000546956,1,0.196509863,0,1,0,9,0
Transit POD Stay – New Delhi | Airport Transit,84440293,Delhi,Pahar Ganj,Agoda,7.06,7.06,8.5,94,3,Hostel,28.64121368,77.22367993,05-07-2026,06-07-2026,FALSE,22:19.1,agoda,,7.175,1,FALSE,FALSE,FALSE,FALSE,0,TRUE,Budget,FALSE,3.70E-05,0.785714286,0.002543346,0.6,0.196509863,0,1,0,8,0
Hotel O Fazalpur,38681870,Delhi,East Delhi,Agoda,13.58,13.58,8.3,33,3,Hotel,28.62672234,77.30008698,05-07-2026,06-07-2026,FALSE,22:19.1,agoda,,7.175,1,FALSE,FALSE,FALSE,FALSE,0,FALSE,Budget,FALSE,0.000182448,0.757142857,0.00087513,0.6,0.196509863,0,1,0,9,0
The Park New Delhi Hotel,4877,Delhi,Central Delhi,Agoda,63.77,63.77,7.4,5837,5,Hotel,28.62893105,77.21612549,05-07-2026,06-07-2026,FALSE,22:19.1,agoda,,7.175,1,FALSE,FALSE,FALSE,FALSE,0,FALSE,Budget,FALSE,0.001301896,0.628571429,0.159601816,1,0.196509863,0,1,0,9,0
Hotel Pearl,8348930,Delhi,Indira Gandhi Int'l Airport,Agoda,2083.326,2083.326,8.4,4530,3,Hotel,28.54787636,77.12696075,05-07-2026,06-07-2026,,22:19.1,agoda,,7.175,1,FALSE,FALSE,FALSE,FALSE,0,FALSE,Mid-Range,FALSE,0.046346482,0.771428571,0.123858229,0.6,0.196509863,0,1,0,9,2
ibis New Delhi Aerocity - An AccorHotels Brand,399929,Delhi,Indira Gandhi Int'l Airport,Agoda,50.41,50.41,7.7,5141,3,Hotel,28.55142593,77.12326813,05-07-2026,06-07-2026,FALSE,22:19.1,agoda,,7.175,1,FALSE,FALSE,FALSE,FALSE,0,FALSE,Budget,FALSE,0.001003912,0.671428571,0.140567741,0.6,0.196509863,0,1,0,9,0
Hotel East Residency Delhi Airport,41968271,Delhi,Indira Gandhi Int'l Airport,Agoda,21.16,21.16,6.8,163,3,Hotel,28.54925156,77.13074493,05-07-2026,06-07-2026,FALSE,22:19.1,agoda,,7.175,1,FALSE,FALSE,FALSE,FALSE,0,FALSE,Budget,FALSE,0.000351514,0.542857143,0.004430345,0.6,0.196509863,0,1,0,9,0
Calista Boutique Hotel Near Yashobhoomi,63406133,Delhi,Indira Gandhi Int'l Airport,Agoda,16.38,16.38,8.3,39,4,Hotel,28.52232552,77.0891037,05-07-2026,06-07-2026,FALSE,22:19.1,agoda,,7.175,1,FALSE,FALSE,FALSE,FALSE,0,FALSE,Budget,FALSE,0.0002449,0.757142857,0.001039217,0.8,0.196509863,0,1,0,9,0
The LaLiT New Delhi,43775,Delhi,Central Delhi,Agoda,99.16,99.16,8.3,11763,5,Hotel,28.63062286,77.22711945,05-07-2026,06-07-2026,FALSE,22:19.1,agoda,,7.175,1,FALSE,FALSE,FALSE,FALSE,0,FALSE,Budget,TRUE,0.002091242,0.757142857,0.321664935,1,0.196509863,0,1,0,9,0
ROYAL RESIDENCY,84891429,Delhi,Indira Gandhi Int'l Airport,Agoda,14.14,14.14,8.4,15,3,Hotel,28.54599442,77.1235292,05-07-2026,06-07-2026,FALSE,22:19.1,agoda,,7.175,1,FALSE,FALSE,FALSE,FALSE,0,FALSE,Budget,FALSE,0.000194939,0.771428571,0.000382869,0.6,0.196509863,0,1,0,9,0
The  Metrostay Pod Hotel,64409597,Delhi,North Delhi,Agoda,14.75,14.75,8.2,660,5,Hotel,28.64254379,77.22412109,05-07-2026,06-07-2026,FALSE,22:19.1,agoda,,7.175,1,FALSE,FALSE,FALSE,FALSE,0,FALSE,Budget,FALSE,0.000208544,0.742857143,0.018022206,1,0.196509863,0,1,0,9,0
Hotel Pinky Villa - Heritage Boutique Suites,61414403,Delhi,Pahar Ganj,Agoda,18.22,18.22,7.9,1121,4,Hotel,28.64206123,77.21164703,05-07-2026,06-07-2026,FALSE,22:19.1,agoda,,7.175,1,FALSE,FALSE,FALSE,FALSE,0,FALSE,Budget,FALSE,0.00028594,0.7,0.030629547,0.8,0.196509863,0,1,0,9,0
"The Hosteller Delhi, International Airport",81909520,Delhi,Indira Gandhi Int'l Airport,Agoda,5.4,5.4,8.8,190,3,Hostel,28.54115105,77.12985992,05-07-2026,06-07-2026,FALSE,22:19.1,agoda,,7.175,1,FALSE,FALSE,FALSE,FALSE,0,TRUE,Budget,FALSE,0,0.828571429,0.005168736,0.6,0.196509863,0,1,0,8,0
Hotel Grand Shalimar by JMD Group Near IGI Airport Aerocity New Delhi,81624383,Delhi,Indira Gandhi Int'l Airport,Agoda,55.45,55.45,8.5,215,4,Hotel,28.550388,77.129166,05-07-2026,06-07-2026,FALSE,22:19.1,agoda,,7.175,1,FALSE,FALSE,FALSE,FALSE,0,FALSE,Budget,FALSE,0.001116325,0.785714286,0.005852431,0.8,0.196509863,0,1,0,9,0
Holiday Inn New Delhi Aerocity By IHG,547163,Delhi,Indira Gandhi Int'l Airport,Agoda,97.26,97.26,8.7,12312,5,Hotel,28.55023766,77.12320709,05-07-2026,06-07-2026,FALSE,22:19.1,agoda,,7.175,1,FALSE,FALSE,FALSE,FALSE,0,FALSE,Budget,FALSE,0.002048864,0.814285714,0.336678882,1,0.196509863,0,1,0,9,0
Radisson Blu Hotel New Delhi Dwarka,304050,Delhi,Dwarka,Agoda,58.1,58.1,8,6125,5,Hotel,28.5961113,77.03583527,05-07-2026,06-07-2026,FALSE,22:19.1,agoda,,7.175,1,FALSE,FALSE,FALSE,FALSE,0,FALSE,Budget,TRUE,0.001175431,0.714285714,0.167477985,1,0.196509863,0,1,0,9,0
Hotel Urban Tree near Delhi Airport,51970779,Delhi,Indira Gandhi Int'l Airport,Agoda,2083.326,2083.326,7.9,780,3,Hotel,28.55614281,77.09996033,05-07-2026,06-07-2026,,22:19.1,agoda,,7.175,1,FALSE,FALSE,FALSE,FALSE,0,FALSE,Mid-Range,FALSE,0.046346482,0.7,0.021303944,0.6,0.196509863,0,1,0,9,2
Hotel Sapphire House Paharganj,60660009,Delhi,Pahar Ganj,Agoda,35.98,35.98,8.1,932,4,Hotel,28.64206123,77.21164703,05-07-2026,06-07-2026,FALSE,22:19.1,agoda,,7.175,1,FALSE,FALSE,FALSE,FALSE,0,FALSE,Budget,FALSE,0.000682063,0.728571429,0.025460811,0.8,0.196509863,0,1,0,9,0
Hotel Karlo Kastle,10108281,Delhi,Pahar Ganj,Agoda,12.81,12.81,7.2,435,3,Hotel,28.64065361,77.21141052,05-07-2026,06-07-2026,FALSE,22:19.1,agoda,,7.175,1,FALSE,FALSE,FALSE,FALSE,0,FALSE,Budget,FALSE,0.000165274,0.6,0.011868949,0.6,0.196509863,0,1,0,9,0
The Suryaa Hotel New Delhi,276655,Delhi,South Delhi,Agoda,64.49,64.49,8.2,2817,5,Hotel,28.56157494,77.26968384,05-07-2026,06-07-2026,FALSE,22:19.1,agoda,,7.175,1,FALSE,FALSE,FALSE,FALSE,0,FALSE,Budget,FALSE,0.001317955,0.742857143,0.077011431,1,0.196509863,0,1,0,9,0
Radisson Blu Plaza Delhi Airport,9332,Delhi,Indira Gandhi Int'l Airport,Agoda,89.19,89.19,8.9,11031,5,Hotel,28.54334259,77.11971283,05-07-2026,06-07-2026,FALSE,22:19.1,agoda,,7.175,1,FALSE,FALSE,FALSE,FALSE,0,FALSE,Budget,TRUE,0.001868869,0.842857143,0.301646338,1,0.196509863,0,1,0,9,0
Gold The Royal with Luxe Rooftop Restaurant – 5 mins from Connaught Place,61453785,Delhi,Pahar Ganj,Agoda,24.25,24.25,8.6,1358,4,Hotel,28.64155769,77.21669006,05-07-2026,06-07-2026,TRUE,22:19.1,agoda,,7.175,1,FALSE,FALSE,FALSE,FALSE,0,FALSE,Budget,FALSE,0.000420434,0.8,0.037110977,0.8,0.196509863,0,1,0,9,0
Hotel Apple Villa @ New Delhi,49164848,Delhi,Pahar Ganj,Agoda,22.25,22.25,7.6,445,3,Hotel,28.64060974,77.21141052,05-07-2026,06-07-2026,FALSE,22:19.1,agoda,,7.175,1,FALSE,FALSE,FALSE,FALSE,0,FALSE,Budget,FALSE,0.000375826,0.657142857,0.012142427,0.6,0.196509863,0,1,0,9,0
Hotel Maryland Inn,86748432,Delhi,Indira Gandhi Int'l Airport,Agoda,15.8,15.8,8.5,89,3,Hotel,28.5479393,77.12876892,05-07-2026,06-07-2026,FALSE,22:19.1,agoda,,7.175,1,FALSE,FALSE,FALSE,FALSE,0,FALSE,Budget,FALSE,0.000231964,0.785714286,0.002406607,0.6,0.196509863,0,1,0,9,0
Hotel Le Roi,159199,Delhi,Pahar Ganj,Agoda,16.65,16.65,7,756,3,Hotel,28.64396095,77.21073151,05-07-2026,06-07-2026,FALSE,22:19.1,agoda,,7.175,1,FALSE,FALSE,FALSE,FALSE,0,FALSE,Budget,FALSE,0.000250922,0.571428571,0.020647596,0.6,0.196509863,0,1,0,9,0
Hotel Stay House Inn Paharganj,74761518,Delhi,Pahar Ganj,Agoda,13.54,13.54,8.1,501,3,Hotel,28.64188004,77.21488953,05-07-2026,06-07-2026,FALSE,22:19.1,agoda,,7.175,1,FALSE,FALSE,FALSE,FALSE,0,FALSE,Budget,FALSE,0.000181556,0.728571429,0.013673905,0.6,0.196509863,0,1,0,9,0
Hotel Festival Mahipalpur At Delhi Airport,52674440,Delhi,Indira Gandhi Int'l Airport,Agoda,2083.326,2083.326,8.7,320,3,Hotel,28.54802322,77.12693787,05-07-2026,06-07-2026,,22:19.1,agoda,,7.175,1,FALSE,FALSE,FALSE,FALSE,0,FALSE,Mid-Range,FALSE,0.046346482,0.814285714,0.008723951,0.6,0.196509863,0,1,0,9,2
Centaur Hotel,8491,Delhi,Indira Gandhi Int'l Airport,Agoda,41.26,41.26,5.8,4364,3,Hotel,28.54903603,77.10279846,05-07-2026,06-07-2026,FALSE,22:19.1,agoda,,7.175,1,FALSE,FALSE,FALSE,FALSE,0,FALSE,Budget,FALSE,0.000799829,0.4,0.119318493,0.6,0.196509863,0,1,0,9,0
goSTOPS Delhi - Private Rooms & Dorms,931526,Delhi,North Delhi,Agoda,10.51,10.51,7.5,980,3,Hostel,28.64081383,77.23899841,05-07-2026,06-07-2026,FALSE,22:19.1,agoda,,7.175,1,FALSE,FALSE,FALSE,FALSE,0,FALSE,Budget,FALSE,0.000113974,0.642857143,0.026773505,0.6,0.196509863,0,1,0,8,0
De Pavilion Hotel,18455017,Delhi,Indira Gandhi Int'l Airport,Agoda,19.81,19.81,6.9,1704,4,Hotel,28.5508728,77.13108826,05-07-2026,06-07-2026,FALSE,22:19.1,agoda,,7.175,1,FALSE,FALSE,FALSE,FALSE,0,FALSE,Budget,FALSE,0.000321404,0.557142857,0.046573319,0.8,0.196509863,0,1,0,9,0
Hotels Daffodils,74639954,Delhi,Central Delhi,Agoda,29.58,29.58,5.6,144,3,Hotel,28.63178062,77.2208252,05-07-2026,06-07-2026,FALSE,22:19.1,agoda,,7.175,1,FALSE,FALSE,FALSE,FALSE,0,FALSE,Budget,FALSE,0.000539316,0.371428571,0.003910737,0.6,0.196509863,0,1,0,9,0
Jaypee Vasant Continental Hotel,194807,Delhi,Indira Gandhi Int'l Airport,Agoda,63.74,63.74,8.2,2229,5,Hotel,28.55647087,77.16439819,05-07-2026,06-07-2026,FALSE,22:19.1,agoda,,7.175,1,FALSE,FALSE,FALSE,FALSE,0,FALSE,Budget,FALSE,0.001301227,0.742857143,0.060930919,1,0.196509863,0,1,0,9,0
Hotel Chanakya Inn,71166592,Delhi,Indira Gandhi Int'l Airport,Agoda,17.98,17.98,5.6,434,4,Hotel,28.54578972,77.12316132,05-07-2026,06-07-2026,FALSE,22:19.1,agoda,,7.175,1,FALSE,FALSE,FALSE,FALSE,0,FALSE,Budget,FALSE,0.000280587,0.371428571,0.011841601,0.8,0.196509863,0,1,0,9,0
Chanchal Deluxe Hotel,174400,Delhi,Pahar Ganj,Agoda,18.21,18.21,7.9,1739,3,Hotel,28.64552498,77.21727753,05-07-2026,06-07-2026,FALSE,22:19.1,agoda,,7.175,1,FALSE,FALSE,FALSE,FALSE,0,FALSE,Budget,FALSE,0.000285717,0.7,0.047530493,0.6,0.196509863,0,1,0,9,0
Hotel Dreamland Dx,34406679,Delhi,Pahar Ganj,Agoda,8.5,8.5,5.4,107,2,Hotel,28.64702415,77.21169281,05-07-2026,06-07-2026,FALSE,22:19.1,agoda,,7.175,1,FALSE,FALSE,FALSE,FALSE,0,TRUE,Budget,FALSE,6.91E-05,0.342857143,0.002898868,0.4,0.196509863,0,1,0,9,0
Hotel Diplomat Residency,301228,Delhi,South Delhi,Agoda,28.44,28.44,8.1,365,3,Hotel,28.56726074,77.24028015,05-07-2026,06-07-2026,FALSE,22:19.1,agoda,,7.175,1,FALSE,FALSE,FALSE,FALSE,0,FALSE,Budget,FALSE,0.000513889,0.728571429,0.009954603,0.6,0.196509863,0,1,0,9,0
"Hotel Z Suites, Mahipalpur - Delhi Airport",29486828,Delhi,Indira Gandhi Int'l Airport,Agoda,2083.326,2083.326,7.1,517,3.5,Hotel,28.55688,77.087234,05-07-2026,06-07-2026,,22:19.1,agoda,,7.175,1,FALSE,FALSE,FALSE,FALSE,0,FALSE,Mid-Range,FALSE,0.046346482,0.585714286,0.01411147,0.7,0.196509863,0,1,0,9,2
Beacon Hotel - Nirman Vihar New Delhi,4945011,Delhi,East Delhi,Agoda,25.58,25.58,7.2,301,3,Hotel,28.634925,77.285773,05-07-2026,06-07-2026,FALSE,22:19.1,agoda,,7.175,1,FALSE,FALSE,FALSE,FALSE,0,FALSE,Budget,FALSE,0.000450099,0.6,0.008204343,0.6,0.196509863,0,1,0,9,0
Hotel K K Casa Near New Delhi Railway Station,81525584,Delhi,Pahar Ganj,Agoda,23.1,23.1,8.4,114,4,Hotel,28.644285,77.21574,05-07-2026,06-07-2026,FALSE,22:19.1,agoda,,7.175,1,FALSE,FALSE,FALSE,FALSE,0,FALSE,Budget,FALSE,0.000394784,0.771428571,0.003090302,0.8,0.196509863,0,1,0,9,0
OPO Essential Skynex,80052287,Delhi,Indira Gandhi Int'l Airport,Agoda,21.1,21.1,8.4,37,4,Hotel,28.54385,77.123825,05-07-2026,06-07-2026,FALSE,22:19.1,agoda,,7.175,1,FALSE,FALSE,FALSE,FALSE,0,FALSE,Budget,FALSE,0.000350176,0.771428571,0.000984521,0.8,0.196509863,0,1,0,9,0
Hotel Amar International,23896109,Delhi,Pahar Ganj,Agoda,9.47,9.47,7,1035,3,Hotel,28.64284325,77.2100296,05-07-2026,06-07-2026,FALSE,22:19.1,agoda,,7.175,1,FALSE,FALSE,FALSE,FALSE,0,TRUE,Budget,FALSE,9.08E-05,0.571428571,0.028277635,0.6,0.196509863,0,1,0,9,0
Jaypee Siddharth Hotel,300693,Delhi,Karol Bagh,Agoda,54.25,54.25,7.4,1487,5,Hotel,28.6425209,77.17558289,05-07-2026,06-07-2026,FALSE,22:19.1,agoda,,7.175,1,FALSE,FALSE,FALSE,FALSE,0,FALSE,Budget,FALSE,0.00108956,0.628571429,0.040638845,1,0.196509863,0,1,0,9,0
"Le ROI Express, Paharganj",36253437,Delhi,Pahar Ganj,Agoda,21.19,21.19,8.5,1885,3,Hotel,28.64154434,77.21337891,05-07-2026,06-07-2026,FALSE,22:19.1,agoda,,7.175,1,FALSE,FALSE,FALSE,FALSE,0,FALSE,Budget,FALSE,0.000352183,0.785714286,0.051523273,0.6,0.196509863,0,1,0,9,0
Hotel Classic Diplomat,254017,Delhi,Indira Gandhi Int'l Airport,Agoda,24.97,24.97,7.5,2174,4,Hotel,28.54261017,77.11921692,05-07-2026,06-07-2026,FALSE,22:19.1,agoda,,7.175,1,FALSE,FALSE,FALSE,FALSE,0,FALSE,Budget,FALSE,0.000436493,0.642857143,0.05942679,0.8,0.196509863,0,1,0,9,0
Hotel Ramhan Palace,442340,Delhi,Indira Gandhi Int'l Airport,Agoda,24.67,24.67,7.1,2098,3,Hotel,28.54935265,77.12798309,05-07-2026,06-07-2026,FALSE,22:19.1,agoda,,7.175,1,FALSE,FALSE,FALSE,FALSE,0,FALSE,Budget,FALSE,0.000429802,0.585714286,0.057348356,0.6,0.196509863,0,1,0,9,0
Radisson Blu Marina Hotel Connaught Place,393545,Delhi,Central Delhi,Agoda,94.67,94.67,7.9,4481,5,Hotel,28.63389587,77.21723938,05-07-2026,06-07-2026,FALSE,22:19.1,agoda,,7.175,1,FALSE,FALSE,FALSE,FALSE,0,FALSE,Budget,FALSE,0.001991096,0.7,0.122518186,1,0.196509863,0,1,0,9,0
Super Townhouse Preet Vihar Metro Station,74154191,Delhi,East Delhi,Agoda,23.29,23.29,8,153,3,Hotel,28.64295769,77.28924561,05-07-2026,06-07-2026,FALSE,22:19.1,agoda,,7.175,1,FALSE,FALSE,FALSE,FALSE,0,FALSE,Budget,TRUE,0.000399022,0.714285714,0.004156867,0.6,0.196509863,0,1,0,9,0
Olivia Hotels,6376798,Delhi,Indira Gandhi Int'l Airport,Agoda,37.27,37.27,8,551,4,Hotel,28.55614281,77.09996033,05-07-2026,06-07-2026,TRUE,22:19.1,agoda,,7.175,1,FALSE,FALSE,FALSE,FALSE,0,FALSE,Budget,FALSE,0.000710835,0.714285714,0.015041295,0.8,0.196509863,0,1,0,9,0
Hyatt Centric Janakpuri New Delhi,49554670,Delhi,West Delhi,Agoda,53.33,53.33,7.6,1288,5,Hotel,28.62870026,77.0786972,05-07-2026,06-07-2026,FALSE,22:19.1,agoda,,7.175,1,FALSE,FALSE,FALSE,FALSE,0,FALSE,Budget,TRUE,0.00106904,0.657142857,0.035196631,1,0.196509863,0,1,0,9,0
Airport Hotel Mayank Residency,281577,Delhi,Indira Gandhi Int'l Airport,Agoda,11.88,11.88,6.2,398,3,Hotel,28.55456161,77.12134552,05-07-2026,06-07-2026,FALSE,22:19.1,agoda,,7.175,1,FALSE,FALSE,FALSE,FALSE,0,FALSE,Budget,FALSE,0.000144531,0.457142857,0.01085708,0.6,0.196509863,0,1,0,9,0
Townhouse Patparganj Near Max Super Speciality Hospital,66750979,Delhi,East Delhi,Agoda,18.17,18.17,7.6,197,4,Hotel,28.63622093,77.29223633,05-07-2026,06-07-2026,FALSE,22:19.1,agoda,,7.175,1,FALSE,FALSE,FALSE,FALSE,0,FALSE,Budget,FALSE,0.000284825,0.657142857,0.005360171,0.8,0.196509863,0,1,0,9,0
Hotel Royal Plaza,80580410,Delhi,Indira Gandhi Int'l Airport,Agoda,110.37,110.37,7.8,83,3,Hotel,28.54327465,77.12867932,05-07-2026,06-07-2026,FALSE,22:19.1,agoda,,7.175,1,FALSE,FALSE,FALSE,FALSE,0,FALSE,Budget,FALSE,0.002341272,0.685714286,0.00224252,0.6,0.196509863,0,1,0,9,0
Airport Hotel Grand,1165982,Delhi,Indira Gandhi Int'l Airport,Agoda,17.36,17.36,7.6,4522,3.5,Hotel,28.54505348,77.1232605,05-07-2026,06-07-2026,FALSE,22:19.1,agoda,,7.175,1,FALSE,FALSE,FALSE,FALSE,0,FALSE,Budget,FALSE,0.000266758,0.657142857,0.123639446,0.7,0.196509863,0,1,0,9,0
Hotel Jukaso Inn Down Town,532476,Delhi,Central Delhi,Agoda,40.53,40.53,7.4,1036,3,Hotel,28.63402557,77.22173309,05-07-2026,06-07-2026,TRUE,22:19.1,agoda,,7.175,1,FALSE,FALSE,FALSE,FALSE,0,FALSE,Budget,FALSE,0.000783547,0.628571429,0.028304983,0.6,0.196509863,0,1,0,9,0
Hotel Spring Stays Near US Consulate,71412279,Hyderabad,Gachibowli,Agoda,18.5,18.5,7.4,151,3,Bed & Breakfast,17.43041992,78.3227005,05-07-2026,06-07-2026,FALSE,22:25.6,agoda,,7.175,1,FALSE,FALSE,FALSE,FALSE,0,FALSE,Budget,FALSE,0.000292185,0.628571429,0.004102171,0.6,0.196509863,0,2,0,2,0
Super Townhouse OAK Hotels Banjara Hill Formerly Prime Stays,39806606,Hyderabad,Jubliee Hill,Agoda,14.4,14.4,7.9,137,4,Entire House,17.41296387,78.42392731,05-07-2026,06-07-2026,FALSE,22:25.6,agoda,,7.175,1,FALSE,FALSE,FALSE,FALSE,0,FALSE,Budget,FALSE,0.000200738,0.7,0.003719302,0.8,0.196509863,0,2,0,4,0
Super Collection O Musheerabad Metro Station Hyderabad Formerly Bhatia Residency,85558690,Hyderabad,Indira Park,Agoda,18.1,18.1,9.9,17,3,Hotel,17.41447258,78.49825287,05-07-2026,06-07-2026,FALSE,22:25.6,agoda,,7.175,1,FALSE,FALSE,FALSE,FALSE,0,FALSE,Budget,FALSE,0.000283263,0.985714286,0.000437565,0.6,0.196509863,0,2,0,9,0
Townhouse Kondapur Near Botanical Garden Formerly RRR Inn,37334184,Hyderabad,Gachibowli,Agoda,15.93,15.93,8.3,683,4,Hotel,17.4715004,78.35025024,05-07-2026,06-07-2026,FALSE,22:25.6,agoda,,7.175,1,FALSE,FALSE,FALSE,FALSE,0,FALSE,Budget,FALSE,0.000234863,0.757142857,0.018651206,0.8,0.196509863,0,2,0,9,0
HOTEL SIGNATURE BANJARA HILLS Hyderabad,79529000,Hyderabad,Banjara Hills,Agoda,129.32,129.32,8.1,271,4,Hotel,17.4080202,78.4512576,05-07-2026,06-07-2026,FALSE,22:25.6,agoda,,7.175,1,FALSE,FALSE,FALSE,FALSE,0,FALSE,Budget,FALSE,0.002763937,0.728571429,0.007383909,0.8,0.196509863,0,2,0,9,0
Hotel Royalton Hyderabad Abids,186766,Hyderabad,Abids,Agoda,39.55,39.55,7.5,2270,4,Hotel,17.39082336,78.4743042,05-07-2026,06-07-2026,FALSE,22:25.6,agoda,,7.175,1,FALSE,FALSE,FALSE,FALSE,0,FALSE,Budget,FALSE,0.000761689,0.642857143,0.06205218,0.8,0.196509863,0,2,0,9,0
Swanotel Gachibowli,52114985,Hyderabad,Gachibowli,Agoda,2083.326,2083.326,8.3,1267,3,Hotel,17.42224312,78.38247681,05-07-2026,06-07-2026,,22:25.6,agoda,,7.175,1,FALSE,FALSE,FALSE,FALSE,0,FALSE,Mid-Range,FALSE,0.046346482,0.757142857,0.034622327,0.6,0.196509863,0,2,0,9,2
The Park Hyderabad Hotel,178188,Hyderabad,Banjara Hills,Agoda,69.81,69.81,8.2,8509,5,Hotel,17.42352704,78.46244574,05-07-2026,06-07-2026,FALSE,22:25.6,agoda,,7.175,1,FALSE,FALSE,FALSE,FALSE,0,FALSE,Budget,FALSE,0.001436614,0.742857143,0.232675163,1,0.196509863,0,2,0,9,0
Collection O ISB Gachibowli,63407400,Hyderabad,Gachibowli,Agoda,13.35,13.35,8.1,413,3,Hotel,17.4401722,78.33196259,05-07-2026,06-07-2026,FALSE,22:25.6,agoda,,7.175,1,FALSE,FALSE,FALSE,FALSE,0,FALSE,Budget,FALSE,0.000177318,0.728571429,0.011267297,0.6,0.196509863,0,2,0,9,0
Holiday Inn Express Hyderabad Banjara Hills By IHG,5835271,Hyderabad,Banjara Hills,Agoda,38.35,38.35,7,2198,3,Hotel,17.41720009,78.45398712,05-07-2026,06-07-2026,FALSE,22:25.6,agoda,,7.175,1,FALSE,FALSE,FALSE,FALSE,0,FALSE,Budget,TRUE,0.000734923,0.571428571,0.060083137,0.6,0.196509863,0,2,0,9,0
Townhouse OAK Secunderabad Near Railway Station Formerly Hotel Brahma,37847155,Hyderabad,Banjara Hills,Agoda,10.22,10.22,6.9,126,4,Hotel,17.42388916,78.45441437,05-07-2026,06-07-2026,FALSE,22:25.6,agoda,,7.175,1,FALSE,FALSE,FALSE,FALSE,0,FALSE,Budget,FALSE,0.000107506,0.557142857,0.003418476,0.8,0.196509863,0,2,0,9,0
Hotel Marigold Kokapet,67449404,Hyderabad,Gandipet,Agoda,12.15,12.15,8.2,233,3,Hotel,17.39943695,78.33443451,05-07-2026,06-07-2026,FALSE,22:25.6,agoda,,7.175,1,FALSE,FALSE,FALSE,FALSE,0,FALSE,Budget,FALSE,0.000150553,0.742857143,0.006344692,0.6,0.196509863,0,2,0,9,0
Super Townhouse Nanak Ram Guda Near WaveRock SEZ,55508737,Hyderabad,Gachibowli,Agoda,13.94,13.94,6.9,468,4,Hotel,17.41794014,78.35040283,05-07-2026,06-07-2026,FALSE,22:25.6,agoda,,7.175,1,FALSE,FALSE,FALSE,FALSE,0,FALSE,Budget,TRUE,0.000190478,0.557142857,0.012771427,0.8,0.196509863,0,2,0,9,0
Holiday Inn Express Hyderabad Hitec City By IHG,5500129,Hyderabad,Gachibowli,Agoda,41.1,41.1,7.1,2109,3,Hotel,17.44717407,78.3731308,05-07-2026,06-07-2026,FALSE,22:25.6,agoda,,7.175,1,FALSE,FALSE,FALSE,FALSE,0,FALSE,Budget,FALSE,0.00079626,0.585714286,0.057649182,0.6,0.196509863,0,2,0,9,0
Grand Continent Premier Banjara Hills,72249019,Hyderabad,Banjara Hills,Agoda,34.73,34.73,8.5,478,4,Hotel,17.42847061,78.43496704,05-07-2026,06-07-2026,FALSE,22:25.6,agoda,,7.175,1,FALSE,FALSE,FALSE,FALSE,0,FALSE,Budget,FALSE,0.000654182,0.785714286,0.013044905,0.8,0.196509863,0,2,0,9,0
Palette Naveena Grand Hyderabad,37694258,Hyderabad,Jubliee Hill,Agoda,27.03,27.03,7.8,138,4,Hotel,17.41706657,78.3901062,05-07-2026,06-07-2026,FALSE,22:25.6,agoda,,7.175,1,FALSE,FALSE,FALSE,FALSE,0,FALSE,Budget,FALSE,0.00048244,0.685714286,0.00374665,0.8,0.196509863,0,2,0,9,0
Hotel Sriveda,60691812,Hyderabad,Abids,Agoda,15.18,15.18,8.4,229,3,Hotel,17.38793755,78.47541046,05-07-2026,06-07-2026,FALSE,22:25.6,agoda,,7.175,1,FALSE,FALSE,FALSE,FALSE,0,FALSE,Budget,FALSE,0.000218135,0.771428571,0.006235301,0.6,0.196509863,0,2,0,9,0
Park Continental Banjara Hills,2351155,Hyderabad,Banjara Hills,Agoda,25.96,25.96,6.5,229,3,Hotel,17.39890862,78.44394684,05-07-2026,06-07-2026,FALSE,22:25.6,agoda,,7.175,1,FALSE,FALSE,FALSE,FALSE,0,FALSE,Budget,FALSE,0.000458574,0.5,0.006235301,0.6,0.196509863,0,2,0,9,0
Indigo Line Hotel,83260423,Hyderabad,Banjara Hills,Agoda,2083.326,2083.326,5.8,85,4,Bed & Breakfast,17.4037637,78.4531863,05-07-2026,06-07-2026,,22:25.6,agoda,,7.175,1,FALSE,FALSE,FALSE,FALSE,0,FALSE,Mid-Range,FALSE,0.046346482,0.4,0.002297216,0.8,0.196509863,0,2,0,2,2
Olive Hotel Hitec City by Embassy Group,81072903,Hyderabad,Madhapur,Agoda,23,23,9.1,664,3,Hotel,17.45119758,78.38942304,05-07-2026,06-07-2026,FALSE,22:25.6,agoda,,7.175,1,FALSE,FALSE,FALSE,FALSE,0,FALSE,Budget,FALSE,0.000392554,0.871428571,0.018131598,0.6,0.196509863,0,2,0,9,0
Hotel Greenpark Hyderabad,334610,Hyderabad,Begumpet,Agoda,48.84,48.84,8.4,1164,4,Hotel,17.43678284,78.45375824,05-07-2026,06-07-2026,FALSE,22:25.6,agoda,,7.175,1,FALSE,FALSE,FALSE,FALSE,0,FALSE,Budget,FALSE,0.000968895,0.771428571,0.031805502,0.8,0.196509863,0,2,0,9,0
Super Townhouse Golden Temple Manikonda,76844933,Hyderabad,Rajiv Gandhi International Airport,Agoda,15,15,8.2,71,4,Hotel,17.39780426,78.37696075,05-07-2026,06-07-2026,FALSE,22:25.6,agoda,,7.175,1,FALSE,FALSE,FALSE,FALSE,0,FALSE,Budget,FALSE,0.00021412,0.742857143,0.001914347,0.8,0.196509863,0,2,0,9,0
MONDAY PREMIUM Madhapur,79598636,Hyderabad,Madhapur,Agoda,29.39,29.39,8.5,112,4,Hotel,17.442558,78.393005,05-07-2026,06-07-2026,FALSE,22:25.6,agoda,,7.175,1,FALSE,FALSE,FALSE,FALSE,0,FALSE,Budget,FALSE,0.000535078,0.785714286,0.003035607,0.8,0.196509863,0,2,0,9,0
Hotel Prime Classic,37151137,Hyderabad,Rajiv Gandhi International Airport,Agoda,15.32,15.32,8,556,3,Hotel,17.25906563,78.38106537,05-07-2026,06-07-2026,FALSE,22:25.6,agoda,,7.175,1,FALSE,FALSE,FALSE,FALSE,0,FALSE,Budget,FALSE,0.000221258,0.714285714,0.015178034,0.6,0.196509863,0,2,0,9,0
Townhouse Hi Tech City Hyderabad,18622185,Hyderabad,Gachibowli,Agoda,20.96,20.96,6.9,360,4,Hotel,17.44620705,78.37888336,05-07-2026,06-07-2026,TRUE,22:25.6,agoda,,7.175,1,FALSE,FALSE,FALSE,FALSE,0,FALSE,Budget,FALSE,0.000347053,0.557142857,0.009817864,0.8,0.196509863,0,2,0,9,0
Super Collection O Erragadda Metro Station Formerly Golden Gate,80621511,Hyderabad,Begumpet,Agoda,13.11,13.11,8.2,293,3,Hotel,17.45791626,78.4469223,05-07-2026,06-07-2026,FALSE,22:25.6,agoda,,7.175,1,FALSE,FALSE,FALSE,FALSE,0,FALSE,Budget,TRUE,0.000171965,0.742857143,0.00798556,0.6,0.196509863,0,2,0,9,0
iStay Hotels Hitec City Hyderabad,9365578,Hyderabad,Gachibowli,Agoda,17.68,17.68,8,633,3,Hotel,17.45331955,78.368927,05-07-2026,06-07-2026,FALSE,22:25.6,agoda,,7.175,1,FALSE,FALSE,FALSE,FALSE,0,FALSE,Budget,FALSE,0.000273896,0.714285714,0.017283816,0.6,0.196509863,0,2,0,9,0
ADITYA PARK HYDERABAD,148837,Hyderabad,Begumpet,Agoda,38.58,38.58,7.8,822,4,Hotel,17.43677711,78.44644928,05-07-2026,06-07-2026,FALSE,22:25.6,agoda,,7.175,1,FALSE,FALSE,FALSE,FALSE,0,FALSE,Budget,FALSE,0.000740053,0.685714286,0.022452552,0.8,0.196509863,0,2,0,9,0
Hotel Elite Walker Town,86658150,Hyderabad,Secunderabad,Agoda,2083.326,2083.326,9,8,3,Hotel,17.42490387,78.50784302,05-07-2026,06-07-2026,,22:25.6,agoda,,7.175,1,FALSE,FALSE,FALSE,FALSE,0,FALSE,Mid-Range,FALSE,0.046346482,0.857142857,0.000191435,0.6,0.196509863,0,2,0,9,2
"Trunk and Trolley, Financial District, A Luxury Boutique Hotel",72047090,Hyderabad,Gachibowli,Agoda,34.52,34.52,8.4,219,4,Hotel,17.41612053,78.35248566,05-07-2026,06-07-2026,FALSE,22:25.6,agoda,,7.175,1,FALSE,FALSE,FALSE,FALSE,0,FALSE,Budget,FALSE,0.000649498,0.771428571,0.005961822,0.8,0.196509863,0,2,0,9,0
Radisson Hyderabad Hitec City,280275,Hyderabad,Gachibowli,Agoda,110.86,110.86,7.6,2377,4.5,Hotel,17.44816399,78.35601807,05-07-2026,06-07-2026,FALSE,22:25.6,agoda,,7.175,1,FALSE,FALSE,FALSE,FALSE,0,FALSE,Budget,FALSE,0.002352201,0.657142857,0.064978395,0.9,0.196509863,0,2,0,9,0
"FabHotel Prime Veeraj Suites - Nr. Skyview10, Lumbini Avenue, Gachibowli",76671606,Hyderabad,Gachibowli,Agoda,23.32,23.32,7.4,9,3,Hotel,17.43216896,78.37397766,05-07-2026,06-07-2026,FALSE,22:25.6,agoda,,7.175,1,FALSE,FALSE,FALSE,FALSE,0,FALSE,Budget,FALSE,0.000399691,0.628571429,0.000218782,0.6,0.196509863,0,2,0,9,0
Avasa Hotel,339623,Hyderabad,Madhapur,Agoda,69.95,69.95,8.6,1596,5,Hotel,17.44722748,78.38381195,05-07-2026,06-07-2026,FALSE,22:25.6,agoda,,7.175,1,FALSE,FALSE,FALSE,FALSE,0,FALSE,Budget,TRUE,0.001439736,0.8,0.043619756,1,0.196509863,0,2,0,9,0
Katriya Hotel & Towers,62095471,Hyderabad,Banjara Hills,Agoda,28.15,28.15,5.6,1277,3,Hotel,17.42478943,78.45691681,05-07-2026,06-07-2026,FALSE,22:25.6,agoda,,7.175,1,FALSE,FALSE,FALSE,FALSE,0,FALSE,Budget,FALSE,0.000507421,0.371428571,0.034895805,0.6,0.196509863,0,2,0,9,0
Hotel Minerva Grand Secunderabad,300679,Hyderabad,Secunderabad,Agoda,33.3,33.3,7.5,1061,3,Hotel,17.44050026,78.49285889,05-07-2026,06-07-2026,FALSE,22:25.6,agoda,,7.175,1,FALSE,FALSE,FALSE,FALSE,0,FALSE,Budget,FALSE,0.000622287,0.642857143,0.028988678,0.6,0.196509863,0,2,0,9,0
Marigold By Green Park,339735,Hyderabad,Begumpet,Agoda,53.27,53.27,8.6,1430,5,Hotel,17.437401,78.45459,05-07-2026,06-07-2026,FALSE,22:25.6,agoda,,7.175,1,FALSE,FALSE,FALSE,FALSE,0,FALSE,Budget,FALSE,0.001067702,0.8,0.03908002,1,0.196509863,0,2,0,9,0
Super Townhouse Financial District Circle Hyderabad,81256450,Hyderabad,Gachibowli,Agoda,13.98,13.98,8.4,74,4,Hotel,17.41385078,78.35012054,05-07-2026,06-07-2026,FALSE,22:25.6,agoda,,7.175,1,FALSE,FALSE,FALSE,FALSE,0,FALSE,Budget,FALSE,0.00019137,0.771428571,0.00199639,0.8,0.196509863,0,2,0,9,0
Super Collection O Madhapur,45026017,Hyderabad,Madhapur,Agoda,20.33,20.33,7.9,404,3,Hotel,17.44495583,78.3870163,05-07-2026,06-07-2026,FALSE,22:25.6,agoda,,7.175,1,FALSE,FALSE,FALSE,FALSE,0,FALSE,Budget,FALSE,0.000333002,0.7,0.011021167,0.6,0.196509863,0,2,0,9,0
Indigo Iine Hotels,84961936,Hyderabad,Gachibowli,Agoda,2083.326,2083.326,3.9,4,4,Hotel,17.44769388,78.37655736,05-07-2026,06-07-2026,,22:25.6,agoda,,7.175,1,FALSE,FALSE,FALSE,FALSE,0,FALSE,Mid-Range,FALSE,0.046346482,0.128571429,8.20E-05,0.8,0.196509863,0,2,0,9,2
Yellow Sapphire Hotel Gachibowli,69511251,Hyderabad,Gachibowli,Agoda,21.8,21.8,8.9,287,3,Hotel,17.42643166,78.32888031,05-07-2026,06-07-2026,FALSE,22:25.6,agoda,,7.175,1,FALSE,FALSE,FALSE,FALSE,0,FALSE,Budget,FALSE,0.000365789,0.842857143,0.007821473,0.6,0.196509863,0,2,0,9,0
Hotel O Lakdikapul Near Birla Mandir,68731010,Hyderabad,Abids,Agoda,16.53,16.53,7,50,3,Hotel,17.40424919,78.46704102,05-07-2026,06-07-2026,FALSE,22:25.6,agoda,,7.175,1,FALSE,FALSE,FALSE,FALSE,0,FALSE,Budget,FALSE,0.000248246,0.571428571,0.001340043,0.6,0.196509863,0,2,0,9,0
Super Townhouse Shamshabad Near Airport,58945986,Hyderabad,Rajiv Gandhi International Airport,Agoda,11.04,11.04,7.1,180,4,Hotel,17.26485062,78.39157867,05-07-2026,06-07-2026,FALSE,22:25.6,agoda,,7.175,1,FALSE,FALSE,FALSE,FALSE,0,FALSE,Budget,FALSE,0.000125796,0.585714286,0.004895258,0.8,0.196509863,0,2,0,9,0
Hotel Marigold Atnest,38098678,Hyderabad,Gachibowli,Agoda,11.96,11.96,7.6,1320,3,Hotel,17.44162178,78.35746765,05-07-2026,06-07-2026,FALSE,22:25.6,agoda,,7.175,1,FALSE,FALSE,FALSE,FALSE,0,FALSE,Budget,FALSE,0.000146316,0.657142857,0.036071761,0.6,0.196509863,0,2,0,9,0
"Hotel Deccan Serai Grandé , Gachibowli, Hyderabad",33862388,Hyderabad,Gachibowli,Agoda,45.6,45.6,8.7,2598,4,Hotel,17.43721199,78.36714172,05-07-2026,06-07-2026,FALSE,22:25.6,agoda,,7.175,1,FALSE,FALSE,FALSE,FALSE,0,FALSE,Budget,FALSE,0.000896629,0.814285714,0.071022261,0.8,0.196509863,0,2,0,9,0
Super Townhouse Kokapet Formerly Aarian Tej Nilayam,62079207,Hyderabad,Gandipet,Agoda,10.83,10.83,8.4,489,4,Hotel,17.40024248,78.33290731,05-07-2026,06-07-2026,FALSE,22:25.6,agoda,,7.175,1,FALSE,FALSE,FALSE,FALSE,0,FALSE,Budget,FALSE,0.000121112,0.771428571,0.013345731,0.8,0.196509863,0,2,0,9,0
Taj Tristar,111373,Hyderabad,Secunderabad,Agoda,36.66,36.66,7.8,1604,4,Hotel,17.44120026,78.49373627,05-07-2026,06-07-2026,FALSE,22:25.6,agoda,,7.175,1,FALSE,FALSE,FALSE,FALSE,0,FALSE,Budget,FALSE,0.000697229,0.685714286,0.043838539,0.8,0.196509863,0,2,0,9,0
Collection O Srisailam Highway,64358825,Hyderabad,Rajiv Gandhi International Airport,Agoda,15,15,8.9,130,3,Hotel,17.25930214,78.47125244,05-07-2026,06-07-2026,FALSE,22:25.6,agoda,,7.175,1,FALSE,FALSE,FALSE,FALSE,0,FALSE,Budget,FALSE,0.00021412,0.842857143,0.003527867,0.6,0.196509863,0,2,0,9,0
"Hotel Aerotel,Hyderabad",55199598,Hyderabad,Rajiv Gandhi International Airport,Agoda,23.28,23.28,8.2,332,3,Hotel,17.25937843,78.38179016,05-07-2026,06-07-2026,FALSE,22:25.6,agoda,,7.175,1,FALSE,FALSE,FALSE,FALSE,0,FALSE,Budget,FALSE,0.000398799,0.742857143,0.009052125,0.6,0.196509863,0,2,0,9,0
RCC Hotels Gachibowli,81214057,Hyderabad,Gachibowli,Agoda,32.58,32.58,8.7,697,3,Hotel,17.43814684,78.36221529,05-07-2026,06-07-2026,FALSE,22:25.6,agoda,,7.175,1,FALSE,FALSE,FALSE,FALSE,0,FALSE,Budget,FALSE,0.000606228,0.814285714,0.019034075,0.6,0.196509863,0,2,0,9,0
BAEL TREE HOTEL Madhapur,82173090,Hyderabad,Madhapur,Agoda,17.42,17.42,8.6,283,3,Hotel,17.452047,78.39289,05-07-2026,06-07-2026,FALSE,22:25.6,agoda,,7.175,1,FALSE,FALSE,FALSE,FALSE,0,FALSE,Budget,FALSE,0.000268097,0.8,0.007712082,0.6,0.196509863,0,2,0,9,0
Hotel Lake View Airport Zone,38101442,Hyderabad,Rajiv Gandhi International Airport,Agoda,19.31,19.31,6.8,224,3,Hotel,17.25995636,78.38542175,05-07-2026,06-07-2026,FALSE,22:25.6,agoda,,7.175,1,FALSE,FALSE,FALSE,FALSE,0,FALSE,Budget,FALSE,0.000310251,0.542857143,0.006098562,0.6,0.196509863,0,2,0,9,0
"Vivanta Hyderabad, Begumpet",294119,Hyderabad,Begumpet,Agoda,66.86,66.86,8.7,611,5,Hotel,17.44341469,78.46066284,05-07-2026,06-07-2026,FALSE,22:25.6,agoda,,7.175,1,FALSE,FALSE,FALSE,FALSE,0,FALSE,Budget,FALSE,0.001370816,0.814285714,0.016682164,1,0.196509863,0,2,0,9,0
The Golkonda Hotel,110363,Hyderabad,Banjara Hills,Agoda,52.22,52.22,7.8,1479,4,Hotel,17.40450096,78.45370483,05-07-2026,06-07-2026,FALSE,22:25.6,agoda,,7.175,1,FALSE,FALSE,FALSE,FALSE,0,FALSE,Budget,TRUE,0.001044283,0.685714286,0.040420062,0.8,0.196509863,0,2,0,9,0
La Sky Boutique Hotel Airport Zone Hyderabad,58596518,Hyderabad,Rajiv Gandhi International Airport,Agoda,9.08,9.08,7.8,499,3,Hotel,17.25940704,78.3821106,05-07-2026,06-07-2026,FALSE,22:25.6,agoda,,7.175,1,FALSE,FALSE,FALSE,FALSE,0,TRUE,Budget,FALSE,8.21E-05,0.685714286,0.013619209,0.6,0.196509863,0,2,0,9,0
"St. Mark's Hotel Bengaluru, a member of Radisson Individuals",7924,Bangalore,Bangalore City Center,Agoda,116.72,116.72,8.9,881,4.5,Hotel,12.96921444,77.60022736,05-07-2026,06-07-2026,FALSE,22:32.3,agoda,,7.175,1,FALSE,FALSE,FALSE,FALSE,0,FALSE,Budget,FALSE,0.002482904,0.842857143,0.024066072,0.9,0.196509863,0,0,0,9,0
DoubleTree Suites by Hilton Bengaluru Outer Ring Road,532465,Bangalore,Marathahalli,Agoda,153.98,153.98,8.4,253,4,Hotel,12.91921425,77.66516876,05-07-2026,06-07-2026,FALSE,22:32.3,agoda,,7.175,1,FALSE,FALSE,FALSE,FALSE,0,FALSE,Budget,FALSE,0.003313958,0.771428571,0.006891648,0.8,0.196509863,0,0,0,9,0
Ravishing Retreat Resort,34736334,Bangalore,Kumbalgodu,Agoda,59.39,59.39,7.6,958,4,Resort,12.79098701,77.2995224,05-07-2026,06-07-2026,FALSE,22:32.3,agoda,,7.175,1,FALSE,FALSE,FALSE,FALSE,0,FALSE,Budget,FALSE,0.001204204,0.657142857,0.026171854,0.8,0.196509863,0,0,0,12,0
ibis Bengaluru Outer Ring Road,255659,Bangalore,Marathahalli,Agoda,107.78,107.78,8,439,4,Hotel,12.92971897,77.6830368,05-07-2026,06-07-2026,FALSE,22:32.3,agoda,,7.175,1,FALSE,FALSE,FALSE,FALSE,0,FALSE,Budget,FALSE,0.002283504,0.714285714,0.011978341,0.8,0.196509863,0,0,0,9,0
SRS Springs Hotel & Spa,433079,Bangalore,Bangalore City Center,Agoda,44.98,44.98,7.5,760,3,Hotel,12.95672989,77.5835495,05-07-2026,06-07-2026,FALSE,22:32.3,agoda,,7.175,1,FALSE,FALSE,FALSE,FALSE,0,FALSE,Budget,FALSE,0.0008828,0.642857143,0.020756987,0.6,0.196509863,0,0,0,9,0
Grand Mercure Bangalore - an Accor Hotels Brand,148650,Bangalore,Kormangala,Agoda,120.1,120.1,8.6,652,5,Hotel,12.9290657,77.62767029,05-07-2026,06-07-2026,FALSE,22:32.3,agoda,,7.175,1,FALSE,FALSE,FALSE,FALSE,0,FALSE,Budget,FALSE,0.002558292,0.8,0.017803424,1,0.196509863,0,0,0,9,0
Ibis Bengaluru Hosur Road Hotel - An AccorHotels Brand,325691,Bangalore,Electronic City,Agoda,53.16,53.16,7.8,1248,4,Hotel,12.90056419,77.63211823,05-07-2026,06-07-2026,FALSE,22:32.3,agoda,,7.175,1,FALSE,FALSE,FALSE,FALSE,0,FALSE,Budget,FALSE,0.001065249,0.685714286,0.034102718,0.8,0.196509863,0,0,0,9,0
"U by Z Hotels, Richmond Circle",78227172,Bangalore,Kormangala,Agoda,27.13,27.13,9.3,19,3,Hotel,12.96552467,77.58979034,05-07-2026,06-07-2026,FALSE,22:32.3,agoda,,7.175,1,FALSE,FALSE,FALSE,FALSE,0,FALSE,Budget,FALSE,0.00048467,0.9,0.000492261,0.6,0.196509863,0,0,0,9,0
UPAR Hotels Indiranagar,31571320,Bangalore,Indiranagar,Agoda,2083.326,2083.326,7.8,702,3,Hotel,12.97051048,77.64585876,05-07-2026,06-07-2026,,22:32.3,agoda,,7.175,1,FALSE,FALSE,FALSE,FALSE,0,FALSE,Mid-Range,FALSE,0.046346482,0.685714286,0.019170814,0.6,0.196509863,0,0,0,9,2
Ramada Encore by Wyndham Bangalore Domlur,567483,Bangalore,Marathahalli,Agoda,54.81,54.81,8.4,1492,4,Hotel,12.95540714,77.64105988,05-07-2026,06-07-2026,FALSE,22:32.3,agoda,,7.175,1,FALSE,FALSE,FALSE,FALSE,0,FALSE,Budget,FALSE,0.001102051,0.771428571,0.040775584,0.8,0.196509863,0,0,0,9,0
Bloomrooms @ Indiranagar,1119197,Bangalore,Indiranagar,Agoda,34.53,34.53,8.5,413,3,Hotel,12.9688673,77.64160919,05-07-2026,06-07-2026,FALSE,22:32.3,agoda,,7.175,1,FALSE,FALSE,FALSE,FALSE,0,FALSE,Budget,FALSE,0.000649721,0.785714286,0.011267297,0.6,0.196509863,0,0,0,9,0
Townhouse Karmelaram Railway Station Sarjapur,12488883,Bangalore,Marathahalli,Agoda,16.74,16.74,7.4,1019,4,Guesthouse/bed and breakfast,12.91577816,77.69836426,05-07-2026,06-07-2026,FALSE,22:32.3,agoda,,7.175,1,FALSE,FALSE,FALSE,FALSE,0,FALSE,Budget,FALSE,0.00025293,0.628571429,0.02784007,0.8,0.196509863,0,0,0,6,0
Collection O Vazhapadi Bus Terminal Formerly Hotel Phoenix,85139733,Bangalore,Electronic City,Agoda,9.6,9.6,8.8,27,3,Hotel,11.65801907,78.38093567,05-07-2026,06-07-2026,FALSE,22:32.3,agoda,,7.175,1,FALSE,FALSE,FALSE,FALSE,0,TRUE,Budget,FALSE,9.37E-05,0.828571429,0.000711043,0.6,0.196509863,0,0,0,9,0
Hotel Le Grandeur,41684249,Bangalore,Bangalore City Center,Agoda,42.23,42.23,8,154,3,Hotel,12.94760704,77.56851196,05-07-2026,06-07-2026,FALSE,22:32.3,agoda,,7.175,1,FALSE,FALSE,FALSE,FALSE,0,FALSE,Budget,FALSE,0.000821464,0.714285714,0.004184215,0.6,0.196509863,0,0,0,9,0
The Chancery Hotel,43714,Bangalore,Bangalore City Center,Agoda,49.31,49.31,8.1,2914,4,Hotel,12.97582817,77.59962463,05-07-2026,06-07-2026,FALSE,22:32.3,agoda,,7.175,1,FALSE,FALSE,FALSE,FALSE,0,FALSE,Budget,FALSE,0.000979378,0.728571429,0.079664169,0.8,0.196509863,0,0,0,9,0
Aiden by Best Western Hennur Bengaluru,40703463,Bangalore,HRBR Layout,Agoda,49.31,49.31,8.9,204,0,Hotel,13.04008389,77.63944244,05-07-2026,06-07-2026,FALSE,22:32.3,agoda,,7.175,1,FALSE,FALSE,FALSE,FALSE,0,FALSE,Budget,FALSE,0.000979378,0.842857143,0.005551605,0,0.196509863,0,0,0,9,0
Howard Johnson by Wyndham Bengaluru Hebbal,547398,Bangalore,RT Nagar,Agoda,54.67,54.67,7.6,1551,4,Hotel,13.04442787,77.62613678,05-07-2026,06-07-2026,FALSE,22:32.3,agoda,,7.175,1,FALSE,FALSE,FALSE,FALSE,0,FALSE,Budget,FALSE,0.001098928,0.657142857,0.042389105,0.8,0.196509863,0,0,0,9,0
ICON BUSINESS BY BHAGINI,3613605,Bangalore,Whitefield,Agoda,24.95,24.95,7.7,1470,4,Hotel,12.95570755,77.71450043,05-07-2026,06-07-2026,FALSE,22:32.3,agoda,,7.175,1,FALSE,FALSE,FALSE,FALSE,0,FALSE,Budget,FALSE,0.000436047,0.671428571,0.040173932,0.8,0.196509863,0,0,0,9,0
Radisson Bengaluru City Center,5506377,Bangalore,Bangalore City Center,Agoda,98.54,98.54,8.7,1050,4,Hotel,12.97631931,77.61952972,05-07-2026,06-07-2026,FALSE,22:32.3,agoda,,7.175,1,FALSE,FALSE,FALSE,FALSE,0,FALSE,Budget,FALSE,0.002077413,0.814285714,0.028687852,0.8,0.196509863,0,0,0,9,0
The LaLiT Ashok Bangalore Hotel,159079,Bangalore,Bangalore City Center,Agoda,89.63,89.63,7.8,2186,5,Hotel,12.99223518,77.58293915,05-07-2026,06-07-2026,FALSE,22:32.3,agoda,,7.175,1,FALSE,FALSE,FALSE,FALSE,0,FALSE,Budget,FALSE,0.001878683,0.685714286,0.059754964,1,0.196509863,0,0,0,9,0
Serenity the luxurious stay,82488379,Bangalore,Indiranagar,Agoda,2083.326,2083.326,8,58,5,Hotel,12.9677723,77.6532831,05-07-2026,06-07-2026,,22:32.3,agoda,,7.175,1,FALSE,FALSE,FALSE,FALSE,0,FALSE,Mid-Range,TRUE,0.046346482,0.714285714,0.001558825,1,0.196509863,0,0,0,9,2
The Capitol Hotel,43713,Bangalore,Bangalore City Center,Agoda,48.83,48.83,6.3,433,4,Hotel,12.98226547,77.59416199,05-07-2026,06-07-2026,FALSE,22:32.3,agoda,,7.175,1,FALSE,FALSE,FALSE,FALSE,0,FALSE,Budget,FALSE,0.000968672,0.471428571,0.011814254,0.8,0.196509863,0,0,0,9,0
Ibis Bengaluru City Centre Hotel - An AccorHotels Brand,734939,Bangalore,Bangalore City Center,Agoda,55.35,55.35,7.9,1033,4,Hotel,12.96734905,77.59382629,05-07-2026,06-07-2026,FALSE,22:32.3,agoda,,7.175,1,FALSE,FALSE,FALSE,FALSE,0,FALSE,Budget,FALSE,0.001114095,0.7,0.028222939,0.8,0.196509863,0,0,0,9,0
Super Townhouse Spruce Hotels Bellandur,10676920,Bangalore,Marathahalli,Agoda,22.37,22.37,8.2,394,4,Hotel,12.92426968,77.66684723,05-07-2026,06-07-2026,FALSE,22:32.3,agoda,,7.175,1,FALSE,FALSE,FALSE,FALSE,0,FALSE,Budget,FALSE,0.000378502,0.742857143,0.010747689,0.8,0.196509863,0,0,0,9,0
Holiday Inn Express Bengaluru Bommasandra By IHG,44312364,Bangalore,Electronic City,Agoda,41.64,41.64,8.6,460,3.5,Hotel,12.81132984,77.69371033,05-07-2026,06-07-2026,FALSE,22:32.3,agoda,,7.175,1,FALSE,FALSE,FALSE,FALSE,0,FALSE,Budget,TRUE,0.000808304,0.8,0.012552645,0.7,0.196509863,0,0,0,9,0
Greenpark Bengaluru,37782592,Bangalore,Gottigere,Agoda,103.58,103.58,8.6,1274,5,Hotel,12.91452789,77.59978485,05-07-2026,06-07-2026,FALSE,22:32.3,agoda,,7.175,1,FALSE,FALSE,FALSE,FALSE,0,FALSE,Budget,TRUE,0.002189827,0.8,0.034813761,1,0.196509863,0,0,0,9,0
SM Royal Suites Transit Hotel near Kempegowda international Airport Bangalore,8169270,Bangalore,Kempegowda International Airport,Agoda,13.89,13.89,7.8,1428,2,Hotel,13.19790885,77.70124387,05-07-2026,06-07-2026,FALSE,22:32.3,agoda,,7.175,1,FALSE,FALSE,FALSE,FALSE,0,FALSE,Budget,FALSE,0.000189363,0.685714286,0.039025324,0.4,0.196509863,0,0,0,9,0
Svenska Electronic City Bangalore,286793,Bangalore,Electronic City,Agoda,37.83,37.83,7.3,2484,5,Hotel,12.83931637,77.65916443,05-07-2026,06-07-2026,FALSE,22:32.3,agoda,,7.175,1,FALSE,FALSE,FALSE,FALSE,0,FALSE,Budget,FALSE,0.000723325,0.614285714,0.067904611,1,0.196509863,0,0,0,9,0
"The Park Bangalore, MG Road",8301,Bangalore,Bangalore City Center,Agoda,77.33,77.33,8.2,3038,5,Hotel,12.97387695,77.61963654,05-07-2026,06-07-2026,FALSE,22:32.3,agoda,,7.175,1,FALSE,FALSE,FALSE,FALSE,0,FALSE,Budget,FALSE,0.001604341,0.742857143,0.083055297,1,0.196509863,0,0,0,9,0
Davanam Sarovar Portico Suites Bengaluru,344658,Bangalore,Kormangala,Agoda,86.58,86.58,8.2,989,4,Hotel,12.92161846,77.6205368,05-07-2026,06-07-2026,FALSE,22:32.3,agoda,,7.175,1,FALSE,FALSE,FALSE,FALSE,0,FALSE,Budget,FALSE,0.001810655,0.742857143,0.027019636,0.8,0.196509863,0,0,0,9,0
Hypons Hotel,31446554,Bangalore,Kormangala,Agoda,2083.326,2083.326,8.7,135,4,Hotel,12.92509747,77.6366806,05-07-2026,06-07-2026,,22:32.3,agoda,,7.175,1,FALSE,FALSE,FALSE,FALSE,0,FALSE,Mid-Range,FALSE,0.046346482,0.814285714,0.003664606,0.8,0.196509863,0,0,0,9,2
Hotel Grand Bee,727561,Bangalore,Rajajinagar,Agoda,44,44,6.9,233,3,Hotel,13.0201683,77.55451202,05-07-2026,06-07-2026,FALSE,22:32.3,agoda,,7.175,1,FALSE,FALSE,FALSE,FALSE,0,FALSE,Budget,FALSE,0.000860942,0.557142857,0.006344692,0.6,0.196509863,0,0,0,9,0
PARK AVENUE HOTEL BANGALORE,59008693,Bangalore,Kormangala,Agoda,97,97,8.6,812,3,Hotel,12.93560982,77.60807037,05-07-2026,06-07-2026,FALSE,22:32.3,agoda,,7.175,1,FALSE,FALSE,FALSE,FALSE,0,FALSE,Budget,FALSE,0.002043065,0.8,0.022179073,0.6,0.196509863,0,0,0,9,0
Super Townhouse Richmond MG Road Metro Formerly Richmond Residency,12488648,Bangalore,Bangalore City Center,Agoda,22.21,22.21,7.3,123,3,Hotel,12.96600628,77.60591125,05-07-2026,06-07-2026,FALSE,22:32.3,agoda,,7.175,1,FALSE,FALSE,FALSE,FALSE,0,FALSE,Budget,FALSE,0.000374934,0.614285714,0.003336433,0.6,0.196509863,0,0,0,9,0
Holiday Inn Express Bengaluru Yeshwantpur By IHG,5744577,Bangalore,Rajajinagar,Agoda,41.64,41.64,7.6,1603,3,Hotel,13.02497673,77.54785156,05-07-2026,06-07-2026,FALSE,22:32.3,agoda,,7.175,1,FALSE,FALSE,FALSE,FALSE,0,FALSE,Budget,FALSE,0.000808304,0.657142857,0.043811191,0.6,0.196509863,0,0,0,9,0
Hyatt Centric Mg Road Bangalore,81453,Bangalore,Bangalore City Center,Agoda,97.31,97.31,8.5,2105,5,Hotel,12.97332001,77.6217804,05-07-2026,06-07-2026,FALSE,22:32.3,agoda,,7.175,1,FALSE,FALSE,FALSE,FALSE,0,FALSE,Budget,TRUE,0.002049979,0.785714286,0.057539791,1,0.196509863,0,0,0,9,0
Hotel Ramanashree Richmond Bangalore,182,Bangalore,Bangalore City Center,Agoda,32.12,32.12,7.9,619,3.5,Hotel,12.96694851,77.59437561,05-07-2026,06-07-2026,FALSE,22:32.3,agoda,,7.175,1,FALSE,FALSE,FALSE,FALSE,0,FALSE,Budget,FALSE,0.000595968,0.7,0.016900946,0.7,0.196509863,0,0,0,9,0
Hotel Noble Nook,79288516,Bangalore,Marathahalli,Agoda,26.86,26.86,8.9,159,3,Hotel,12.96340179,77.64310455,05-07-2026,06-07-2026,FALSE,22:32.3,agoda,,7.175,1,FALSE,FALSE,FALSE,FALSE,0,FALSE,Budget,FALSE,0.000478648,0.842857143,0.004320954,0.6,0.196509863,0,0,0,9,0
"goSTOPS Bengaluru, Indiranagar -  - Private Rooms & Dorms",84662411,Bangalore,Marathahalli,Agoda,7.41,7.41,8.8,95,3,Hostel,12.964138,77.63915,05-07-2026,06-07-2026,FALSE,22:32.3,agoda,,7.175,1,FALSE,FALSE,FALSE,FALSE,0,TRUE,Budget,FALSE,4.48E-05,0.828571429,0.002570694,0.6,0.196509863,0,0,0,8,0
UPAR Hotels Brookefield,76413066,Bangalore,Whitefield,Agoda,21.48,21.48,9.3,169,3,Hotel,12.96391964,77.71238708,05-07-2026,06-07-2026,FALSE,22:32.3,agoda,,7.175,1,FALSE,FALSE,FALSE,FALSE,0,FALSE,Budget,FALSE,0.000358652,0.9,0.004594432,0.6,0.196509863,0,0,0,9,0
"Purple Brigade, Bangalore",4408276,Bangalore,Bangalore City Center,Agoda,2083.326,2083.326,7.6,165,3,Hotel,12.97390842,77.60658264,05-07-2026,06-07-2026,,22:32.3,agoda,,7.175,1,FALSE,FALSE,FALSE,FALSE,0,FALSE,Mid-Range,FALSE,0.046346482,0.657142857,0.004485041,0.6,0.196509863,0,0,0,9,2
IRIS The Business Hotel,109374,Bangalore,Bangalore City Center,Agoda,57.4,57.4,8.3,2575,4,Hotel,12.97073841,77.60701752,05-07-2026,06-07-2026,FALSE,22:32.3,agoda,,7.175,1,FALSE,FALSE,FALSE,FALSE,0,FALSE,Budget,FALSE,0.001159819,0.757142857,0.070393261,0.8,0.196509863,0,0,0,9,0
"Fortune Park JP Celestial, Bengaluru - Member ITC Hotels' Group",159160,Bangalore,Bangalore City Center,Agoda,52.61,52.61,7.6,456,4,Hotel,12.98073673,77.57626343,05-07-2026,06-07-2026,FALSE,22:32.3,agoda,,7.175,1,FALSE,FALSE,FALSE,FALSE,0,FALSE,Budget,FALSE,0.001052981,0.657142857,0.012443253,0.8,0.196509863,0,0,0,9,0
Hotel Lenexa By Bestinn Leisure,80006964,Bangalore,Indiranagar,Agoda,46.04,46.04,8.7,143,3,Hotel,12.9972476,77.6873525,05-07-2026,06-07-2026,FALSE,22:32.3,agoda,,7.175,1,FALSE,FALSE,FALSE,FALSE,0,FALSE,Budget,FALSE,0.000906443,0.814285714,0.003883389,0.6,0.196509863,0,0,0,9,0
Bloom Hub - ORR Marathahalli,41682844,Bangalore,Marathahalli,Agoda,60.56,60.56,8.8,226,4,Hotel,12.9470768,77.69917297,05-07-2026,06-07-2026,FALSE,22:32.3,agoda,,7.175,1,FALSE,FALSE,FALSE,FALSE,0,FALSE,Budget,FALSE,0.0012303,0.828571429,0.006153257,0.8,0.196509863,0,0,0,9,0
Nahar Heritage Hotel,255765,Bangalore,Bangalore City Center,Agoda,22.36,22.36,7.6,265,3,Hotel,12.97121334,77.60066986,05-07-2026,06-07-2026,FALSE,22:32.3,agoda,,7.175,1,FALSE,FALSE,FALSE,FALSE,0,FALSE,Budget,FALSE,0.000378279,0.657142857,0.007219822,0.6,0.196509863,0,0,0,9,0
Holiday Inn Express Bengaluru Whitefield Itpl By IHG,5500137,Bangalore,Krishnarajapura,Agoda,29.58,29.58,7.5,950,3,Hotel,12.98655319,77.73252869,05-07-2026,06-07-2026,FALSE,22:32.3,agoda,,7.175,1,FALSE,FALSE,FALSE,FALSE,0,FALSE,Budget,FALSE,0.000539316,0.642857143,0.025953071,0.6,0.196509863,0,0,0,9,0
Hotel Komfort Terraces,199736,Bangalore,Bangalore City Center,Agoda,18.68,18.68,6.9,239,3,Hotel,12.97480583,77.60845947,05-07-2026,06-07-2026,FALSE,22:32.3,agoda,,7.175,1,FALSE,FALSE,FALSE,FALSE,0,FALSE,Budget,FALSE,0.0002962,0.557142857,0.006508779,0.6,0.196509863,0,0,0,9,0
Goldfinch Hotel Bangalore,70669,Bangalore,Bangalore City Center,Agoda,61.05,61.05,7.8,510,4,Hotel,12.98530865,77.57942963,05-07-2026,06-07-2026,FALSE,22:32.3,agoda,,7.175,1,FALSE,FALSE,FALSE,FALSE,0,FALSE,Budget,FALSE,0.001241229,0.685714286,0.013920035,0.8,0.196509863,0,0,0,9,0
Zipp Hotel Rosalba,84664618,Bangalore,Marathahalli,Agoda,45.16,45.16,9.3,95,4,Hotel,12.9595987,77.6504847,05-07-2026,06-07-2026,FALSE,22:32.3,agoda,,7.175,1,FALSE,FALSE,FALSE,FALSE,0,FALSE,Budget,FALSE,0.000886815,0.9,0.002570694,0.8,0.196509863,0,0,0,9,0
Radisson Blu Atria Bengaluru,1785304,Bangalore,Bangalore City Center,Agoda,98.54,98.54,8.5,2202,5,Hotel,12.97986317,77.58627319,05-07-2026,06-07-2026,FALSE,22:32.3,agoda,,7.175,1,FALSE,FALSE,FALSE,FALSE,0,FALSE,Budget,FALSE,0.002077413,0.785714286,0.060192529,1,0.196509863,0,0,0,9,0
Melange Astris,255853,Bangalore,Bangalore City Center,Agoda,65.77,65.77,8.1,1924,5,Serviced apartment,12.96465778,77.59846497,05-07-2026,06-07-2026,FALSE,22:32.3,agoda,,7.175,1,FALSE,FALSE,FALSE,FALSE,0,FALSE,Budget,FALSE,0.001346505,0.728571429,0.052589838,1,0.196509863,0,0,0,13,0
Sri  Ramakrishna Hotel,59590279,Bangalore,Bangalore City Center,Agoda,20.83,20.83,7.8,107,4,Hotel,12.97746754,77.57594299,05-07-2026,06-07-2026,FALSE,22:32.3,agoda,,7.175,1,FALSE,FALSE,FALSE,FALSE,0,FALSE,Budget,FALSE,0.000344154,0.685714286,0.002898868,0.8,0.196509863,0,0,0,9,0
Super Townhouse Oak Mahadevapura Opposite Phoenix Mall Formerly Grand Wilton Inn,56837360,Bangalore,Krishnarajapura,Agoda,25.01,25.01,8.1,1154,4,Hotel,12.99404049,77.70127106,05-07-2026,06-07-2026,FALSE,22:32.3,agoda,,7.175,1,FALSE,FALSE,FALSE,FALSE,0,FALSE,Budget,FALSE,0.000437385,0.728571429,0.031532024,0.8,0.196509863,0,0,0,9,0
