hotel_name,hotel_id,city,area,platform,price_per_night_INR,original_price_INR,user_rating,total_reviews,star_rating,hotel_type,latitude,longitude,checkin_date,checkout_date,free_cancellation,breakfast_included,photo_url,scraped_at,source,rating_word,distance_from_center,url
Hotel Girgaon Palace,ChcI3vK7h-SeguAPGgsvZy8xdHMxcXEwMhAB,Mumbai,,Google Hotels,2194.0,2194.0,3.6,675.0,2.0,hotel,18.9553296,72.82065910000001,2026-07-01,2026-07-02,False,,https://lh3.googleusercontent.com/gps-cs-s/APNQkAHUTOXO4t9y5N64-Kxldb97BoJ92uqF5oSPO7EpNiJ8Pga1Q3nJ5fch9s64wJ6bR6XDCSHzZwe_U3gmF4VuMz_ePF6VOXJpRYG9fNn9l32F8RLkoekxo6b6v_wl5jrtbLNWA9UGNQ=s287-w287-h192-n-k-no-v1,2026-06-09T16:43:45.499853,master,,,
Hotel Maharana Inn - Hotels in Mumbai Chembur,ChgIsebc_tKZzrnaARoLL2cvMXYxc2pwZDEQAQ,Mumbai,,Google Hotels,2492.0,2492.0,3.9,1712.0,3.0,hotel,19.053655,72.8952536,2026-07-01,2026-07-02,False,,https://lh3.googleusercontent.com/gps-cs-s/APNQkAEyN99nqBI1bGPVHWk6Nx9h_0ZsiCVy0ykul5TUIoJB_B6yDxZOKUI2zXOQUm6BcvfuonmqwnhlNR3mRcaLs96oifh0soy0CcPHpJc-206w8JS3oZ_NDKk71gOR2OYFt697K3Ez=s287-w287-h192-n-k-no-v1,2026-06-09T16:43:45.502215,master,,,
Hotel Apex International,ChkI7oG7rPfX0Mt1Gg0vZy8xMWZrbWtmMTRxEAE,Mumbai,,Google Hotels,791.0,791.0,3.0,681.0,3.0,hotel,19.1007442,72.8814594,2026-07-01,2026-07-02,False,,https://lh3.googleusercontent.com/gps-cs-s/APNQkAH0X8IdlIc1sthNITzr9POw6sM8M19mC-Qxf8_Bnd84aI1-KYEKzIUbuD-kMY2Ul4iXIr0Py5GJI9YHBdVBkK-JfZ0myHZT94ZR8IyHr2S4LTgJDnD6GqKFXKYyq-L1fn9tGrB5=s287-w287-h192-n-k-no-v1,2026-06-09T16:43:45.502234,master,,,
Hotel Highway Inn - andheri hotels / andheri east hotels / hotels near andheri east / 3 star hotels in andheri east,ChgI2aaSipDpq876ARoLL2cvMXRqeW01OHAQAQ,Mumbai,,Google Hotels,1646.0,1646.0,3.8,685.0,3.0,hotel,19.1186001,72.8522004,2026-07-01,2026-07-02,False,,https://lh3.googleusercontent.com/gps-cs-s/APNQkAEB1_5E1O5sXHy6S4T5plDLqJ1Pvs6PHk5-avRIVBATuwNfEHhdm6TXeWYbj4BJBTzpuy8JGeVmWTdRRbI_a5MwgWav05OY5J65f3sqF1s_1PHDMgDX-yOL9zt3RNZj9jDVGT9O=s287-w287-h192-n-k-no-v1,2026-06-09T16:43:45.502242,master,,,
Hotel Gemini,ChcIsvfq8pag_8IHGgsvZy8xdGN4eTh0cxAB,Mumbai,,Google Hotels,1652.0,1652.0,3.4,264.0,3.0,hotel,18.9619758,72.8237535,2026-07-01,2026-07-02,False,,https://lh3.googleusercontent.com/gps-cs-s/APNQkAHYnYpIsoV4K5d-Q8gCGjSRBgu-uI6DYAaBl-_jPK8n6SRpFuh_Pp7MfArcBNMfjY96DiZjTxm0sXUj56-Uir6u1SDLcWUsIKtnzXYo1IrSDKCiFnWo4XjUeQuT-pIuJMTQCAZQiA=s287-w287-h192-n-k-no-v1,2026-06-09T16:43:45.502249,master,,,
Hotel Axis International,ChkIsdPy_Jv8o6o2Gg0vZy8xMWY1aDJ3cDNkEAE,Mumbai,,Google Hotels,2963.0,2963.0,3.8,798.0,3.0,hotel,19.112124,72.88823339999999,2026-07-01,2026-07-02,False,,https://lh3.googleusercontent.com/gps-cs-s/APNQkAGHUlS9imL7ScCsu8NkDywKpK7JRm009Bst0w0b8yTtZ2QobuLMbBJeOVm8XGfHWXVTWKnIxPSYvoIoFU-QGpbBm3S8JHzB--msToQPSgKaAmr-hQIF7vSTHb9X_Sl88QssJTom=s287-w287-h192-n-k-no-v1,2026-06-09T16:43:45.502255,master,,,
Hotel Flora Fountain,ChoIxozM0LHrooCQARoNL2cvMTFrcXkydF9iMxAB,Mumbai,,Google Hotels,2368.0,2368.0,3.6,124.0,,hotel,18.9337876,72.83303149999999,2026-07-01,2026-07-02,False,,https://lh5.googleusercontent.com/proxy/7Mf2dcN5BsIphl1rvf4tBUt8RFAvBMlA5BIFexYtTHq7-bjxYj3s7IodWNyvrsx6MMBMRMn4kdV2GuzDaJdx8RvsgcEIevduk_jOcgZZtjhUIp36C_lcu-k8yvR-7lhtwJIQ8Olo9FaoLahESP6_G12ITlrjMQ=s287-w287-h192-n-k-no-v1,2026-06-09T16:43:45.502260,master,,,
"FabExpress Deluxe Comfort - Hotel in Andheri West, Mumbai",ChkIz9fE0vP1oPF4Gg0vZy8xMWY1dGJuamsyEAE,Mumbai,,Google Hotels,1968.0,1968.0,3.6,254.0,3.0,hotel,19.137383,72.823095,2026-07-01,2026-07-02,False,,https://lh3.googleusercontent.com/gps-cs-s/APNQkAGbJJF89Cvbv8P80e2qrZ_EJQVI3pYnUH71ZrYy5-FL-rvCovBiJtYtEy2sr88phJ6Ffzt2xbvPKuS9ECZR4QQcidsSUJPHGtskPkcbloyQIPOLcVZHufXrWeSdw4On38mF-GIL=s287-w287-h192-n-k-no-v1,2026-06-09T16:43:45.502266,master,,,
Hotel Ruby Grand,ChoIi_WT1Jr0npe2ARoNL2cvMTFqMmcwMmgyaBAB,Mumbai,,Google Hotels,1811.0,1811.0,3.0,198.0,3.0,hotel,18.9618293,72.8251919,2026-07-01,2026-07-02,False,,https://lh3.googleusercontent.com/gps-cs-s/APNQkAE-ipD7q59MSK7io7T7jscrF5BFz2Dj0N0F-LmyhfPYSgxv0m_e5wAiE2qzCR5sGlcn4hBHQQm8WGRaIlFoSjLQnSOgq0A6jreIThx1Yr2EMeWnj7iVRjudr_6sTsMhG0NRVZqGyd3KW6t9=s287-w287-h192-n-k-no-v1,2026-06-09T16:43:45.502272,master,,,
Radisson Blu Mumbai International Airport,ChoIlpWCpYbD0M6LARoNL2cvMTFqOTF5bndxZhAB,Mumbai,,Google Hotels,9981.0,9981.0,4.5,7265.0,5.0,hotel,19.1102222,72.8786221,2026-07-01,2026-07-02,False,,https://lh3.googleusercontent.com/gps-cs-s/APNQkAFdO1YNJcBDUXvJV5z_2MYGcf3zmCXPwmzwfOmok7sP0K2Du7GTVuYzIw7uQp6SgS-2RmZypk1TEM_Dxqk7x7r0ZOGAQMDRPA8fK8Xm50BfuA2860Aek27XkyA3jJd-VEnRGfUY=s287-w287-h192-n-k-no-v1,2026-06-09T16:43:45.502277,master,,,
Hotel Milan International,ChkImNHux_zZi9R3Gg0vZy8xMXM2cDQzX190EAE,Mumbai,,Google Hotels,1089.0,1089.0,3.7,2212.0,3.0,hotel,19.0882082,72.8420096,2026-07-01,2026-07-02,False,,https://lh3.googleusercontent.com/gps-cs-s/APNQkAG6GQjxQ0d28ApEFrBVvLxm9gmscNs3wSWrtQgszbtxuCFHTrksxUDTBGlwT-LfNL4yUe8Nei1o52RUL52BZBehBZF_yhURWtRoWpFOeSc5ygBCVGC3XjzHCKtcf3rRqiSBbzF80A=s287-w287-h192-n-k-no-v1,2026-06-09T16:43:45.502288,master,,,
Atlas Grand Hotel,ChkIxOW117eImusDGg0vZy8xMXYwY3JrdjI0EAE,Mumbai,,Google Hotels,1900.0,1900.0,3.4,718.0,2.0,hotel,19.0976953,72.8929515,2026-07-01,2026-07-02,False,,https://lh3.googleusercontent.com/gps-cs-s/APNQkAEtprAaUMMWH6ayBkdqTl3gzZmOuNy6lTxxIFHwSfg3o1agfcT_s6aeuQCnweHOcmlk30WbTFBekCXEq-o5PL-tLR-w_Ub8UbV3O4aKyp8MfJuQV4AyRc8silCPfHIb50A2eaBJzA=s287-w287-h192-n-k-no-v1,2026-06-09T16:43:45.502294,master,,,
Hotel Time Square,ChkImfWD34W7vu4JGg0vZy8xMWxuNXFicm5wEAE,Mumbai,,Google Hotels,2054.0,2054.0,3.4,1193.0,3.0,hotel,19.194445,72.9776081,2026-07-01,2026-07-02,False,,https://lh3.googleusercontent.com/gps-cs-s/APNQkAF9m1k1dm2b9SGYwfL7sBDAbMLEk6C6qzCh5xFJJQRVlfCB7PeKmJFZRtsVRsp6WpR-3UggYnxeY7mp-26HsIMdsGjwWfFt9bMWwGphsdLiZZqJe9xYOqK-ft6Ch9cbV60ITcCB=s287-w287-h192-n-k-no-v1,2026-06-09T16:43:45.502300,master,,,
Forrest Hostels,ChoI6fGrxLL_irjXARoNL2cvMTFzOTZncmY4YxAB,Mumbai,,Google Hotels,998.0,998.0,4.5,580.0,,hotel,19.0645998,72.8497963,2026-07-01,2026-07-02,False,,https://lh3.googleusercontent.com/gps-cs-s/APNQkAFsnwq_APNEsZtoAQH27tLNzUgn0pJVh3gS8VX6Tm3QpcJCwNAoPvZD-LeWPvt-n29OyaVgi1CNISjGz35s032qzr--RRRrgP_MCVIvJAYEr61JmjWjN7up0cFqSVcWAtMNa3jipQ=s287-w287-h192-n-k-no-v1,2026-06-09T16:43:45.502306,master,,,
Via Metro Galaxy Inn,ChoIm8z0ocb0-MWFARoNL2cvMTF3cDUxXzdrZxAB,Mumbai,,Google Hotels,1680.0,1680.0,3.7,120.0,,hotel,19.1636298,72.83704230000001,2026-07-01,2026-07-02,False,,https://lh3.googleusercontent.com/gps-cs-s/APNQkAF0u_PZJfoBufeOiSOj-QILHELx8SzJALjVJ8UdQJo2u9edcl5fiSkO27s1aRoSMIecitznBWVIxdk9_t5oqTYKT_tQrlMElX_tHhhypD4bg1L-uogoAY3PFFRvLqB7ygnsw6eFLsjfbIE=s287-w287-h192-n-k-no-v1,2026-06-09T16:43:45.502311,master,,,
Hotel Glow Star,ChoImI2Ntbjl0q3vARoNL2cvMTF4a3p2OGQyYhAB,Mumbai,,Google Hotels,2225.0,2225.0,4.5,106.0,,hotel,18.9512516,72.8368929,2026-07-01,2026-07-02,False,,https://lh4.googleusercontent.com/proxy/tKRFhRnXMjgQpf9h3OFs9E1sbDoSls_9HMY4JDghqiptSAEtIACzF6FAsMXHYndCIPHZfpLMWnqxmdMl_Kepr3B8d_XTkVCdv835fh9Uvo-h2Dv0UTzSzkJuEINAxCB3Zw7H4E57lOeb2opbDwy3KD1OEHGTfg=s287-w287-h192-n-k-no-v1,2026-06-09T16:43:45.502316,master,,,
The LaLiT Mumbai,ChcIh7edi7yWko8rGgsvZy8xdGZueDFnZhAB,Mumbai,,Google Hotels,9205.0,9205.0,4.4,27059.0,5.0,hotel,19.1053172,72.8758835,2026-07-01,2026-07-02,False,,https://lh3.googleusercontent.com/gps-cs-s/APNQkAGVicR915J1NF4S5xnK1qObThm87iLfkcMz5566dTfV76ThMkutlqdVdZjviE4lZLaeU21lhFTBsA5c2hJUtaWomWP-ijrX55-sFscw6RSJILjktAy2Vu9NN2d8mZTZrzdppE4=s287-w287-h192-n-k-no-v1,2026-06-09T16:43:45.502322,master,,,
Hotel Janata Residency,ChoIqbyJiseE4IzfARoNL2cvMTFnNjVjY3cxXxAB,Mumbai,,Google Hotels,1253.0,1253.0,3.4,1830.0,3.0,hotel,19.0769939,72.877518,2026-07-01,2026-07-02,False,,https://lh3.googleusercontent.com/gps-cs-s/APNQkAGvdkx9x0Ge30gNvIu47pc3N6bOf6a5_-nbcG-oS9lQyodONWB4JbQOJ5M9-j3QSD8pFnYzxB8x559M53pMy6wtI6u7KjYcd8MI9mhhTefOMWyPK-q7CNXbbVqwxMzR4yK2Kklh=s287-w287-h192-n-k-no-v1,2026-06-09T16:43:45.502328,master,,,
"Prime Grand Hotel, Mumbai - Double Room",ChkQ7NiByNDGwNI6Gg0vZy8xMW5ienQ5N21oEAI,Mumbai,,Google Hotels,2865.0,2865.0,,,,vacation rental,19.0947208404541,72.89498138427734,2026-07-01,2026-07-02,False,,https://lh4.googleusercontent.com/proxy/6ylu4hz1vOYbSxaXKSwiPSUT1Xqm1WUp9Ta36_z4uS4NQDJqqEzTKSaWbHaGhrrUUYT5sWlQAY7eY7maDNQh7PlT3QobnZ2JmaCKPnYH8-UKJZ-IHb6l8VLuD7QgFnwEeEPYYuhR3QoBaKM03j-xxju_G1f5XB8=s287-w287-h192-n-k-no-v1,2026-06-09T16:43:45.502333,master,,,
Hotel Golden Star,ChkQ8bfEj8mSv_4sGg0vZy8xMXo3bV8wM3g1EAI,Mumbai,,Google Hotels,2363.0,2363.0,,,,vacation rental,19.10250091552734,72.88861083984375,2026-07-01,2026-07-02,False,,https://lh5.googleusercontent.com/proxy/ZKMGypKYBGC2Pam9RtmfqNHTVjCAZf5KYm4_UavUrUZILu9poT9I_NQi_V3voK2b04p6yznumfTGnemFUeSN1xYKMXn7MOioMbnnhSvVAZEubYw_iIhNfRpC4CEKAvxfdgLsbm4q4bbE3gtcQeBkaPs7XBHruEo=s287-w287-h192-n-k-no-v1,2026-06-09T16:43:45.502337,master,,,
"De Pavilion Hotel, Delhi",ChoIxb7_geW288elARoNL2cvMTFoNWt4enNtXxAB,Delhi,,Google Hotels,2730.0,2730.0,4.4,3306.0,4.0,hotel,28.5505755,77.1309965,2026-07-01,2026-07-02,False,,https://lh3.googleusercontent.com/gps-cs-s/APNQkAF6fXWn-O7rS9G4BvO3lsUkr5K64Z1RbR0p3bP88_VLogMsSQ-697rdlF9X4Qv81ldi5j7g62kgFLfk1PD54V4-NEmXpuW7p1sl6pAOr7IXSefbuKLwYuWr5GOF17cLu9rXRqsF=s287-w287-h192-n-k-no-v1,2026-06-09T16:43:49.620365,master,,,
"Radisson Blu Hotel, New Delhi Dwarka",ChcIj-HV2vaUh84KGgsvZy8xdGRtaHczNxAB,Delhi,,Google Hotels,6381.0,6381.0,4.5,36567.0,5.0,hotel,28.5964764,77.0362777,2026-07-01,2026-07-02,False,,https://lh3.googleusercontent.com/gps-cs-s/APNQkAFHwaY8j06seZsRT4PEtK8LCpHhqOTeHiBdBDBP4QWPg-YeMAv6waNfnwTquYI9puECycmlhiE9blPf6Gz-EVypCs2NZ4okY5drnXqxCR0EH41uKJwFhfIDautXopYkPsohKLs=s287-w287-h192-n-k-no-v1,2026-06-09T16:43:49.620409,master,,,
"Welcomhotel By ITC Hotels, Dwarka, New Delhi",ChkIseeihYux3dhJGg0vZy8xMWRmaHoyMWgyEAE,Delhi,,Google Hotels,6625.0,6625.0,4.5,25823.0,5.0,hotel,28.5794045,77.056011,2026-07-01,2026-07-02,False,,https://lh3.googleusercontent.com/gps-cs-s/APNQkAHE7_uwJupK30MJei5xgQ0nyx03Ov_uUpgzmXj8XMXZ5pH4ZVj25ljqTRwImu51mSCqC7ERk0bZzeBI6jqGgis1etY71xpeKiZ0aFd2nYPoUtrNRqK_73UjAORYaZFF7Dp0VUHesrM6z310=s287-w287-h192-n-k-no-v1,2026-06-09T16:43:49.620417,master,,,
The Hosteller Delhi,ChkInqjPkd7e66k8Gg0vZy8xMWI3bG1oZnh3EAE,Delhi,,Google Hotels,824.0,824.0,4.6,9011.0,3.0,hotel,28.5709057,77.2598591,2026-07-01,2026-07-02,False,,https://lh3.googleusercontent.com/gps-cs-s/APNQkAEUXcJjcEtbQkKnRCmm4kukcY211kceagtavSWT7X7miOV5QEe4p9uJQT6USFpqS6LZQkMkQl9y7S4P7N_r6jkfHE9NH0DXMvIdLnvtF9AMYrK57wZL04ES8fnWXqkN3WyUmTw4i_lqfuC_=s287-w287-h192-n-k-no-v1,2026-06-09T16:43:49.620423,master,,,
Hyatt Centric Janakpuri New Delhi,ChkInKbv2LOr2s8KGg0vZy8xMXB6eTdtemZwEAE,Delhi,,Google Hotels,6807.0,6807.0,3.9,13353.0,5.0,hotel,28.6288785,77.0785077,2026-07-01,2026-07-02,False,,https://lh3.googleusercontent.com/gps-cs-s/APNQkAF3rNJ8uNG4Yfvviiv4rtPU6BEr26s8_jSBrtK9wc6BwrOJCXMiecMTw72xHSsCy8VWwitb7HwADVUhKMKWtGmenDq3GNVVAwC3LymggfmCUiXvwJawhUkWqZBxFpfFxhTgNgAk=s287-w287-h192-n-k-no-v1,2026-06-09T16:43:49.620430,master,,,
The Lalit New Delhi,ChgIuJmksoPYirU5GgwvZy8xMnE0d2Y1OGQQAQ,Delhi,,Google Hotels,9608.0,9608.0,4.4,31491.0,5.0,hotel,28.6316615,77.2272325,2026-07-01,2026-07-02,False,,https://lh5.googleusercontent.com/proxy/lTiNZXzHKoM4GEg7xUs3V4Nw4at2ut2qki-87PapQeHyg0oXiSve9j0dlmtATrWW7eJA1Ypq1QSBlqaYAA5F145-j3Qz-XmC1Inu22pQ9XgMs8Nhgzj_Fjj7oXMBFqraoBSNG9OmL_blnAq0rdUQEy4BEheBlw=s287-w287-h192-n-k-no-v1,2026-06-09T16:43:49.620435,master,,,
Zostel Delhi,ChgInoeCiYL1h_jlARoLL2cvMXRqZjhuNjkQAQ,Delhi,,Google Hotels,794.0,794.0,4.1,4133.0,,hotel,28.6455789,77.2174732,2026-07-01,2026-07-02,False,,https://lh3.googleusercontent.com/gps-cs-s/APNQkAFxJ70A2frQEFImwQwrvr8BHrQtYKBxHZgjDtGetyIn2byjQ8SRk9fLKIy_XfqdlEsVdb1er3OoLo6qww7tQfs7yn7JfsuqjQWe26WbMAchXhgpgJBw4aQaAQhS7ijp3PZuFcqT6Q=s287-w287-h192-n-k-no-v1,2026-06-09T16:43:49.620441,master,,,
Hotel Ajanta - Free Airport Pick Up Service,ChcI0pGztMLlwuYfGgsvZy8xdGQ0aGhraxAB,Delhi,,Google Hotels,2103.0,2103.0,4.6,4290.0,3.0,hotel,28.6457644,77.2159437,2026-07-01,2026-07-02,False,,https://lh3.googleusercontent.com/gps-cs-s/APNQkAEZUKUZoprzAgnd_NZwRX9JHfONPyWLkdVMMMJEhcn9TqtVNaBYfSOYI6r9yOX2NynAOcYWVLbgOTN5ACzDXrQYE4ZGnAFBfpaU1gTL8PzoP__IkQw2Wd5PDBc20X8t9wFf0N1T=s287-w287-h192-n-k-no-v1,2026-06-09T16:43:49.620448,master,,,
Staybook Atlanta New Delhi Train Station,ChgIsJWe2ID31_afARoLL2cvMXRmcXp0NHgQAQ,Delhi,,Google Hotels,1238.0,1238.0,4.5,2453.0,3.0,hotel,28.6461917,77.2140662,2026-07-01,2026-07-02,False,,https://lh3.googleusercontent.com/gps-cs-s/APNQkAHmvVFiogO8OSg85VweKwlBPv_dtRTkMT8OVbpRcxb_-b0GHgAFcZ_TYBexpCw2nXn9xvq_S6RFMQQ9Blo0KKvZHR8n0-H52be9_A2dXUvEoDGqSxhWXhDJjfIqWZuuhfg93_gwlRWegY8-=s287-w287-h192-n-k-no-v1,2026-06-09T16:43:49.620454,master,,,
Park Inn by Radisson New Delhi Lajpat Nagar,ChgIoryfruTjzuT3ARoLL2cvMXRjeWpkdzAQAQ,Delhi,,Google Hotels,7087.0,7087.0,4.2,3556.0,4.0,hotel,28.5639251,77.2348657,2026-07-01,2026-07-02,False,,https://lh3.googleusercontent.com/gps-cs-s/APNQkAGmNzV5Aj8QFr-DHdLmZuLUnnj-BGA7TrlsjJwaGhxiOoX27oHIgc6-QmU8nx3nWdyo9A0EeOMyPN2l31DRG8DuOGbaHMfvj6TRHgMY2gOUu_vSrP-e9ZtKVjWVUMV-nhqdEmdp=s287-w287-h192-n-k-no-v1,2026-06-09T16:43:49.620460,master,,,
Novotel New Delhi Aerocity,ChkIoMCb7--14spwGg0vZy8xMWJ3eXI5NHliEAE,Delhi,,Google Hotels,10299.0,10299.0,4.6,21527.0,5.0,hotel,28.5535952,77.1233112,2026-07-01,2026-07-02,False,,https://lh3.googleusercontent.com/gps-cs-s/APNQkAFYR83kEgyS0TX5GjAn3vWfJQo_Jldwp-cBqIj2L5mAaIaRw2wJ9TUWIFkdRXXf0d118UVzFhzoucGs86kv6kq42lsynagAx-uwQjm1Qz9o9W0tohrNrpH7w31qBD3uoGd4oISf9Q=s287-w287-h192-n-k-no-v1,2026-06-09T16:43:49.620466,master,,,
"Ambassador, New Delhi - IHCL SeleQtions",ChcIwJbbpb3ohqAGGgsvZy8xdGd4Z2Z3NxAB,Delhi,,Google Hotels,6953.0,6953.0,4.4,5975.0,5.0,hotel,28.601507,77.2288609,2026-07-01,2026-07-02,False,,https://lh3.googleusercontent.com/gps-cs-s/APNQkAFhjy7K-1Hy6SSTDMJgF6kbbX1iHCDqhZ4fNWQ8ncYEn--fhvKKXxrGsfAP9QpA4nPcAY8xCVcz-MxYj4Rdr5QK2Yii1yxp0yW0Xv0YP_lO4YnZQIFNfBDk8Lq3r2v58DHtk_cfpQ=s287-w287-h192-n-k-no-v1,2026-06-09T16:43:49.620472,master,,,
Crowne Plaza New Delhi Rohini by IHG,ChcI0rGm35rFor1cGgsvZy8xdGh4dGxxNxAB,Delhi,,Google Hotels,6953.0,6953.0,4.4,13259.0,5.0,hotel,28.7200961,77.1100067,2026-07-01,2026-07-02,False,,https://lh3.googleusercontent.com/gps-cs-s/APNQkAGV1LAaSbOSijhKCRZlViQHvbxxo7Imre2Xhia9DitKXt_lmFn_rVTqZkkY685fitPKhUi-ExY6FRqhBhxwJCsjv_U9YQQm_aV-Y4H1oYO_B9G_BaZWOIO8oceeoXIzZfybKn4=s287-w287-h192-n-k-no-v1,2026-06-09T16:43:49.620478,master,,,
Ramada by Wyndham New Delhi Pitampura,ChkI2onbk7vux65DGg0vZy8xMWoxMHcwMHA3EAE,Delhi,,Google Hotels,5753.0,5753.0,3.8,2784.0,4.0,hotel,28.6908752,77.1200416,2026-07-01,2026-07-02,False,,https://lh3.googleusercontent.com/gps-cs-s/APNQkAFoH0jNINsXWy9Ih_nGPcJbTSp62D3aaiwt4qzERpmKnU2FyksDzvXY-HHkPS2zYnfgRhge7HAOEKQQovG9nhpq0Etqubmr45iIC0pnRWnw8FbWsSK6IIUFw2Auq3N_f9oOLqLgfOtcTT56=s287-w287-h192-n-k-no-v1,2026-06-09T16:43:49.620484,master,,,
Hilton Garden Inn New Delhi/Saket,ChgIieu5yZ_OkJ_DARoLL2cvMXdkM3RmM2QQAQ,Delhi,,Google Hotels,7443.0,7443.0,4.3,4746.0,4.0,hotel,28.5278451,77.2174764,2026-07-01,2026-07-02,False,,https://lh3.googleusercontent.com/proxy/fpRjwR_p8-fGQq79aoxvQii7rxLmC6r0idy6RYEz22O41rFfDMQ15DG5n_kOWmmkH0Nk9p7lFS3G43qAO6rYDr8EF_jDbsy0tzM7pBvzENJaFRrvV6nH85dGSTkBqMS4ZYg4ph8nH1iqOCabdPNyRv8AHhPmtQ=s287-w287-h192-n-k-no-v1,2026-06-09T16:43:49.620490,master,,,
Hotel Gold Regency,ChgI0ZqC4OPOzPjCARoLL2cvMXRmMW02MnEQAQ,Delhi,,Google Hotels,1981.0,1981.0,4.9,6546.0,3.0,hotel,28.6415401,77.21700500000001,2026-07-01,2026-07-02,False,,https://lh3.googleusercontent.com/gps-cs-s/APNQkAF2BVAF2tVKm-6XIHKJ6g8OnTzwhQuLEVDWeHeZh1iIgMviznlHifFm4UsbSU8LV8C-mYAye2a0WDK4zD2b9AVuTyziS4IC_5aIZ8mBDLa9TylOpdQoIJNpZZF_crmL7RDcVbx0=s287-w287-h192-n-k-no-v1,2026-06-09T16:43:49.620496,master,,,
"Andaz Delhi, by Hyatt",ChkI2fCOtPiZmb43Gg0vZy8xMWJ4ZnduZm0xEAE,Delhi,,Google Hotels,12382.0,12382.0,4.5,12272.0,5.0,hotel,28.5543682,77.1212822,2026-07-01,2026-07-02,False,,https://lh3.googleusercontent.com/gps-cs-s/APNQkAFByp2XI2Su71KguXH0q68hMIeEhWCfl9veKXDv2v88GH3Z_NUgG99ZKE2fSTZM2rvIQYb73Rx1iaBj8xgvgwcFt4g-fOZw9Ppi_gi33XKbwYzYLQYCDkS00I48orTdEPrNTiY0rg=s287-w287-h192-n-k-no-v1,2026-06-09T16:43:49.620502,master,,,
GALLIVANTO INN,ChoI6KGzv_ifnuyGARoNL2cvMTFzbWt0M2h4dhAB,Delhi,,Google Hotels,2015.0,2015.0,4.5,1424.0,,hotel,28.7366762,77.1440515,2026-07-01,2026-07-02,False,,https://lh3.googleusercontent.com/gps-cs-s/APNQkAFMlERUxtoaHuo_DKWLiLk8zLy11ttUqhSPnuCZJCRHpMD8LdaHVRopZXrqdl_xR9OOd2XUD0Ic4Uw4yj04qYTnr0nmqCu1TCfmjzQJUADhFI3HsG8vs0204VvXIpcRBM-Ysqtbkzvm96M=s287-w287-h192-n-k-no-v1,2026-06-09T16:43:49.620507,master,,,
Cozy Bohemian studio apartment - One-Bedroom Apartment,ChoQvN2vl7GBrPbzARoNL2cvMTF4ZnB0dmZfYxAC,Delhi,,Google Hotels,2382.0,2382.0,,,,vacation rental,28.52894973754883,77.24642181396484,2026-07-01,2026-07-02,False,,https://lh5.googleusercontent.com/proxy/8f4HjqoivN3laHBuJ_FQGESKunH52-dkOmysg3NX66yyEmvpSFF_zTz2drqkZ4RfJx0CDlXPm6xaIoQXS-ymJSDQZ_7bgrHOrtmpo_WJu0mA98Vc6gofIJAe4pvMmO32WzgSpBSV8eHyYhRL2AEz-bEOC9412A=s287-w287-h192-n-k-no-v1,2026-06-09T16:43:49.620512,master,,,
Cottage Yes Sir Dx,ChkQysCY14-Dn6EbGg0vZy8xMXo1XzYxMGtyEAI,Delhi,,Google Hotels,1541.0,1541.0,,,,vacation rental,28.64538955688477,77.20336151123047,2026-07-01,2026-07-02,False,,https://lh5.googleusercontent.com/proxy/1_cUWHxYHGkLQCT8DFaBEGG_v8jTmUH9U6JLAVTWJSauw59XDfpR5Krfu1jOZnzrTraLYypdQ6FP3C5LPVj5UqQFd9t1la70tLY9KimLeh3X7W2zEvb1EEgQNBCm8kbbqGEgqbJHzCzZFn0w515nJMi2Z9Qno20=s287-w287-h192-n-k-no-v1,2026-06-09T16:43:49.620516,master,,,
Hotel Park Continental,ChkI1Zjw0ayIkfw8Gg0vZy8xMW5udl8xd3NfEAE,Hyderabad,,Google Hotels,1732.0,1732.0,3.5,891.0,3.0,hotel,17.3992782,78.4479332,2026-07-01,2026-07-02,False,,https://lh3.googleusercontent.com/gps-cs-s/APNQkAGclED1BOGODOuhS1C4vozLWYSdL0WXVIrwKyYxuWkFrCZjE9f-MY9_db8EC-nOMSC4_Y4irSxU69h_gsDnG49_KmlnMMbfCvNiPJ8UDRHkHczNLEbrsoGTbsQBa9sGo00qi0xGw0PeVPg=s287-w287-h192-n-k-no-v1,2026-06-09T16:43:53.503295,master,,,
RCC Hotels Pristine - Ameerpet,ChkI7t34-Yen5_NCGg0vZy8xMXMyajI5d2twEAE,Hyderabad,,Google Hotels,1487.0,1487.0,4.8,1758.0,3.0,hotel,17.4310519,78.4441106,2026-07-01,2026-07-02,False,,https://lh3.googleusercontent.com/gps-cs-s/APNQkAG9Tf1Xrn6vGWqSVHLc6nZhdAG-v2ve8wo0IgdqxFQHM3MsGl6dm71dehIglEl6q_Pxpae_eLUNUS_xCZLBqVLPWzbVc98h9AYXBYY09XlDf43AGXMe-dpdEAox4sUlMJbXVzzj3Q=s287-w287-h192-n-k-no-v1,2026-06-09T16:43:53.503369,master,,,
"Taj Deccan, Hyderabad",ChgIsqD4n5ug6LzzARoLL2cvMXR2Z3NzejEQAQ,Hyderabad,,Google Hotels,5905.0,5905.0,4.4,17383.0,5.0,hotel,17.4179204,78.4507689,2026-07-01,2026-07-02,False,,https://lh3.googleusercontent.com/gps-cs-s/APNQkAFT5nvivD4MBvuBJikOqOlE4dbc1F-xDL1DpY7Q08G7r4pLCti9fwkC5bSMoS2FAPN3YkU5pI1UBumzqMqVtH5XpLixKgCesK2598o7imQ6bwcZnAwBxPPU0JFYui9g3tgdB9Q5ts_qqkvd=s287-w287-h192-n-k-no-v1,2026-06-09T16:43:53.503386,master,,,
The Grand Plaza Hotel,ChcInr6G1u7a3sxaGgsvZy8xdGR5N2o1cRAB,Hyderabad,,Google Hotels,1260.0,1260.0,3.7,1720.0,3.0,hotel,17.3979752,78.4710295,2026-07-01,2026-07-02,False,,https://lh3.googleusercontent.com/gps-cs-s/APNQkAHWL5237Mwqkd2JtpKnKkN1McXfUtbSAe9lyJyN36EkXp-blpDRnv77mtYJUkDLehxeyWdEnsZszAaMq14BBqx4-FTEjE2uqqzbZafGHQrj5lLNiPu4djiaaZtFHJdaXkFW7E1H=s287-w287-h192-n-k-no-v1,2026-06-09T16:43:53.503398,master,,,
The Purple Leaf Hotel,ChgI_-Cbk4iE6ugeGgwvZy8xMnZzNzk5bG0QAQ,Hyderabad,,Google Hotels,2358.0,2358.0,4.0,2168.0,3.0,hotel,17.4588033,78.50042549999999,2026-07-01,2026-07-02,False,,https://lh3.googleusercontent.com/gps-cs-s/APNQkAGKL7ZlioNqGxwRB4vwdB0fcg50g-QW9Ml7W7mluthpXjqqvmEYHqfnhe2sVf1jDZ5SknI8PGPsVO6UZyBh91zmtVY43NVmbnEPbudSrRqx1PXc0bv6Vq-HP8OpyVDUwEknSMG6=s287-w287-h192-n-k-no-v1,2026-06-09T16:43:53.503409,master,,,
THE PARK HYDERABAD,ChoI44OtrafBzbWmARoNL2cvMTFmbF94MDE1bBAB,Hyderabad,,Google Hotels,8691.0,8691.0,4.2,20628.0,5.0,hotel,17.4235174,78.462544,2026-07-01,2026-07-02,False,,https://lh3.googleusercontent.com/gps-cs-s/APNQkAEVbGqWGzpgSJwOF5_k5VvQc7vAELw8kG9NPfNlJdEbNWKl1viYQflhpVEistyG0fJstpAMiPkEOqTz4aCAWCC4PyIrZia2c7PZcnqqgUIlxWg8InHshPjz2kVEgqCRxCiLwSXpoc12D5g=s287-w287-h192-n-k-no-v1,2026-06-09T16:43:53.503420,master,,,
Minerva Grand - Kompally,ChoIrNbi56j44Y34ARoNL2cvMTFscmg5NGh4eRAB,Hyderabad,,Google Hotels,3283.0,3283.0,4.3,4378.0,3.0,hotel,17.527797,78.48513559999999,2026-07-01,2026-07-02,False,,https://lh3.googleusercontent.com/gps-cs-s/APNQkAGts9cHNleNp5BHfjQ-e0bSLdAln_5HAxGcvFEb1I9ExawdQN817hoPXgF-jY_w0IetESLjJYQnJqeg49u-nwBQ4HkZg3kDnpthOpa1q_V_ksdap4UkwzsE8YwLX48cjjQHJWch=s287-w287-h192-n-k-no-v1,2026-06-09T16:43:53.503431,master,,,
"Deccan Serai Hotel, HITEC CITY, HYDERABAD",ChoI9tDHvpm46--qARoNL2cvMTFjbGgzZGR6cBAB,Hyderabad,,Google Hotels,5421.0,5421.0,4.4,34912.0,3.0,hotel,17.4428492,78.3826125,2026-07-01,2026-07-02,False,,https://lh3.googleusercontent.com/gps-cs-s/APNQkAET_PMDAYNs3LGo67eMBkmyfodVUEraiR5A6Rr7RfVqO7M0nF3epse7gDSBOnlKkeLVFQTtz5Z7NdxknyONO7HnkwxN0dYXoXRPXNxp65Nb19FZKJmnf1zl2gusAO5fKsqiUqTm=s287-w287-h192-n-k-no-v1,2026-06-09T16:43:53.503442,master,,,
Hotel Suprabhat Residency,ChkI8vPQp7uTzoeRARoML2cvMTI0eWtxM3FnEAE,Hyderabad,,Google Hotels,611.0,611.0,3.3,464.0,3.0,hotel,17.4350618,78.50285319999999,2026-07-01,2026-07-02,False,,https://lh3.googleusercontent.com/gps-cs-s/APNQkAFMF4dOVZJ_eEPNt_fwgVvNOjYI7-6FYmqDym0nfJFxWi3fJuQuwQ8SIKxHD6xdZ_ELsqJMo4uRvKlXq5NjwLgzfKXG7Ec2jLzkxGYHbz4e1tOp1eypBsUzuxR9DdhCFKb3TIMFV8Vxc74=s287-w287-h192-n-k-no-v1,2026-06-09T16:43:53.503454,master,,,
Peerless Hotel Hyderabad,ChcI5qL2kdDOjI94GgsvZy8xdGZ0cGsxeBAB,Hyderabad,,Google Hotels,4083.0,4083.0,4.1,4074.0,4.0,hotel,17.4301657,78.3747949,2026-07-01,2026-07-02,False,,https://lh5.googleusercontent.com/proxy/j3M2kDRBtbDjLAGCPZE-qN7hQ1y5_UTXfGUNadEFlIoFPARqOmquc1wGNKOYhSug0KFu2hzhi5Xhquh7y9kPJmZRpCRsrXzLyCzAHBSg9UxI43_dKd0_qnMgAnzVrQsz_Sl7aVaZ669PM-hh-sMqo8Tu5QfHZQ=s287-w287-h192-n-k-no-v1,2026-06-09T16:43:53.503466,master,,,
Jubilee Park,ChoIk_flua7i54u7ARoNL2cvMTF0aGxrdnFncRAB,Hyderabad,,Google Hotels,2937.0,2937.0,4.7,1426.0,3.0,hotel,17.3722642,78.5578968,2026-07-01,2026-07-02,False,,https://lh3.googleusercontent.com/gps-cs-s/APNQkAFwYiVI0WcVXXSeCs3uqpflQRlIrnuvmZzfYH4S2_MgPSuh5yyjaKPSiXtf83jICACakaE73kLYwZR1jByYvGqt-N9xMoXnoJgLCHhqqEM9qp4salRHdnTHT6ga12rP0ZtIFc0UeA=s287-w287-h192-n-k-no-v1,2026-06-09T16:43:53.503477,master,,,
Hotel Pearl City Jubilee,ChoI2rrilfqqrOm7ARoNL2cvMTFnOHc2OHhibhAB,Hyderabad,,Google Hotels,1607.0,1607.0,4.2,1954.0,3.0,hotel,17.4557006,78.3737831,2026-07-01,2026-07-02,False,,https://lh6.googleusercontent.com/proxy/eeFXU_Gt69CFFUCuwwpDSUz3NpFEMMNUJzJ3BDjXGlhj1a-__qwFymT7KooR3V07BwpY4PaeyPsuqF9xTlTsLF43inv42VP60By4SR2YG4tFCKa2vH5XF_jCb53wyhDRMyULULiQbwonRvuyoPhIdbdB7OdFmQ=s287-w287-h192-n-k-no-v1,2026-06-09T16:43:53.503488,master,,,
Hyatt Place Hyderabad Banjara Hills,ChkIgfH0gJvY-8xlGg0vZy8xMWYzMjQ0MTduEAE,Hyderabad,,Google Hotels,10582.0,10582.0,4.4,10605.0,4.0,hotel,17.4192197,78.447467,2026-07-01,2026-07-02,False,,https://lh3.googleusercontent.com/gps-cs-s/APNQkAF9ACFq74Qx5xVEjDOIzJoVW67aMsthiTkBZyt6iz-aQOPOBQdw1ViegJzW7kB1u41GmNsRIdaf54Fmm6SNW9BQB_3UIguG7p5ndJU10m3w8fl7Y_msHlctDcEUepDfc24gbRd9f-8q_BUm=s287-w287-h192-n-k-no-v1,2026-06-09T16:43:53.503499,master,,,
The Golkonda Hotel,ChgIo7qr0rGDmpegARoLL2cvMXZ2eXdqbDQQAQ,Hyderabad,,Google Hotels,6089.0,6089.0,4.2,10469.0,4.0,hotel,17.4044783,78.4537234,2026-07-01,2026-07-02,False,,https://lh6.googleusercontent.com/proxy/cEYlGMBqMwmpFUUEj0nxDQIeUySWmPHK72reyZCTvpxOkBIMVR28cJBq6HtRNV6Q5VlXFY1Z613KWT-8nW1yqdVY4WK3xWKpLLMiYyX2ImSxQDl6qs2hLepCZgyeZ_UoJwjvkTiZ58Y4rU4a6JpCPqf8ERYZqhU=s287-w287-h192-n-k-no-v1,2026-06-09T16:43:53.503510,master,,,
Mercure Hyderabad KCP,ChkI2L38tMSLptF-Gg0vZy8xMWNtMDJicGswEAE,Hyderabad,,Google Hotels,6300.0,6300.0,4.5,14107.0,4.0,hotel,17.4176772,78.4566974,2026-07-01,2026-07-02,False,,https://lh3.googleusercontent.com/gps-cs-s/APNQkAGQLGtHjEtwdgJmMVlPcQV_exqVooTHKPqsPZDBAlMU42MVTYTpO8azboq-QsPYeM7WuOmlx9NPxh8Fo5CX4x4-6Q8Xu3XHGBmCX63fyiq_MF2cTubFRS3rXbXlI5z5BD4theqQ=s287-w287-h192-n-k-no-v1,2026-06-09T16:43:53.503521,master,,,
Westside Hotel Hyderabad,ChkInM-x7uLTy9RfGg0vZy8xMWg1MTlzN3NnEAE,Hyderabad,,Google Hotels,2887.0,2887.0,4.6,1449.0,3.0,hotel,17.4463859,78.381293,2026-07-01,2026-07-02,False,,https://lh3.googleusercontent.com/gps-cs-s/APNQkAEvCLvt9ycp_gj7GOYcTibp2U34cMC5612k03FSnjmZwggzQaFgiL3qcm23COzKxyLjTNP-HVpL-uBR2H2xRdx1mDZgbwOlmJvD0ZvMSNWxX5WADFbNQmql_SP0_M300Bx3Eb2JFlrMWPU=s287-w287-h192-n-k-no-v1,2026-06-09T16:43:53.503579,master,,,
"Holiday Inn Express Hyderabad Hitec City, an IHG Hotel",ChkI9ofghKSAkPIsGg0vZy8xMWY5dnpqZmgyEAE,Hyderabad,,Google Hotels,5779.0,5779.0,4.1,5523.0,3.0,hotel,17.4473339,78.37326750000001,2026-07-01,2026-07-02,False,,https://lh3.googleusercontent.com/proxy/Kg5y9YWpcmKecg_purbo1ZTHqtehCrRZx7hGHGsXHIM7VNLkDudPQvBgyOY70Vmy982A9U7etoPPhyHRj3soy5hXwdGSWUviZJWBOOlX6P4CyuQDKDjVCiQOVPmyM1PKoV1rrBINJ4nM99DX2NHPXbvwrCSokQs=s287-w287-h192-n-k-no-v1,2026-06-09T16:43:53.503591,master,,,
"The Manohar Luxury Star Hotel, Hyderabad",ChcIouq3oseTsP1RGgsvZy8xdjZsNXl6cxAB,Hyderabad,,Google Hotels,3881.0,3881.0,3.5,8847.0,5.0,hotel,17.4450755,78.4710829,2026-07-01,2026-07-02,False,,https://lh3.googleusercontent.com/gps-cs-s/APNQkAESx9BxuNiQlVw5eVL5FsEFl60MrsRxsxgLTOBk93AKhID87D8s2AbCIJqgVLkVlqDy-ThEhY8sM9OzvZQiGTeXfqd1fwLgIaRh7L3ERF6v5VSt5ticZOCKhZDepB4lNbQp__oT=s287-w287-h192-n-k-no-v1,2026-06-09T16:43:53.503602,master,,,
"Pent House 1BHk @WiproCircle, Near US Embassy, Gachibowli",ChkQ2Ii2-rqE28QGGg0vZy8xMXc4MDQxN3ZnEAI,Hyderabad,,Google Hotels,2099.0,2099.0,,,,vacation rental,17.43166542053223,78.3326187133789,2026-07-01,2026-07-02,False,,https://lh6.googleusercontent.com/proxy/FkjEWc122RydSZlhuNYfD9wsCurcp8ZbGzAci3FKcKOIlwhlTAW_dMh9xT486rPp7Xl0FD4yxrBkYyXyF6fMUFdMJlaHRPSEz0Zmd6V063s1o5LyLgDOy53JEjfls4ONuZaFwBW2Ica2fWm3O4zCBlkSxK3PR1U=s287-w287-h192-n-k-no-v1,2026-06-09T16:43:53.503611,master,,,
"Pent House 1BHk @WiproCircle, Near US Embassy, Gachibowli - One-Bedroom Apartment",ChkQqsrr7d_H9_Z4Gg0vZy8xMW5ibXBxY2hmEAI,Hyderabad,,Google Hotels,2089.0,2089.0,,,,vacation rental,17.43166923522949,78.3326187133789,2026-07-01,2026-07-02,False,,https://lh4.googleusercontent.com/proxy/iqPYLBa0LDBGVKyq0_dMIDTfBFCq7IwDlJ9JHc-DmT4Ky1phJM_wtcblUnhdeQgHDKdDuSkbpDMMhzSx7-f2zFyw-A0I-X4MUtpdz1jt6NlKZXKLPKfcIiECpYJLIYaQ5SbmWuvsceYQoyklvij8ioyCE6nuhQg=s287-w287-h192-n-k-no-v1,2026-06-09T16:43:53.503619,master,,,
Insta Rooms- 1BHK Fully Furnished Flat,ChkQ0bzH1erH_YVdGg0vZy8xMXo2MHRranoyEAI,Bangalore,,Google Hotels,1445.0,1445.0,,,,vacation rental,12.90900993347168,77.60311889648438,2026-07-01,2026-07-02,False,,https://lh4.googleusercontent.com/proxy/cLh0h-Ccs6zV8j3riycetksbArtaMGk5ei5TuARiS5kc2CiQ1A_UiNOdIuQjX4tinqjkvZ_-1KcgWE0_6Z5_9qkyQhKir6qnF0eGtWvkujYe7soNEK0algMmLApXzvdX5d2O5oxTdc-X6xeVKyPyEJ5Gldx07Q=s287-w287-h192-n-k-no-v1,2026-06-09T16:43:57.487340,master,,,
GRAND KALINGA HOTEL,ChoI6pyOoe_m_a2xARoNL2cvMTFzcDMycHoyOBAB,Bangalore,,Google Hotels,2205.0,2205.0,4.0,1440.0,3.0,hotel,12.9762259,77.5786043,2026-07-01,2026-07-02,False,,https://lh3.googleusercontent.com/gps-cs-s/APNQkAF8Bpy9ezdZ7JZ9wfXWp4oL7pKAVkxVKhzaPz5vriROeU-uR7YmpDdMAOIaxddX0b49d2B6qDM2VOOUtsBx9-ScqlQXyq62TT46bRCRDiGlf18oNn1vkNwVTpBoOClsa1AlGLMo=s287-w287-h192-n-k-no-v1,2026-06-09T16:43:57.487384,master,,,
Holiday Inn Bengaluru Racecourse by IHG,ChoIuJbtu_6av-KPARoNL2cvMTFjNzA3XzJjehAB,Bangalore,,Google Hotels,9071.0,9071.0,4.5,13435.0,5.0,hotel,12.9799654,77.57847850000002,2026-07-01,2026-07-02,False,,https://lh3.googleusercontent.com/gps-cs-s/APNQkAEZdRkJU2g_QWUi9L2nj3tQHf0_nxf1TtSr8zQZDt8FYtUx1zYrhPV528fAt6ViB8SiDnBJZDRcqbUOLYXhGRx6V9OUb00AfK0tlKsMGapVfe6e-YeTTT2bT-_LXx2Ejywobi8m=s287-w287-h192-n-k-no-v1,2026-06-09T16:43:57.487394,master,,,
Woodlands Hotel,ChgI68fK7PnJxJPrARoLL2cvMXR2Z3NzaG4QAQ,Bangalore,,Google Hotels,1813.0,1813.0,3.8,5590.0,3.0,hotel,12.9645122,77.5947996,2026-07-01,2026-07-02,False,,https://lh3.googleusercontent.com/gps-cs-s/APNQkAE5kwFED5Q_XP03_FQvEK7ljILdH5a4XD-pC1ON1EdWAnC88c4hERg2U37ZKKAjRPB94XNx1hKxpFcJ14KOvgx1UiiL7X1rx7EAFHeNsRx1Iu6MSiKiB_83_V3bLGKZKx1hN3A=s287-w287-h192-n-k-no-v1,2026-06-09T16:43:57.487401,master,,,
The LaLiT Ashok Bengaluru,ChoIsazLtMaQya3mARoNL2cvMTF2MDR2MndxaxAB,Bangalore,,Google Hotels,7042.0,7042.0,4.3,26773.0,5.0,hotel,12.9922264,77.5825643,2026-07-01,2026-07-02,False,,https://lh3.googleusercontent.com/gps-cs-s/APNQkAGpt2ursVA0R2H8CRkng3dlvo9OHR5Z0IulTMpOFgfO48ZwvS5y45sRO6PKsa-i9b3CGM2YA5aM5poInJm3av1jDzr7OpN7fcsXVlrvMH46XfHQbQlKpzqmYjHazb8glGPUWGpnWQ=s287-w287-h192-n-k-no-v1,2026-06-09T16:43:57.487407,master,,,
FOUNTAIN TREE By TGI,ChoIv7fmt_Xkk-TrARoNL2cvMTFmM3p6Z2RsNhAB,Bangalore,,Google Hotels,3176.0,3176.0,4.2,1251.0,3.0,hotel,12.9107419,77.59945139999999,2026-07-01,2026-07-02,False,,https://lh3.googleusercontent.com/gps-cs-s/APNQkAFAnz1poVBMBaRVyzxn8szeVd3wf3i1HxWMvyH_7BYc8AHQcWv5Kid4iyUCp8ni5hwwf18Lw6Bt3ctwaApoaS3pVxFPudFUkSWJbRdfW3rM8Q3w_lMP4QKR0om-pjN1VHxJIjj3jQOLyE4Q=s287-w287-h192-n-k-no-v1,2026-06-09T16:43:57.487414,master,,,
Narthaki Boutique Hotel,ChkIn8-Rr7uKwsghGg0vZy8xMXY2OXNqbjZxEAE,Bangalore,,Google Hotels,1861.0,1861.0,4.6,460.0,,hotel,12.9774995,77.5768839,2026-07-01,2026-07-02,False,,https://lh3.googleusercontent.com/gps-cs-s/APNQkAEA4oyPLvC6zze0_PWXPOgw_mqV_63EKZlXYtkENgHQZmFCGrs0mVu2bQz01VraMkttx5By7rt3shllEviBpaZgIDE8QWpW-jFDHS9LzOE8go1d3VJjt-g8p4_ukISihqk-rKLM_Q=s287-w287-h192-n-k-no-v1,2026-06-09T16:43:57.487419,master,,,
Olive Zip Richmond Circle by Embassy Group,ChkIgaCHndew3I8KGg0vZy8xMXR3cXZnbTVwEAE,Bangalore,,Google Hotels,1887.0,1887.0,4.0,202.0,3.0,hotel,12.9667095,77.5946775,2026-07-01,2026-07-02,False,,https://lh3.googleusercontent.com/gps-cs-s/APNQkAHchyPVi0ffhHDueJdtj_BC3Oh2G81sC6Pf3tbnh77uJGyX765ENzc_Qxhd737e42iPmr7iq22CfBP-cXlIjVYBb7P6jPI0V7CTua48nxuUnfjmeQwca86-zhOGHxCUbkJMX__3nXw-qqBm=s287-w287-h192-n-k-no-v1,2026-06-09T16:43:57.487429,master,,,
SRS Springs Hotel and Spa,ChcIj7jzxJT--vEtGgsvZy8xdGtiM2s2cRAB,Bangalore,,Google Hotels,1891.0,1891.0,4.0,2257.0,4.0,hotel,12.9567419,77.58357029999999,2026-07-01,2026-07-02,False,,https://lh3.googleusercontent.com/gps-cs-s/APNQkAEELEwRQL2s_zEijbP9vjhmvSwE5vPzC9G00UpT4L9aPYadby_7HoWrvDHtIK6sSzp_Di_eb4vdB4HoFff1E6paNjumy0gkfdbPCS-HwWfJO2tiZtVc2Vs6Hf4JJCwlxWaNVOok=s287-w287-h192-n-k-no-v1,2026-06-09T16:43:57.487435,master,,,
Regenta Inn Grand Koramangala,ChkIqsnhjISphshhGg0vZy8xMWxzejhfcTA2EAE,Bangalore,,Google Hotels,3972.0,3972.0,4.5,1244.0,,hotel,12.9434096,77.6214482,2026-07-01,2026-07-02,False,,https://lh3.googleusercontent.com/gps-cs-s/APNQkAF3XR-w_zSA6SCsAw2RwHeI1eXy90qiJDj7QL4Qs635vCCY614_zC1GAILSXVP_R58eW4_mvwGW6P6x_dGaDEDgYUVoB51J0V_yTPXQOAy8yHEz5p5l2Ng4XQCD3CY-zI9VvK8=s287-w287-h192-n-k-no-v1,2026-06-09T16:43:57.487440,master,,,
FabHotel Royal Sterling,ChoIuvPw-4X39bGsARoNL2cvMTFtdl9xNDU2MBAB,Bangalore,,Google Hotels,1200.0,1200.0,3.0,278.0,3.0,hotel,13.0608512,77.61917439999999,2026-07-01,2026-07-02,False,,https://lh3.googleusercontent.com/proxy/AvsZU47NNrdJDYgzRXv1LNdKDXCRmCs2gX3_s3zf55dF3AUYxIZBCGmw65qSIh6BzmPRH_EgLj593tnurS2GQ3ddanpW3cZlOVQ4JVTQDy5QVj3D3Pdk47dk1KigLqlriIvzK5tt5IvJ7I717ZB5AGgqLHENxQ=s287-w287-h192-n-k-no-v1,2026-06-09T16:43:57.487445,master,,,
iStayHotels Rajajinagar Bengaluru,ChkI46yessOt9bgQGg0vZy8xMWMyeThiOHM1EAE,Bangalore,,Google Hotels,1712.0,1712.0,3.7,618.0,3.0,hotel,12.9891923,77.5501124,2026-07-01,2026-07-02,False,,https://lh3.googleusercontent.com/gps-cs-s/APNQkAHZ9BSXkO-w6e_IjMvGJncgNl9POaRuLKvf0jsM09cTfy2QXSFqapiByjeiBQXph33BHF5ZybjAYwTmnGEOYE5OLjb6lg9JAzLiXFN9e3RFVIXcNJldffM4JZSdQglUfMX4ba1x2TJUAVc=s287-w287-h192-n-k-no-v1,2026-06-09T16:43:57.487451,master,,,
Olive Zip Kalyan Nagar by Embassy Group,ChkIgqmKlp30prtUGg0vZy8xMXQ3NjJjajlsEAE,Bangalore,,Google Hotels,1377.0,1377.0,4.6,1355.0,3.0,hotel,13.0152925,77.64381569999999,2026-07-01,2026-07-02,False,,https://lh3.googleusercontent.com/gps-cs-s/APNQkAF6TFLoK9tF6p6Qv_-Go5uvm4n4PLx1N2-jtruA3xWQ_Wkxr7m-sLQqiX5PKGLr7EHv8Qnn5CJNLT1jyBE2yQ-kBQNHmqwvSA-Df1n_zJck_O6iyrqHHznoZBl9fp2ApLCxPWTKTOglCzo=s287-w287-h192-n-k-no-v1,2026-06-09T16:43:57.487579,master,,,
Fairfield by Marriott Bengaluru Rajajinagar,ChkIh7-khpqQvtSdARoML2cvMXB5Y3IyNnA5EAE,Bangalore,,Google Hotels,7523.0,7523.0,4.1,8309.0,4.0,hotel,12.9830936,77.5593393,2026-07-01,2026-07-02,False,,https://lh3.googleusercontent.com/gps-cs-s/APNQkAFe2b4l82eHusLxM0CNm3g9UrnL4V41xrUDb7Of_iRMVcgn1iAIYHqE_lketY_SWqdwsTiewGWd4-eE4Vqsm-FSd4Scz_ztxkFI39lvsXdxe2Rig9RuE67uPvWOV1cKXn9tmToUTeRWSxc=s287-w287-h192-n-k-no-v1,2026-06-09T16:43:57.487599,master,,,
Octave Himalaya Monarch,ChkImcev2b7S_6wqGg0vZy8xMWZsdncwbTBtEAE,Bangalore,,Google Hotels,1364.0,1364.0,4.1,4550.0,3.0,hotel,12.9758721,77.5761088,2026-07-01,2026-07-02,False,,https://lh3.googleusercontent.com/gps-cs-s/APNQkAEo0X_pKF2ujEYiUqEPuE4T2qhZgxwb6e0WcuCsSNCga_MBJZLaPWpxoDx0PwGZBsDJOEqROVr03zDv3Cr_BcBb-Dqj5G7LGlTqTGBSbIoILxULXlyh44TGuBurmUZE-Ayj_YyY=s287-w287-h192-n-k-no-v1,2026-06-09T16:43:57.487607,master,,,
Octave Hotel - Double Rd,ChkI9Y60tIvRobRRGg0vZy8xMWYzY215NnNzEAE,Bangalore,,Google Hotels,1668.0,1668.0,4.2,3192.0,3.0,hotel,12.9596715,77.5933616,2026-07-01,2026-07-02,False,,https://lh3.googleusercontent.com/gps-cs-s/APNQkAEzWRl8VDrrui6LzYJUmf6smamDdHzTR4-CTLmVj_Q6okFxxuV2Z-5jTiRb55WapSCBfnJANyqrijaW5m3pCjWHjiLlJ5kcE9q5P3UsAMfFVmBtXYz8Y5r2X2Tdi5dDeiMyHjy9=s287-w287-h192-n-k-no-v1,2026-06-09T16:43:57.487613,master,,,
"Taj Yeshwantpur, Bengaluru",ChcIoKDYkq6f5ORSGgsvZy8xdGR6cGt4NBAB,Bangalore,,Google Hotels,15100.0,15100.0,4.5,23593.0,5.0,hotel,13.0290874,77.5407647,2026-07-01,2026-07-02,False,,https://lh3.googleusercontent.com/gps-cs-s/APNQkAEb_CbxtoFBSUikupR_sJuhtCFzQpHEcFx7Nh1R8eVFdg4fyjtmX0ASzvOX7za51FO9GiB5tCxb9Mid6i9wDSiahXbIToZc8Fxei0rOo3g6u6xx6MruTkVX6SZMF7MzCmlgEPmdtg=s287-w287-h192-n-k-no-v1,2026-06-09T16:43:57.487620,master,,,
LANGFORD KEYS By TGI,ChoIgqygmcL4wZLuARoNL2cvMTFoemh0c210NhAB,Bangalore,,Google Hotels,2493.0,2493.0,4.4,815.0,3.0,hotel,12.9613176,77.5951343,2026-07-01,2026-07-02,False,,https://lh3.googleusercontent.com/gps-cs-s/APNQkAGyHlGfn47X4PmwvJKBMJIlecOlXDHtPmNxImt2CfVajveoXwlll27kuUcLpNjrmCPrxdkLZiumsUgXZnCo0O3ADH_t2LzTu91qgKVAcTs4_LjrnB8eFBGU2v5P5faEOYeQKZy_=s287-w287-h192-n-k-no-v1,2026-06-09T16:43:57.487628,master,,,
"Hotel Pai Viceroy, Jayanagar",ChkI7rmHw-H-zvczGg0vZy8xMWI2MGJ0cHY4EAE,Bangalore,,Google Hotels,3060.0,3060.0,4.1,7851.0,3.0,hotel,12.9359735,77.5838327,2026-07-01,2026-07-02,False,,https://lh3.googleusercontent.com/gps-cs-s/APNQkAFALb3VaVZn745jxfMiFDs2V3N-PX5258Eze6tNldDtscee_jsoK2qdkbUKw8_lmLdaD2TbQD6Xyb5lU5eKQboYMShAuDUt5X3tS61LtKemVmGfKNYvVUHLceaQICXGLo3MiSC7DI9ycLvK=s287-w287-h192-n-k-no-v1,2026-06-09T16:43:57.487635,master,,,
White Lotus By Orbit Hotels - Super Deluxe Room,ChkQlPihtfzNvb9DGg0vZy8xMW45Yzljbm44EAI,Bangalore,,Google Hotels,1299.0,1299.0,,,,vacation rental,13.0377197265625,77.61712646484375,2026-07-01,2026-07-02,False,,https://lh6.googleusercontent.com/proxy/kO_t9l1uTqpzcg5R-gZzhVAMhH6_VLAKZkvLLIx6w9NTuOVsGq23Jgvm0TfZeoJL13bUYaD6Q8h76AOT93dgzYqnX4u2fLcSrbxk4Eyt7dmLa3srWRQAJFu_gLA7RJQISgfc0S1krzOR4l57LSCbhmisjXe7DZA=s287-w287-h192-n-k-no-v1,2026-06-09T16:43:57.487645,master,,,
"Taj Mahal Tower, Mumbai",74717,Mumbai,,Booking.com,20650.0001,20650.0001,9.3,5013.0,5.0,Hotel,18.9215006738599,72.8332896530628,2026-07-05,2026-07-06,1,,,2026-06-05T15:49:06.062113,booking,Superb,17.8,https://www.booking.com/hotel/in/the-taj-mahal-palace-tower.html
ibis Mumbai BKC,13673300,Mumbai,,Booking.com,7138.95,7138.95,8.3,315.0,4.0,Hotel,19.07424,72.86907,2026-07-05,2026-07-06,0,,,2026-06-05T15:49:06.062113,booking,Very good,0.95,https://www.booking.com/hotel/in/ibis-mumbai-bkc.html
Trident Nariman Point,78794,Mumbai,,Booking.com,15340.0001,15340.0001,9.0,4287.0,5.0,Hotel,18.9276509091609,72.8205800056458,2026-07-05,2026-07-06,0,,,2026-06-05T15:49:06.062113,booking,Superb,17.6,https://www.booking.com/hotel/in/trident-nariman-point.html
Ginger Mumbai Airport,10501379,Mumbai,,Booking.com,6825.0,6825.0,7.3,1948.0,4.0,Hotel,19.097355462152,72.853804524337,2026-07-05,2026-07-06,1,,,2026-06-05T15:49:06.062113,booking,Good,3.5,https://www.booking.com/hotel/in/ginger-mumbai-airport.html
The Oberoi Mumbai,78790,Mumbai,,Booking.com,20060.0001,20060.0001,9.3,1717.0,5.0,Hotel,18.9271028775779,72.8202795982361,2026-07-05,2026-07-06,0,,,2026-06-05T15:49:06.062113,booking,Superb,17.65,https://www.booking.com/hotel/in/the-oberoi-mumbai.html
"The Taj Mahal Palace, Mumbai",2451595,Mumbai,,Booking.com,24780.0002,24780.0002,9.3,2486.0,5.0,Hotel,18.9216373548013,72.8331752172471,2026-07-05,2026-07-06,1,,,2026-06-05T15:49:06.062113,booking,Superb,17.8,https://www.booking.com/hotel/in/the-taj-mahal-palace-mumbai.html
Zostel Mumbai,2822848,Mumbai,,Booking.com,4041.45,4041.45,8.1,648.0,0.0,Hostel,19.1196471,72.8841552,2026-07-05,2026-07-06,1,,,2026-06-05T15:49:06.062113,booking,Very good,4.95,https://www.booking.com/hotel/in/zostel-mumbai.html
Hotel Antique - Colaba,3020551,Mumbai,,Booking.com,4342.8,4342.8,8.0,796.0,1.0,Hotel,18.917182,72.827799,2026-07-05,2026-07-06,1,,,2026-06-05T15:49:06.062113,booking,Very good,18.45,https://www.booking.com/hotel/in/antique.html
The Sahil Hotel,287064,Mumbai,,Booking.com,9416.4001,9416.4001,7.9,563.0,4.0,Hotel,18.9687405421689,72.823596149683,2026-07-05,2026-07-06,1,,,2026-06-05T15:49:06.062113,booking,Good,13.25,https://www.booking.com/hotel/in/sahil.html
Trident Bandra Kurla,399208,Mumbai,,Booking.com,14160.0001,14160.0001,9.0,2940.0,5.0,Hotel,19.0666404941471,72.8675293922424,2026-07-05,2026-07-06,0,,,2026-06-05T15:49:06.062113,booking,Superb,1.5,https://www.booking.com/hotel/in/the-trident-bandra-kurla.html
JW Marriott Mumbai Sahar Airport,1300736,Mumbai,,Booking.com,20650.0001,20650.0001,8.8,1906.0,5.0,Hotel,19.1031481596599,72.8775622833977,2026-07-05,2026-07-06,1,,,2026-06-05T15:49:06.062113,booking,Fabulous,3.05,https://www.booking.com/hotel/in/jw-marriott-mumbai-sahar.html
Fairmont Mumbai,13586722,Mumbai,,Booking.com,17700.0001,17700.0001,9.1,629.0,5.0,Hotel,19.1016664143024,72.877443364418,2026-07-05,2026-07-06,1,,,2026-06-05T15:49:06.062113,booking,Superb,2.9,https://www.booking.com/hotel/in/fairmont-mumbai.html
ICONIQA Hotel Mumbai International Airport,13769615,Mumbai,,Booking.com,12831.6741,12831.6741,9.0,507.0,5.0,Hotel,19.101156971614,72.8790499594551,2026-07-05,2026-07-06,1,,,2026-06-05T15:49:06.062113,booking,Superb,2.85,https://www.booking.com/hotel/in/iconiqa-mumbai-international-airport.html
Hilton Mumbai International Airport Hotel,283624,Mumbai,,Booking.com,10502.0001,10502.0001,8.7,2801.0,5.0,Hotel,19.1041906326191,72.8709116578102,2026-07-05,2026-07-06,0,,,2026-06-05T15:49:06.062113,booking,Fabulous,3.25,https://www.booking.com/hotel/in/hilton-mumbai-international-airport.html
The Leela Mumbai,249951,Mumbai,,Booking.com,14455.0001,14455.0001,9.0,3892.0,5.0,Hotel,19.1091784264362,72.8741490840912,2026-07-05,2026-07-06,1,,,2026-06-05T15:49:06.062113,booking,Superb,3.75,https://www.booking.com/hotel/in/the-leela-mumbai.html
The Westin Mumbai Garden City,473486,Mumbai,,Booking.com,18880.0001,18880.0001,8.8,715.0,5.0,Hotel,19.1723415829222,72.8603062033654,2026-07-05,2026-07-06,1,,,2026-06-05T15:49:06.062113,booking,Fabulous,10.9,https://www.booking.com/hotel/in/the-westin-mumbai-garden-city.html
YWCA International Centre,3730687,Mumbai,,Booking.com,4889.85,4889.85,8.6,453.0,3.0,Hotel,18.925399,72.830981,2026-07-05,2026-07-06,1,,,2026-06-05T15:49:06.062113,booking,Fabulous,17.45,https://www.booking.com/hotel/in/ywca-international-centre.html
Niranta Transit Hotel Terminal 2 Arrivals/Landside,1453101,Mumbai,,Booking.com,11434.2001,11434.2001,7.6,4657.0,4.0,Hotel,19.098558908226,72.8743100166321,2026-07-05,2026-07-06,1,,,2026-06-05T15:49:06.062113,booking,Good,2.55,https://www.booking.com/hotel/in/niranta-airport-transit-inside-intl-airport.html
Hotel Kemps Corner,355007,Mumbai,,Booking.com,9500.1801,9500.1801,7.8,490.0,2.0,Hotel,18.9641594618114,72.8062972426414,2026-07-05,2026-07-06,1,,,2026-06-05T15:49:06.062113,booking,Good,14.55,https://www.booking.com/hotel/in/kemps-corner.html
Taj Lands End,74722,Mumbai,,Booking.com,16289.9001,16289.9001,8.2,2721.0,5.0,Hotel,19.0437067461031,72.8190377354622,2026-07-05,2026-07-06,1,,,2026-06-05T15:49:06.062113,booking,Very good,7.15,https://www.booking.com/hotel/in/taj-lands-end.html
The Westin Mumbai Garden City,473486,Mumbai,,Booking.com,18880.0001,18880.0001,8.8,715.0,5.0,Hotel,19.1723415829222,72.8603062033654,2026-07-05,2026-07-06,1,,,2026-06-05T15:49:10.308606,booking,Fabulous,10.9,https://www.booking.com/hotel/in/the-westin-mumbai-garden-city.html
The Lalit Mumbai,171931,Mumbai,,Booking.com,13732.2501,13732.2501,7.9,2290.0,5.0,Hotel,19.1048648045988,72.8755974769592,2026-07-05,2026-07-06,1,,,2026-06-05T15:49:10.308606,booking,Good,3.25,https://www.booking.com/hotel/in/the-lalit-mumbai.html
Novotel Mumbai International Airport,9360612,Mumbai,,Booking.com,10618.8201,10618.8201,8.5,2419.0,5.0,Hotel,19.1054912667497,72.8756949669342,2026-07-05,2026-07-06,0,,,2026-06-05T15:49:10.308606,booking,Very good,3.3,https://www.booking.com/hotel/in/novotel-mumbai-international-airport.html
asar Landmark Suites Mumbai International Airport by Orion Hotels,5362512,Mumbai,,Booking.com,4960.5465,4960.5465,7.8,221.0,0.0,Hotel,19.119944,72.880151,2026-07-05,2026-07-06,1,,,2026-06-05T15:49:10.308606,booking,Good,4.9,https://www.booking.com/hotel/in/landmark-suites-bollywood-design.html
Hyatt Centric Juhu Mumbai,8581322,Mumbai,,Booking.com,11847.2001,11847.2001,8.2,759.0,0.0,Hotel,19.0916574478298,72.8279691626549,2026-07-05,2026-07-06,1,,,2026-06-05T15:49:10.308606,booking,Very good,5.55,https://www.booking.com/hotel/in/hyatt-centric-juhu-mumbai.html
Abode Bombay,1102756,Mumbai,,Booking.com,5315.625,5315.625,8.9,1580.0,0.0,Hotel,18.92376390558,72.8323817253113,2026-07-05,2026-07-06,1,,,2026-06-05T15:49:10.308606,booking,Fabulous,17.6,https://www.booking.com/hotel/in/regency-inn-pvt-ltd.html
HOTEL HAVEN Mumbai,16309966,Mumbai,,Booking.com,1260.0,1260.0,9.0,4.0,0.0,Hotel,19.0740592611669,72.912418461385,2026-07-05,2026-07-06,1,,,2026-06-05T15:49:10.308606,booking,Superb,3.7,https://www.booking.com/hotel/in/haven-mumbai.html
Niranta Transit Hotel Mumbai Airport - At Arrivals,1781955,Mumbai,,Booking.com,10173.0751,10173.0751,7.5,2202.0,4.0,Hotel,19.0992184723321,72.8753851192016,2026-07-05,2026-07-06,1,,,2026-06-05T15:49:10.308606,booking,Good,2.6,https://www.booking.com/hotel/in/niranta-airport-transit-international-wing.html
Hotel Suba Palace Near Gateway of India,373163,Mumbai,,Booking.com,14868.0001,14868.0001,8.7,1235.0,4.0,Hotel,18.9240582249418,72.8329208493233,2026-07-05,2026-07-06,1,,,2026-06-05T15:49:10.308606,booking,Fabulous,17.55,https://www.booking.com/hotel/in/suba-palace.html
Hotel Linkway,1362336,Mumbai,,Booking.com,3465.0,3465.0,8.5,692.0,2.0,Inn,19.0718236623439,72.8343397378922,2026-07-05,2026-07-06,1,,,2026-06-05T15:49:10.308606,booking,Very good,4.6,https://www.booking.com/hotel/in/linkway.html
Sofitel Mumbai BKC,294086,Mumbai,,Booking.com,10950.4001,10950.4001,8.5,1419.0,5.0,Hotel,19.0675024126694,72.869256734848,2026-07-05,2026-07-06,0,,,2026-06-05T15:49:10.308606,booking,Very good,1.3,https://www.booking.com/hotel/in/sofitel-mumbai-bkc.html
ibis Mumbai Airport - An Accor Brand,273897,Mumbai,,Booking.com,6298.95,6298.95,6.5,1248.0,4.0,Hotel,19.0967213329138,72.8535443544388,2026-07-05,2026-07-06,1,,,2026-06-05T15:49:10.308606,booking,Pleasant,3.45,https://www.booking.com/hotel/in/ibis-mumbai.html
Hotel Godwin - Colaba,441342,Mumbai,,Booking.com,9440.0001,9440.0001,7.2,374.0,3.0,Hotel,18.919130844573,72.8302882611752,2026-07-05,2026-07-06,1,,,2026-06-05T15:49:10.308606,booking,Good,18.15,https://www.booking.com/hotel/in/godwin-mumbai.html
Hotel Enigma Inn,12374836,Mumbai,,Booking.com,4583.25,4583.25,7.4,389.0,3.0,Hotel,18.934667,72.8362702,2026-07-05,2026-07-06,1,,,2026-06-05T15:49:10.308606,booking,Good,16.35,https://www.booking.com/hotel/in/enigma-inn.html
"The Hosteller Mumbai, International Airport",13401038,Mumbai,,Booking.com,5266.17,5266.17,8.3,152.0,0.0,Hostel,19.1043660520026,72.8593326910365,2026-07-05,2026-07-06,1,,,2026-06-05T15:49:10.308606,booking,Very good,3.7,https://www.booking.com/hotel/in/the-hosteller-mumbai-andheri.html
Hotel Grand Palace Inn,15940275,Mumbai,,Booking.com,2100.0,2100.0,7.7,9.0,3.0,Hotel,19.1286243,72.8469747,2026-07-05,2026-07-06,1,,,2026-06-05T15:49:10.308606,booking,Good,6.7,https://www.booking.com/hotel/in/grand-palace-inn-mumbai1.html
ibis Mumbai Vikhroli - An Accor Brand,7781698,Mumbai,,Booking.com,6615.0,6615.0,7.7,569.0,4.0,Hotel,19.120665231712,72.9263665167064,2026-07-05,2026-07-06,1,,,2026-06-05T15:49:10.308606,booking,Good,7.15,https://www.booking.com/hotel/in/ibis-mumbai-vikhroli.html
Ramada Plaza By Wyndham Palm Grove,246806,Mumbai,,Booking.com,10461.4081,10461.4081,7.8,820.0,5.0,Hotel,19.0987718121845,72.827467918396,2026-07-05,2026-07-06,0,,,2026-06-05T15:49:10.308606,booking,Good,5.9,https://www.booking.com/hotel/in/ramada-plaza-palm-grove.html
Radisson Blu Mumbai International Airport,6832186,Mumbai,,Booking.com,9438.8201,9438.8201,8.7,2546.0,5.0,Hotel,19.108043031195,72.8794292490883,2026-07-05,2026-07-06,1,,,2026-06-05T15:49:10.308606,booking,Fabulous,3.6,https://www.booking.com/hotel/in/radisson-blu-mumbai-international-airport.html
Hotel Antique - Colaba,3020551,Mumbai,,Booking.com,4342.8,4342.8,8.0,796.0,1.0,Hotel,18.917182,72.827799,2026-07-05,2026-07-06,1,,,2026-06-05T15:49:10.308606,booking,Very good,18.45,https://www.booking.com/hotel/in/antique.html
Radisson Blu Mumbai International Airport,6832186,Mumbai,,Booking.com,9438.8201,9438.8201,8.7,2546.0,5.0,Hotel,19.108043031195,72.8794292490883,2026-07-05,2026-07-06,1,,,2026-06-05T15:49:14.414422,booking,Fabulous,3.6,https://www.booking.com/hotel/in/radisson-blu-mumbai-international-airport.html
Hotel Antique - Colaba,3020551,Mumbai,,Booking.com,4342.8,4342.8,8.0,796.0,1.0,Hotel,18.917182,72.827799,2026-07-05,2026-07-06,1,,,2026-06-05T15:49:14.414422,booking,Very good,18.45,https://www.booking.com/hotel/in/antique.html
Grand Hyatt Mumbai Hotel and Residences,390419,Mumbai,,Booking.com,13688.0001,13688.0001,8.6,1570.0,5.0,Hotel,19.0767956376696,72.851240336895,2026-07-05,2026-07-06,0,,,2026-06-05T15:49:14.414422,booking,Fabulous,2.8,https://www.booking.com/hotel/in/grand-hyatt.html
The Mirador,266677,Mumbai,,Booking.com,12454.9001,12454.9001,8.0,376.0,4.0,Hotel,19.1111032,72.8567173,2026-07-05,2026-07-06,1,,,2026-06-05T15:49:14.414422,booking,Very good,4.5,https://www.booking.com/hotel/in/the-mirador.html
Luna Spaces- BLUES Nr Mumbai International Airport,13319747,Mumbai,,Booking.com,3213.0,3213.0,8.1,54.0,0.0,Guest house,19.1075959449896,72.9010723282238,2026-07-05,2026-07-06,0,,,2026-06-05T15:49:14.414422,booking,Very good,4.3,https://www.booking.com/hotel/in/luna-spaces.html
Dragonfly Hotel - The Art Hotel,394175,Mumbai,,Booking.com,9409.5001,9409.5001,8.5,272.0,4.0,Hotel,19.1108409909479,72.8630246222019,2026-07-05,2026-07-06,1,,,2026-06-05T15:49:14.414422,booking,Very good,4.2,https://www.booking.com/hotel/in/dragonfly.html
Hotel Afotel Mumbai-Near International Airport,14082590,Mumbai,,Booking.com,5983.95,5983.95,8.4,77.0,3.0,Hotel,19.1115967,72.8753588,2026-07-05,2026-07-06,1,,,2026-06-05T15:49:14.414422,booking,Very good,4.0,https://www.booking.com/hotel/in/afotel.html
"ITC Grand Central, a Luxury Collection Hotel, Mumbai",473276,Mumbai,,Booking.com,16992.0001,16992.0001,8.9,1185.0,5.0,Hotel,18.9983344314137,72.8385685075773,2026-07-05,2026-07-06,1,,,2026-06-05T15:49:14.414422,booking,Fabulous,9.6,https://www.booking.com/hotel/in/itc-grand-central-mumbai.html
Dhanvantari Luxury Hotel Near Kokilaben Dhirubhai Ambani Hospital Mumbai,13353394,Mumbai,,Booking.com,6467.076,6467.076,7.1,156.0,3.0,Hotel,19.1328405,72.8259904,2026-07-05,2026-07-06,1,,,2026-06-05T15:49:14.414422,booking,Good,8.35,https://www.booking.com/hotel/in/dhanvantri-luxury-near-kokilaben-dhirubhai-ambani-hospital.html
Hotel Comfort Castle,14648164,Mumbai,,Booking.com,2944.3575,2944.3575,6.9,34.0,2.0,Hotel,19.0609813,72.8984365,2026-07-05,2026-07-06,1,,,2026-06-05T15:49:14.414422,booking,Pleasant,2.75,https://www.booking.com/hotel/in/comfort-castle-mumbai.html
Moxy Mumbai Andheri West,12349578,Mumbai,,Booking.com,10620.0001,10620.0001,8.7,324.0,5.0,Hotel,19.138758,72.83329,2026-07-05,2026-07-06,1,,,2026-06-05T15:49:14.414422,booking,Fabulous,8.4,https://www.booking.com/hotel/in/moxy-mumbai-andheri-west.html
Arnna-Goregaon,9928916,Mumbai,,Booking.com,11461.3401,11461.3401,7.3,795.0,4.0,Hotel,19.153863,72.85137,2026-07-05,2026-07-06,1,,,2026-06-05T15:49:14.414422,booking,Good,9.1,https://www.booking.com/hotel/in/arnna.html
"Grand Hotel Mumbai - Ballard Estate, Fort",350329,Mumbai,,Booking.com,7560.0,7560.0,7.7,546.0,3.0,Hotel,18.9362847065073,72.8406912088394,2026-07-05,2026-07-06,1,,,2026-06-05T15:49:14.414422,booking,Good,16.05,https://www.booking.com/hotel/in/grand-mumbai.html
ibis Mumbai Vikhroli - An Accor Brand,7781698,Mumbai,,Booking.com,6615.0,6615.0,7.7,569.0,4.0,Hotel,19.120665231712,72.9263665167064,2026-07-05,2026-07-06,1,,,2026-06-05T15:49:14.414422,booking,Good,7.15,https://www.booking.com/hotel/in/ibis-mumbai-vikhroli.html
Backpacker Cowies,2963603,Mumbai,,Booking.com,4800.6,4800.6,7.9,1300.0,0.0,Hostel,18.920115,72.830836,2026-07-05,2026-07-06,1,,,2026-06-05T15:49:14.414422,booking,Good,18.05,https://www.booking.com/hotel/in/backpacker-panda-colaba.html
Rama Krishna Hotel,647414,Mumbai,,Booking.com,4935.0,4935.0,8.0,168.0,0.0,Bed and breakfast,19.098874419977,72.8445490295417,2026-07-05,2026-07-06,1,,,2026-06-05T15:49:14.414422,booking,Very good,4.35,https://www.booking.com/hotel/in/rama-krishna.html
Hotel Zara International,13110611,Mumbai,,Booking.com,2653.35,2653.35,6.8,314.0,3.0,Hotel,19.1193612,72.8849279,2026-07-05,2026-07-06,1,,,2026-06-05T15:49:14.414422,booking,Pleasant,4.9,https://www.booking.com/hotel/in/zara-international.html
President - IHCL SeleQtions,74736,Mumbai,,Booking.com,12124.3939,12124.3939,8.3,1722.0,5.0,Hotel,18.9141728703582,72.8207623958588,2026-07-05,2026-07-06,1,,,2026-06-05T15:49:14.414422,booking,Very good,19.0,https://www.booking.com/hotel/in/taj-president.html
Grand Residency Hotel & Serviced Apartments,274997,Mumbai,,Booking.com,9804.0301,9804.0301,7.9,413.0,4.0,Aparthotel,19.0615905755901,72.8325238823891,2026-07-05,2026-07-06,1,,,2026-06-05T15:49:14.414422,booking,Good,5.05,https://www.booking.com/hotel/in/grand-residency-serviced-apartments.html
Imperial Hotel Near Haji Ali,15621641,Mumbai,,Booking.com,5304.8205,5304.8205,6.6,60.0,3.0,Hotel,18.9623513,72.8183134,2026-07-05,2026-07-06,0,,,2026-06-05T15:49:14.414422,booking,Pleasant,14.1,https://www.booking.com/hotel/in/perial.html
JW Marriott Mumbai Juhu,250170,Mumbai,,Booking.com,23600.0002,23600.0002,8.6,1309.0,5.0,Hotel,19.1019577351272,72.826561331749,2026-07-05,2026-07-06,1,,,2026-06-05T15:49:18.111340,booking,Fabulous,6.1,https://www.booking.com/hotel/in/j-w-marriott-mumbai-india.html
Hotel Zara International,13110611,Mumbai,,Booking.com,2653.35,2653.35,6.8,314.0,3.0,Hotel,19.1193612,72.8849279,2026-07-05,2026-07-06,1,,,2026-06-05T15:49:18.111340,booking,Pleasant,4.9,https://www.booking.com/hotel/in/zara-international.html
Dragonfly Hotel - The Art Hotel,394175,Mumbai,,Booking.com,9409.5001,9409.5001,8.5,272.0,4.0,Hotel,19.1108409909479,72.8630246222019,2026-07-05,2026-07-06,1,,,2026-06-05T15:49:18.111340,booking,Very good,4.2,https://www.booking.com/hotel/in/dragonfly.html
Dhanvantari Luxury Hotel Near Kokilaben Dhirubhai Ambani Hospital Mumbai,13353394,Mumbai,,Booking.com,6467.076,6467.076,7.1,156.0,3.0,Hotel,19.1328405,72.8259904,2026-07-05,2026-07-06,1,,,2026-06-05T15:49:18.111340,booking,Good,8.35,https://www.booking.com/hotel/in/dhanvantri-luxury-near-kokilaben-dhirubhai-ambani-hospital.html
The Mirador,266677,Mumbai,,Booking.com,12454.9001,12454.9001,8.0,376.0,4.0,Hotel,19.1111032,72.8567173,2026-07-05,2026-07-06,1,,,2026-06-05T15:49:18.111340,booking,Very good,4.5,https://www.booking.com/hotel/in/the-mirador.html
Hotel Rinza Residency,12644794,Mumbai,,Booking.com,2834.055,2834.055,5.5,175.0,5.0,Hotel,18.9615847292826,72.8194579381613,2026-07-05,2026-07-06,0,,,2026-06-05T15:49:18.111340,booking,Passable,14.15,https://www.booking.com/hotel/in/rinza-residency.html
"ITC Maratha, a Luxury Collection Hotel, Mumbai",470773,Mumbai,,Booking.com,15340.0001,15340.0001,8.5,1262.0,5.0,Hotel,19.1039728778104,72.8700031488916,2026-07-05,2026-07-06,1,,,2026-06-05T15:49:18.111340,booking,Very good,3.25,https://www.booking.com/hotel/in/itc-maratha-mumbai.html
The Falcon Inn - Clare Road,15633058,Mumbai,,Booking.com,5670.0,5670.0,7.6,31.0,4.0,Hotel,18.9693670297669,72.8294564544144,2026-07-05,2026-07-06,1,,,2026-06-05T15:49:18.111340,booking,Good,12.9,https://www.booking.com/hotel/in/the-falcon-inn-mumbai.html
MyOtel - Santacruz,13654230,Mumbai,,Booking.com,6247.5,6247.5,7.2,187.0,3.0,Hotel,19.084771722872,72.8447410338684,2026-07-05,2026-07-06,1,,,2026-06-05T15:49:18.111340,booking,Good,3.6,https://www.booking.com/hotel/in/myotel-santacruz.html
"Adiva Residency Beacon, Grant Road, Mumbai",9071042,Mumbai,,Booking.com,7140.0,7140.0,7.5,640.0,3.0,Hotel,18.961787,72.822031,2026-07-05,2026-07-06,1,,,2026-06-05T15:49:18.111340,booking,Good,14.0,https://www.booking.com/hotel/in/adiva-residency-beacon-grant-road-mumbai.html
Regency Hotel Malabar Hill,260826,Mumbai,,Booking.com,9345.6001,9345.6001,7.3,95.0,3.0,Hotel,18.9550806366958,72.7988004684448,2026-07-05,2026-07-06,1,,,2026-06-05T15:49:18.111340,booking,Good,15.8,https://www.booking.com/hotel/in/regency.html
Hotel Aala - Versova,16193899,Mumbai,,Booking.com,1995.0,1995.0,7.6,8.0,3.0,Hotel,19.1350852,72.8146101,2026-07-05,2026-07-06,1,,,2026-06-05T15:49:18.111340,booking,Good,9.35,https://www.booking.com/hotel/in/aala-versova.html
Hotel National - Grant Road,12465069,Mumbai,,Booking.com,4708.2,4708.2,6.4,59.0,3.0,Hotel,18.9619694,72.8201371,2026-07-05,2026-07-06,1,,,2026-06-05T15:49:18.111340,booking,Pleasant,14.05,https://www.booking.com/hotel/in/national-mumbai2.html
"Hostel Vasantashram CST Mumbai, Free Wifi with 1940s Retro vibe",696814,Mumbai,,Booking.com,2268.0,2268.0,7.5,430.0,0.0,Hostel,18.946820734258,72.8326070308685,2026-07-05,2026-07-06,1,,,2026-06-05T15:49:18.111340,booking,Good,15.15,https://www.booking.com/hotel/in/new-vasantashram.html
FabHotel Comfort Stay,5181098,Mumbai,,Booking.com,2698.668,2698.668,5.6,49.0,3.0,Hotel,19.1191816901429,72.8834692944775,2026-07-05,2026-07-06,1,,,2026-06-05T15:49:18.111340,booking,Okay,4.85,https://www.booking.com/hotel/in/spot-on-40727-star-residency-spot.html
InterContinental Marine Drive Mumbai by IHG,237786,Mumbai,,Booking.com,15731.7601,15731.7601,8.7,538.0,5.0,Hotel,18.9349375286069,72.8240829706192,2026-07-05,2026-07-06,0,,,2026-06-05T15:49:18.111340,booking,Fabulous,16.7,https://www.booking.com/hotel/in/intercontinental-marine-drive-mumbai.html
"Zenith Homes - Premium Suites, near IIT Powai, Hiranandani & Mumbai Airport",15371731,Mumbai,,Booking.com,3317.601,3317.601,7.3,61.0,0.0,Guest house,19.1177550653017,72.9038424431305,2026-07-05,2026-07-06,1,,,2026-06-05T15:49:18.111340,booking,Good,5.4,https://www.booking.com/hotel/in/zenith-homes-premium-suites.html
Hotel Kohinoor Elite near BKC,427714,Mumbai,,Booking.com,10487.8401,10487.8401,8.6,540.0,4.0,Hotel,19.0804636056569,72.8855216503143,2026-07-05,2026-07-06,0,,,2026-06-05T15:49:18.111340,booking,Fabulous,1.0,https://www.booking.com/hotel/in/kohinoor-elite.html
Smooth Checkin By Amber Edition - Mumbai,16562083,Mumbai,,Booking.com,3043.95,3043.95,,,3.0,Hotel,18.9622872,72.8286945,2026-07-05,2026-07-06,1,,,2026-06-05T15:49:18.111340,booking,,13.65,https://www.booking.com/hotel/in/smooth-checkin-amber-palace.html
Hotel Heritage formerly known as Comfort Inn Heritage,370494,Mumbai,,Booking.com,7323.75,7323.75,7.6,411.0,4.0,Hotel,18.9759365919199,72.8343813121319,2026-07-05,2026-07-06,1,,,2026-06-05T15:49:18.111340,booking,Good,12.05,https://www.booking.com/hotel/in/comfort-inn-heritage.html
Hotel Corporate Terminal Stay Delhi IGI Airport With Free Airport Pickup,16271096,Delhi,,Booking.com,6097.8435,6097.8435,9.1,64.0,4.0,Hotel,28.5518860012609,77.100235554248,2026-07-05,2026-07-06,1,,,2026-06-05T15:49:22.291993,booking,Superb,15.1,https://www.booking.com/hotel/in/terminal-stay.html
The Tivoli New Delhi,13302182,Delhi,,Booking.com,6562.5,6562.5,8.0,155.0,5.0,Hotel,28.4967244381017,77.1852711802532,2026-07-05,2026-07-06,1,,,2026-06-05T15:49:22.291993,booking,Very good,15.8,https://www.booking.com/hotel/in/the-tivoli-new-delhi.html
Hotel Maurya Heritage In Karol Bagh,16594023,Delhi,,Booking.com,2488.5,2488.5,,2.0,3.0,Hotel,28.6456691,77.1823922,2026-07-05,2026-07-06,1,,,2026-06-05T15:49:22.291993,booking,Exceptional,4.15,https://www.booking.com/hotel/in/maurya-heritage-in-karol-bagh.html
ibis New Delhi Aerocity - An Accor Brand,419884,Delhi,,Booking.com,7474.95,7474.95,7.0,6656.0,4.0,Hotel,28.5511185378281,77.123481631279,2026-07-05,2026-07-06,0,,,2026-06-05T15:49:22.291993,booking,Good,13.45,https://www.booking.com/hotel/in/ibis-delhi-airport.html
The LaLiT New Delhi,173287,Delhi,,Booking.com,13627.8201,13627.8201,8.2,3778.0,5.0,Hotel,28.6293614055454,77.2263604402542,2026-07-05,2026-07-06,1,,,2026-06-05T15:49:22.291993,booking,Very good,0.75,https://www.booking.com/hotel/in/the-lalit-new-delhi.html
BnBBuddy Executive Studio Apt in West Delhi 720,11458329,Delhi,,Booking.com,3491.25,3491.25,9.7,3.0,0.0,Apartment,28.6636023,77.1544552,2026-07-05,2026-07-06,0,,,2026-06-05T15:49:22.291993,booking,Exceptional,7.4,https://www.booking.com/hotel/in/bnbbuddy-executive-studio-apt-in-west-delhi-720.html
"Lemon Tree Hotel, Delhi Airport",439127,Delhi,,Booking.com,13230.9944,13230.9944,8.5,1444.0,4.0,Hotel,28.5513682765411,77.1207591891289,2026-07-05,2026-07-06,1,,,2026-06-05T15:49:22.291993,booking,Very good,13.65,https://www.booking.com/hotel/in/red-fox-delhi-aerocity.html
Five-Star Inspired Beige Luxe Suite Sunset View,16483399,Delhi,,Booking.com,3628.8,3628.8,,,0.0,Apartment,28.5515883,77.3223691,2026-07-05,2026-07-06,1,,,2026-06-05T15:49:22.291993,booking,,13.45,https://www.booking.com/hotel/in/five-star-inspired-beige-luxe-suite-sunset-view.html
Aloft by Marriott New Delhi Aerocity,3570607,Delhi,,Booking.com,11210.0001,11210.0001,8.4,3319.0,5.0,Hotel,28.5524044844127,77.1234491288528,2026-07-05,2026-07-06,1,,,2026-06-05T15:49:22.291993,booking,Very good,13.35,https://www.booking.com/hotel/in/aloft-new-delhi-aerocity.html
"Pride Plaza Hotel, Aerocity New Delhi",1591538,Delhi,,Booking.com,11916.6431,11916.6431,8.4,4494.0,4.0,Hotel,28.5527818807327,77.1231114864349,2026-07-05,2026-07-06,1,,,2026-06-05T15:49:22.291993,booking,Very good,13.35,https://www.booking.com/hotel/in/pride-plaza-aerocity-new-delhi.html
Hyatt Centric Janakpuri New Delhi,261460,Delhi,,Booking.com,7864.5,7864.5,7.1,1473.0,5.0,Hotel,28.6287,77.0787,2026-07-05,2026-07-06,1,,,2026-06-05T15:49:22.291993,booking,Good,14.1,https://www.booking.com/hotel/in/hilton-new-delhi-janakpuri.html
The Graphite Gallery Skyline View Supernova,16206740,Delhi,,Booking.com,2856.0,2856.0,,2.0,0.0,Apartment,28.552826,77.3226487,2026-07-05,2026-07-06,1,,,2026-06-05T15:49:22.291993,booking,Disappointing,13.4,https://www.booking.com/hotel/in/the-graphite-gallery-skyline-view-supernova.html
Hotel CR Residency - Near US Embassy,16495974,Delhi,,Booking.com,1409.583,1409.583,8.2,6.0,3.0,Hotel,28.5876836884226,77.17005796259,2026-07-05,2026-07-06,1,,,2026-06-05T15:49:22.291993,booking,Very good,7.35,https://www.booking.com/hotel/in/rahul-villa-new-delhi.html
The Leela Palace New Delhi,250176,Delhi,,Booking.com,28674.0002,28674.0002,9.4,1943.0,5.0,Hotel,28.5794624549,77.1891206502914,2026-07-05,2026-07-06,1,,,2026-06-05T15:49:22.291993,booking,Superb,7.0,https://www.booking.com/hotel/in/the-leela-palace-new-delhi.html
The Leela Ambience Convention Hotel Delhi,434877,Delhi,,Booking.com,14368.8601,14368.8601,8.6,2067.0,5.0,Hotel,28.6618724447929,77.3022803664207,2026-07-05,2026-07-06,0,,,2026-06-05T15:49:22.291993,booking,Fabulous,8.35,https://www.booking.com/hotel/in/the-leela-ambience-convention-hotel-delhi.html
Jaypee Vasant Continental,308324,Delhi,,Booking.com,9556.9381,9556.9381,8.1,837.0,5.0,Hotel,28.5565184164276,77.1639883518219,2026-07-05,2026-07-06,1,,,2026-06-05T15:49:22.291993,booking,Very good,10.45,https://www.booking.com/hotel/in/jaypee-vasant-continental.html
Holiday Inn Express New Delhi International Airport T3 by IHG,906460,Delhi,,Booking.com,16534.9271,16534.9271,6.8,1122.0,4.0,Hotel,28.5572016274032,77.0988961459079,2026-07-05,2026-07-06,1,,,2026-06-05T15:49:22.291993,booking,Pleasant,14.85,https://www.booking.com/hotel/in/eaton-smart-new-delhi-airport.html
Jaypee Siddharth,308297,Delhi,,Booking.com,7480.2525,7480.2525,6.5,549.0,5.0,Hotel,28.6425515826225,77.1753770112991,2026-07-05,2026-07-06,1,,,2026-06-05T15:49:22.291993,booking,Pleasant,4.7,https://www.booking.com/hotel/in/jaypee-siddharth.html
Lutyens Bungalow,497348,Delhi,,Booking.com,7875.0,7875.0,8.8,337.0,4.0,Bed and breakfast,28.5918840688268,77.2139096260071,2026-07-05,2026-07-06,1,,,2026-06-05T15:49:22.291993,booking,Fabulous,4.9,https://www.booking.com/hotel/in/lutyens-bungalow.html
Shangri-La Eros New Delhi,242678,Delhi,,Booking.com,16048.0001,16048.0001,8.8,1605.0,5.0,Hotel,28.6207773658231,77.2179758548737,2026-07-05,2026-07-06,0,,,2026-06-05T15:49:22.291993,booking,Fabulous,1.65,https://www.booking.com/hotel/in/shangri-la-new-delhi.html
Novotel New Delhi Aerocity,1279334,Delhi,,Booking.com,10903.2001,10903.2001,8.0,2732.0,5.0,Hotel,28.553492,77.12324,2026-07-05,2026-07-06,0,,,2026-06-05T15:49:26.298476,booking,Very good,13.3,https://www.booking.com/hotel/in/novotel-new-delhi-aerocity.html
Jaypee Vasant Continental,308324,Delhi,,Booking.com,9556.9381,9556.9381,8.1,837.0,5.0,Hotel,28.5565184164276,77.1639883518219,2026-07-05,2026-07-06,1,,,2026-06-05T15:49:26.298476,booking,Very good,10.45,https://www.booking.com/hotel/in/jaypee-vasant-continental.html
Holiday Inn Express New Delhi International Airport T3 by IHG,906460,Delhi,,Booking.com,16534.9271,16534.9271,6.8,1122.0,4.0,Hotel,28.5572016274032,77.0988961459079,2026-07-05,2026-07-06,1,,,2026-06-05T15:49:26.298476,booking,Pleasant,14.85,https://www.booking.com/hotel/in/eaton-smart-new-delhi-airport.html
Jaypee Siddharth,308297,Delhi,,Booking.com,7086.555,7086.555,6.5,549.0,5.0,Hotel,28.6425515826225,77.1753770112991,2026-07-05,2026-07-06,1,,,2026-06-05T15:49:26.298476,booking,Pleasant,4.7,https://www.booking.com/hotel/in/jaypee-siddharth.html
Venizia Sarovar Portico,630764,Delhi,,Booking.com,6027.0,6027.0,5.6,38.0,4.0,Hotel,28.710784,77.1873370000001,2026-07-05,2026-07-06,1,,,2026-06-05T15:49:26.298476,booking,Okay,9.15,https://www.booking.com/hotel/in/grand-venizia.html
Lutyens Bungalow,497348,Delhi,,Booking.com,7875.0,7875.0,8.8,337.0,4.0,Bed and breakfast,28.5918840688268,77.2139096260071,2026-07-05,2026-07-06,1,,,2026-06-05T15:49:26.298476,booking,Fabulous,4.9,https://www.booking.com/hotel/in/lutyens-bungalow.html
Radisson Blu Plaza Delhi Airport,254290,Delhi,,Booking.com,16070.4001,16070.4001,8.9,7809.0,5.0,Hotel,28.5436048952701,77.1197935938835,2026-07-05,2026-07-06,1,,,2026-06-05T15:49:26.298476,booking,Fabulous,14.3,https://www.booking.com/hotel/in/radisson-new-delhi.html
Shangri-La Eros New Delhi,242678,Delhi,,Booking.com,16048.0001,16048.0001,8.8,1605.0,5.0,Hotel,28.6207773658231,77.2179758548737,2026-07-05,2026-07-06,0,,,2026-06-05T15:49:26.298476,booking,Fabulous,1.65,https://www.booking.com/hotel/in/shangri-la-new-delhi.html
Moustache Delhi,3876656,Delhi,,Booking.com,4236.876,4236.876,8.7,499.0,0.0,Hostel,28.5658901715184,77.2710195869942,2026-07-05,2026-07-06,1,,,2026-06-05T15:49:26.298476,booking,Fabulous,9.05,https://www.booking.com/hotel/in/moustache-delhi.html
"Hotel The Janak By Shanti Near New Delhi Train Station , New Delhi",15730117,Delhi,,Booking.com,4725.0,4725.0,9.2,121.0,4.0,Hotel,28.645139822531,77.2158641740662,2026-07-05,2026-07-06,1,,,2026-06-05T15:49:26.298476,booking,Superb,1.35,https://www.booking.com/hotel/in/the-janak.html
Suitcase Stories Delhi,15881812,Delhi,,Booking.com,1706.25,1706.25,9.1,75.0,0.0,Hostel,28.6289603,77.2733185,2026-07-05,2026-07-06,1,,,2026-06-05T15:49:26.298476,booking,Superb,5.0,https://www.booking.com/hotel/in/suitcase-stories-delhi.html
Novotel New Delhi City Centre,13086621,Delhi,,Booking.com,7140.0,7140.0,8.5,387.0,5.0,Hotel,28.646579,77.206757,2026-07-05,2026-07-06,0,,,2026-06-05T15:49:26.298476,booking,Very good,2.05,https://www.booking.com/hotel/in/novotel-new-delhi-city-centre.html
Maidens Hotel New Delhi,78792,Delhi,,Booking.com,9499.0001,9499.0001,9.4,2449.0,5.0,Hotel,28.6743843250181,77.2259970009327,2026-07-05,2026-07-06,0,,,2026-06-05T15:49:26.298476,booking,Superb,4.45,https://www.booking.com/hotel/in/maidens.html
"Ambassador, New Delhi - IHCL SeleQtions",74738,Delhi,,Booking.com,10620.0001,10620.0001,8.1,995.0,5.0,Hotel,28.601770379576,77.2291150689125,2026-07-05,2026-07-06,1,,,2026-06-05T15:49:26.298476,booking,Very good,3.75,https://www.booking.com/hotel/in/the-ambassador-new-delhi.html
The Lodhi – A member of The Leading Hotels Of The World,627142,Delhi,,Booking.com,28320.0002,28320.0002,8.9,326.0,5.0,Hotel,28.5917145003596,77.2384706139565,2026-07-05,2026-07-06,1,,,2026-06-05T15:49:26.298476,booking,Fabulous,5.05,https://www.booking.com/hotel/in/the-lodhi.html
Hotel P K Residency Paharganj New Delhi,16241094,Delhi,,Booking.com,1367.1,1367.1,8.0,6.0,0.0,Lodge,28.6414189773262,77.2157677501951,2026-07-05,2026-07-06,1,,,2026-06-05T15:49:26.298476,booking,Very good,1.0,https://www.booking.com/hotel/in/singh-palace-new-delhi.html
"Hotel Vibe House, A Boutique Living Experience - Near Connaught Place & City Centre",15209587,Delhi,,Booking.com,3189.4485,3189.4485,7.9,93.0,4.0,Hotel,28.6412330435656,77.2112587089586,2026-07-05,2026-07-06,1,,,2026-06-05T15:49:26.298476,booking,Good,1.35,https://www.booking.com/hotel/in/vibe-house-central-delhi.html
Crowne Plaza New Delhi Mayur Vihar Noida by IHG,334662,Delhi,,Booking.com,13889.5901,13889.5901,8.4,938.0,5.0,Hotel,28.5900188006451,77.2980585694313,2026-07-05,2026-07-06,1,,,2026-06-05T15:49:26.298476,booking,Very good,8.9,https://www.booking.com/hotel/in/hilton-new-delhi-mayur-vihar.html
Super Townhouse Preet Vihar Metro Station,14149798,Delhi,,Booking.com,2938.531,2938.531,8.4,54.0,3.0,Hotel,28.642887,77.290726,2026-07-05,2026-07-06,1,,,2026-06-05T15:49:26.298476,booking,Very good,6.75,https://www.booking.com/hotel/in/o-nirman-vihar-metro-station-formerly-swastik-residency.html
Bungalow 99,2832695,Delhi,,Booking.com,6823.95,6823.95,9.0,397.0,0.0,Bed and breakfast,28.5747689,77.2335869999999,2026-07-05,2026-07-06,1,,,2026-06-05T15:49:26.298476,booking,Superb,6.8,https://www.booking.com/hotel/in/bungalow-99.html
Hotel Down Town - Paschim Vihar,11553587,Delhi,,Booking.com,2944.7145,2944.7145,7.3,140.0,3.0,Hotel,28.669024290255,77.093276731985,2026-07-05,2026-07-06,1,,,2026-06-05T15:49:30.496173,booking,Good,13.2,https://www.booking.com/hotel/in/down-town-delhi.html
The Orion Express - Kailash Colony,12201520,Delhi,,Booking.com,3543.0465,3543.0465,7.1,120.0,3.0,Hotel,28.5558724945719,77.2412034179109,2026-07-05,2026-07-06,1,,,2026-06-05T15:49:30.496173,booking,Good,9.0,https://www.booking.com/hotel/in/the-orion-express.html
"Hotel The Hans - Connaught Place, New Delhi",249628,Delhi,,Booking.com,5253.927,5253.927,6.5,455.0,4.0,Hotel,28.6284809027862,77.2258830070496,2026-07-05,2026-07-06,0,,,2026-06-05T15:49:30.496173,booking,Pleasant,0.8,https://www.booking.com/hotel/in/the-hans-new-delhi.html
Great Diplomat Hotel DELHI ID NOT ALLOWED,14577735,Delhi,,Booking.com,628.95,628.95,4.8,53.0,2.0,Hotel,28.6469016179862,77.2123498556808,2026-07-05,2026-07-06,1,,,2026-06-05T15:49:30.496173,booking,Disappointing,1.7,https://www.booking.com/hotel/in/great-diplomat-new-delhi.html
"Lemon Tree Premier, Delhi Airport",439042,Delhi,,Booking.com,13257.6477,13257.6477,8.0,1192.0,5.0,Hotel,28.5519761286692,77.1206116676331,2026-07-05,2026-07-06,1,,,2026-06-05T15:49:30.496173,booking,Very good,13.6,https://www.booking.com/hotel/in/lemon-tree-premier-delhi-aerocity.html
Hotel Bala Ji International New Delhi Railway Station,13524066,Delhi,,Booking.com,911.8515,911.8515,8.3,531.0,3.0,Hotel,28.6467664307419,77.2113868275085,2026-07-05,2026-07-06,1,,,2026-06-05T15:49:30.496173,booking,Very good,1.75,https://www.booking.com/hotel/in/bala-ji-international.html
Western Blu INN,11940629,Delhi,,Booking.com,6069.0,6069.0,4.5,7.0,3.0,Hotel,28.667909006012,77.093156716919,2026-07-05,2026-07-06,1,,,2026-06-05T15:49:30.496173,booking,Disappointing,13.2,https://www.booking.com/hotel/in/western-blu-inn.html
Super Townhouse Preet Vihar Metro Station,14149798,Delhi,,Booking.com,2938.531,2938.531,8.4,54.0,3.0,Hotel,28.642887,77.290726,2026-07-05,2026-07-06,1,,,2026-06-05T15:49:30.496173,booking,Very good,6.75,https://www.booking.com/hotel/in/o-nirman-vihar-metro-station-formerly-swastik-residency.html
"The Ashok, New Delhi",1152665,Delhi,,Booking.com,11564.0001,11564.0001,6.0,1486.0,5.0,Hotel,28.5971666799642,77.1959765613769,2026-07-05,2026-07-06,1,,,2026-06-05T15:49:30.496173,booking,Pleasant,4.95,https://www.booking.com/hotel/in/the-ashok.html
"The Imperial, New Delhi",361191,Delhi,,Booking.com,29500.0002,29500.0002,9.6,1771.0,5.0,Hotel,28.6245091314299,77.2172462940216,2026-07-05,2026-07-06,1,,,2026-06-05T15:49:30.496173,booking,Exceptional,1.3,https://www.booking.com/hotel/in/imperial-new-delhi.html
The Oberoi New Delhi,77814,Delhi,,Booking.com,30090.0002,30090.0002,9.6,672.0,5.0,Hotel,28.596231522505,77.2402811050415,2026-07-05,2026-07-06,1,,,2026-06-05T15:49:30.496173,booking,Exceptional,4.65,https://www.booking.com/hotel/in/the-oberoi-new-delhi.html
Le Meridien New Delhi,473275,Delhi,,Booking.com,14827.8801,14827.8801,8.4,1238.0,5.0,Hotel,28.6187595672794,77.2183755040169,2026-07-05,2026-07-06,1,,,2026-06-05T15:49:30.496173,booking,Very good,1.85,https://www.booking.com/hotel/in/le-ma-c-ridien-new-delhi.html
Mauryan Express Hotel Nangloi Metro,16200296,Delhi,,Booking.com,1454.6385,1454.6385,7.0,3.0,3.0,Hotel,28.6819429979778,77.0646337199801,2026-07-05,2026-07-06,0,,,2026-06-05T15:49:30.496173,booking,Good,16.3,https://www.booking.com/hotel/in/mauryan-express-nangloi-metro.html
Crowne Plaza New Delhi Okhla by IHG,309020,Delhi,,Booking.com,6676.9605,6676.9605,8.2,792.0,5.0,Hotel,28.528616063303,77.2720330953598,2026-07-05,2026-07-06,1,,,2026-06-05T15:49:30.496173,booking,Very good,12.8,https://www.booking.com/hotel/in/crowne-plaza-new-delhi-okhla.html
The Metropolitan Hotel & Spa New Delhi,74005,Delhi,,Booking.com,9079.1443,9079.1443,8.0,1245.0,5.0,Hotel,28.6314708152652,77.2081214189529,2026-07-05,2026-07-06,0,,,2026-06-05T15:49:30.496173,booking,Very good,1.5,https://www.booking.com/hotel/in/nikko.html
Hotel The Royal Plaza,271384,Delhi,,Booking.com,6545.847,6545.847,6.0,719.0,4.0,Hotel,28.62264444242,77.213991433382,2026-07-05,2026-07-06,1,,,2026-06-05T15:49:30.496173,booking,Pleasant,1.65,https://www.booking.com/hotel/in/ramada-plaza-new-delhi.html
Jaypee Vasant Continental,308324,Delhi,,Booking.com,9556.9381,9556.9381,8.1,837.0,5.0,Hotel,28.5565184164276,77.1639883518219,2026-07-05,2026-07-06,1,,,2026-06-05T15:49:30.496173,booking,Very good,10.45,https://www.booking.com/hotel/in/jaypee-vasant-continental.html
Park Plaza Shahdara,457024,Delhi,,Booking.com,6300.0,6300.0,7.9,585.0,5.0,Hotel,28.668635140948,77.3037140071392,2026-07-05,2026-07-06,1,,,2026-06-05T15:49:30.496173,booking,Good,8.8,https://www.booking.com/hotel/in/park-plaza-shahdara.html
"Hotel Samrat, New Delhi",1152679,Delhi,,Booking.com,11210.0001,11210.0001,6.2,507.0,4.0,Hotel,28.5963913620749,77.1977394996445,2026-07-05,2026-07-06,1,,,2026-06-05T15:49:30.496173,booking,Pleasant,4.95,https://www.booking.com/hotel/in/samrat-new-delhi.html
ONEOFF - The South Delhi Edition,16123407,Delhi,,Booking.com,5040.0,5040.0,10.0,3.0,3.0,Hotel,28.5482109,77.2379714,2026-07-05,2026-07-06,1,,,2026-06-05T15:49:30.496173,booking,Exceptional,9.8,https://www.booking.com/hotel/in/oneoff-the-south-delhi-edition.html
The Oberoi New Delhi,77814,Delhi,,Booking.com,30090.0002,30090.0002,9.6,672.0,5.0,Hotel,28.596231522505,77.2402811050415,2026-07-05,2026-07-06,1,,,2026-06-05T15:49:34.592017,booking,Exceptional,4.65,https://www.booking.com/hotel/in/the-oberoi-new-delhi.html
Le Meridien New Delhi,473275,Delhi,,Booking.com,14827.8801,14827.8801,8.4,1238.0,5.0,Hotel,28.6187595672794,77.2183755040169,2026-07-05,2026-07-06,1,,,2026-06-05T15:49:34.592017,booking,Very good,1.85,https://www.booking.com/hotel/in/le-ma-c-ridien-new-delhi.html
Moustache Delhi,3876656,Delhi,,Booking.com,4236.876,4236.876,8.7,499.0,0.0,Hostel,28.5658901715184,77.2710195869942,2026-07-05,2026-07-06,1,,,2026-06-05T15:49:34.592017,booking,Fabulous,9.05,https://www.booking.com/hotel/in/moustache-delhi.html
Mauryan Express Hotel Nangloi Metro,16200296,Delhi,,Booking.com,1454.6385,1454.6385,7.0,3.0,3.0,Hotel,28.6819429979778,77.0646337199801,2026-07-05,2026-07-06,0,,,2026-06-05T15:49:34.592017,booking,Good,16.3,https://www.booking.com/hotel/in/mauryan-express-nangloi-metro.html
Crowne Plaza New Delhi Okhla by IHG,309020,Delhi,,Booking.com,6676.9605,6676.9605,8.2,792.0,5.0,Hotel,28.528616063303,77.2720330953598,2026-07-05,2026-07-06,1,,,2026-06-05T15:49:34.592017,booking,Very good,12.8,https://www.booking.com/hotel/in/crowne-plaza-new-delhi-okhla.html
Villa 33,1692659,Delhi,,Booking.com,5250.0,5250.0,9.0,565.0,0.0,Bed and breakfast,28.5476338183536,77.1986354257602,2026-07-05,2026-07-06,1,,,2026-06-05T15:49:34.592017,booking,Superb,10.0,https://www.booking.com/hotel/in/villa-33.html
Hotel N K International - Near Govindpuri Metro Station,16184623,Delhi,,Booking.com,1432.7775,1432.7775,8.5,26.0,3.0,Hotel,28.5421788,77.2567012,2026-07-05,2026-07-06,1,,,2026-06-05T15:49:34.592017,booking,Very good,10.85,https://www.booking.com/hotel/in/jk-hero.html
Venizia Sarovar Portico,630764,Delhi,,Booking.com,6027.0,6027.0,5.6,38.0,4.0,Hotel,28.710784,77.1873370000001,2026-07-05,2026-07-06,1,,,2026-06-05T15:49:34.592017,booking,Okay,9.15,https://www.booking.com/hotel/in/grand-venizia.html
Park Plaza Shahdara,457024,Delhi,,Booking.com,6300.0,6300.0,7.9,585.0,5.0,Hotel,28.668635140948,77.3037140071392,2026-07-05,2026-07-06,1,,,2026-06-05T15:49:34.592017,booking,Good,8.8,https://www.booking.com/hotel/in/park-plaza-shahdara.html
"Broadway An Alivaa Collection Hotel, near Connaught Place",15044408,Delhi,,Booking.com,4379.9847,4379.9847,9.1,20.0,3.0,Hotel,28.6411562439905,77.2362910951424,2026-07-05,2026-07-06,1,,,2026-06-05T15:49:34.592017,booking,Superb,1.55,https://www.booking.com/hotel/in/broadway-new-delhi1.html
"Hotel Samrat, New Delhi",1152679,Delhi,,Booking.com,11210.0001,11210.0001,6.2,507.0,4.0,Hotel,28.5963913620749,77.1977394996445,2026-07-05,2026-07-06,1,,,2026-06-05T15:49:34.592017,booking,Pleasant,4.95,https://www.booking.com/hotel/in/samrat-new-delhi.html
ONEOFF - The South Delhi Edition,16123407,Delhi,,Booking.com,5040.0,5040.0,10.0,3.0,3.0,Hotel,28.5482109,77.2379714,2026-07-05,2026-07-06,1,,,2026-06-05T15:49:34.592017,booking,Exceptional,9.8,https://www.booking.com/hotel/in/oneoff-the-south-delhi-edition.html
Hotel IVY Near Delhi Airport,16099806,Delhi,,Booking.com,5711.58,5711.58,8.6,90.0,3.0,Hotel,28.5415904,77.1269438,2026-07-05,2026-07-06,1,,,2026-06-05T15:49:34.592017,booking,Fabulous,14.0,https://www.booking.com/hotel/in/jeevan-palace.html
Hotel The Viking - Near New Delhi Railway & Connaught Place,13323902,Delhi,,Booking.com,2107.35,2107.35,8.6,708.0,4.0,Hotel,28.6420992292797,77.2106161588261,2026-07-05,2026-07-06,1,,,2026-06-05T15:49:34.592017,booking,Fabulous,1.45,https://www.booking.com/hotel/in/the-viking-new-delhi.html
"Ambassador, New Delhi - IHCL SeleQtions",74738,Delhi,,Booking.com,10620.0001,10620.0001,8.1,995.0,5.0,Hotel,28.601770379576,77.2291150689125,2026-07-05,2026-07-06,1,,,2026-06-05T15:49:34.592017,booking,Very good,3.75,https://www.booking.com/hotel/in/the-ambassador-new-delhi.html
"Svelte Delhi, a member of Radisson Individuals",283287,Delhi,,Booking.com,7276.5,7276.5,7.8,602.0,4.0,Hotel,28.5284723147726,77.2186356782913,2026-07-05,2026-07-06,0,,,2026-06-05T15:49:34.592017,booking,Good,11.85,https://www.booking.com/hotel/in/svelte-and-personal-suite.html
Radisson Blu Hotel New Delhi Paschim Vihar,424419,Delhi,,Booking.com,10593.4501,10593.4501,6.7,1501.0,5.0,Hotel,28.6672254483972,77.091246843338,2026-07-05,2026-07-06,0,,,2026-06-05T15:49:34.592017,booking,Pleasant,13.35,https://www.booking.com/hotel/in/radisson-blu-new-delhi.html
Sheraton New Delhi Hotel,1297132,Delhi,,Booking.com,10384.0001,10384.0001,8.8,827.0,5.0,Hotel,28.5266993985767,77.2160346480087,2026-07-05,2026-07-06,1,,,2026-06-05T15:49:34.592017,booking,Fabulous,12.05,https://www.booking.com/hotel/in/sheraton-new-delhi-new-delhi.html
The Grand New Delhi,270529,Delhi,,Booking.com,11097.9001,11097.9001,7.7,502.0,5.0,Hotel,28.5389206725247,77.151226401329,2026-07-05,2026-07-06,1,,,2026-06-05T15:49:34.592017,booking,Good,12.75,https://www.booking.com/hotel/in/the-grand-new-delhi.html
"HOTEL TASHKENT PALACE - Budget Friendly, Near R K Ashram Metro Station",1997789,Delhi,,Booking.com,1098.048,1098.048,7.4,1213.0,3.0,Hotel,28.6436838407267,77.2110933065414,2026-07-05,2026-07-06,1,,,2026-06-05T15:49:34.592017,booking,Good,1.5,https://www.booking.com/hotel/in/tg-tashkent.html
"Hotel Darbar Comfort Inn Near Lullu Mall, Kukatpally",15951676,Hyderabad,,Booking.com,1606.185,1606.185,8.0,8.0,3.0,Hotel,17.4850391,78.3867773,2026-07-05,2026-07-06,1,,,2026-06-05T15:49:38.805908,booking,Very good,9.4,https://www.booking.com/hotel/in/hfg-khndf.html
Star Guest House,16600802,Hyderabad,,Booking.com,840.0,840.0,,,0.0,Guest house,17.4673301,78.3667469,2026-07-05,2026-07-06,1,,,2026-06-05T15:49:38.805908,booking,,9.5,https://www.booking.com/hotel/in/star-guest-house-hyderabad3.html
Super Townhouse Nanak Ram Guda Near WaveRock SEZ,11987045,Hyderabad,,Booking.com,1395.5125,1395.5125,7.2,203.0,4.0,Hotel,17.4178883753395,78.3504125497723,2026-07-05,2026-07-06,1,,,2026-06-05T15:49:38.805908,booking,Good,9.35,https://www.booking.com/hotel/in/pop-82525c-sri-balaji-grand.html
Hotel V,16301824,Hyderabad,,Booking.com,4209.975,4209.975,,,3.0,Hotel,17.4710905,78.3543701,2026-07-05,2026-07-06,1,,,2026-06-05T15:49:38.805908,booking,,10.8,https://www.booking.com/hotel/in/v-hyderabad2.html
Oakwood Residence Kapil Hyderabad,1345305,Hyderabad,,Booking.com,10030.0001,10030.0001,8.7,679.0,5.0,Hotel,17.421532660065,78.3387798070908,2026-07-05,2026-07-06,1,,,2026-06-05T15:49:38.805908,booking,Fabulous,10.6,https://www.booking.com/hotel/in/oakwood-residence-kapil-hyderabad.html
Novotel Hyderabad Airport,191710,Hyderabad,,Booking.com,11298.5001,11298.5001,8.1,844.0,5.0,Hotel,17.2426087558325,78.4539592266083,2026-07-05,2026-07-06,0,,,2026-06-05T15:49:38.805908,booking,Very good,19.45,https://www.booking.com/hotel/in/novotel-hyderabad-airport-hyderabad.html
Trident Hyderabad,572271,Hyderabad,,Booking.com,25016.0002,25016.0002,9.2,911.0,5.0,Hotel,17.4498791885129,78.3790397644043,2026-07-05,2026-07-06,1,,,2026-06-05T15:49:38.805908,booking,Superb,7.35,https://www.booking.com/hotel/in/trident-hyderabad.html
IndiGo Line Hotel- Banjara Hills X Road- Beside Paradise Biryani Restaurant,11288710,Hyderabad,,Booking.com,2079.0,2079.0,9.9,19.0,3.0,Hotel,17.4038572844552,78.4534067715076,2026-07-05,2026-07-06,1,,,2026-06-05T15:49:38.805908,booking,Exceptional,2.15,https://www.booking.com/hotel/in/amaze-grand.html
"The Park Hyderabad, Banjara Hills near Hussain Sagar Lake",256139,Hyderabad,,Booking.com,12213.0001,12213.0001,9.0,2027.0,5.0,Hotel,17.423410857561,78.4625865519047,2026-07-05,2026-07-06,1,,,2026-06-05T15:49:38.805908,booking,Superb,2.7,https://www.booking.com/hotel/in/the-park-hyderabad.html
The Leela Hyderabad Banjara Hills,12140663,Hyderabad,,Booking.com,13275.0001,13275.0001,9.2,411.0,5.0,Hotel,17.427040825978,78.439044854229,2026-07-05,2026-07-06,1,,,2026-06-05T15:49:38.805908,booking,Superb,1.2,https://www.booking.com/hotel/in/the-leela-hyderabad.html
Hilton Hyderabad Genome Valley Resort & Spa,14950620,Hyderabad,,Booking.com,19352.0001,19352.0001,8.9,21.0,5.0,Hotel,17.679585,78.595104,2026-07-05,2026-07-06,0,,,2026-06-05T15:49:38.805908,booking,Fabulous,33.65,https://www.booking.com/hotel/in/hilton-hyderabad-genome-valley-resort-spa.html
2BHK AC Hitech City-Enjoy like your home Affordable Comfortable,14252256,Hyderabad,,Booking.com,2079.0,2079.0,7.7,19.0,0.0,Apartment,17.491026,78.381894,2026-07-05,2026-07-06,1,,,2026-06-05T15:49:38.805908,booking,Good,10.25,https://www.booking.com/hotel/in/fortune-homes-hyderabad.html
Hotel Velvet Stay Near DLF Cyber City,15400705,Hyderabad,,Booking.com,1842.141,1842.141,7.3,48.0,0.0,Homestay,17.4539699,78.3648008,2026-07-05,2026-07-06,1,,,2026-06-05T15:49:38.805908,booking,Good,8.85,https://www.booking.com/hotel/in/vishnu-hyderabad.html
Itsy Hotels Aflah,2892756,Hyderabad,,Booking.com,1513.806,1513.806,7.0,133.0,3.0,Hotel,17.3922042597994,78.4638167177563,2026-07-05,2026-07-06,1,,,2026-06-05T15:49:38.805908,booking,Good,3.85,https://www.booking.com/hotel/in/oyo-9795-aflah-lodge.html
Taj Krishna,74737,Hyderabad,,Booking.com,10620.0001,10620.0001,8.3,760.0,5.0,Hotel,17.4163510662467,78.4493243694305,2026-07-05,2026-07-06,1,,,2026-06-05T15:49:38.805908,booking,Very good,1.2,https://www.booking.com/hotel/in/taj-krishna.html
White Ridge Premium - Kondapur,15813004,Hyderabad,,Booking.com,1171.4115,1171.4115,7.2,19.0,0.0,Hotel,17.469958,78.3581659,2026-07-05,2026-07-06,0,,,2026-06-05T15:49:38.805908,booking,Good,10.4,https://www.booking.com/hotel/in/white-ridge-premium-kondapur-hyderabad.html
Frenotel,12888590,Hyderabad,,Booking.com,2126.25,2126.25,7.5,103.0,0.0,Hotel,17.4357063392232,78.483688261906,2026-07-05,2026-07-06,0,,,2026-06-05T15:49:38.805908,booking,Good,5.3,https://www.booking.com/hotel/in/frenotel-hyderabad1.html
"ITC Kohenur, a Luxury Collection Hotel, Hyderabad",3456960,Hyderabad,,Booking.com,25960.0002,25960.0002,8.9,441.0,5.0,Hotel,17.432719,78.385536,2026-07-05,2026-07-06,1,,,2026-06-05T15:49:38.805908,booking,Fabulous,5.9,https://www.booking.com/hotel/in/itc-kohenur-a-luxury-collection-hyderabad.html
Avasa Hotel,418656,Hyderabad,,Booking.com,16461.0001,16461.0001,8.4,485.0,5.0,Hotel,17.4498228955031,78.3821484446526,2026-07-05,2026-07-06,1,,,2026-06-05T15:49:38.805908,booking,Very good,7.05,https://www.booking.com/hotel/in/avasa.html
The Itihas Business Hotel Hitech City,16198265,Hyderabad,,Booking.com,1932.0,1932.0,10.0,12.0,0.0,Hotel,17.4472718,78.3923032,2026-07-05,2026-07-06,1,,,2026-06-05T15:49:38.805908,booking,Exceptional,6.0,https://www.booking.com/hotel/in/the-itihas-business-hitech-city.html
Taj Krishna,74737,Hyderabad,,Booking.com,10620.0001,10620.0001,8.3,760.0,5.0,Hotel,17.4163510662467,78.4493243694305,2026-07-05,2026-07-06,1,,,2026-06-05T15:49:42.799131,booking,Very good,1.2,https://www.booking.com/hotel/in/taj-krishna.html
Hyderabad Marriott Hotel & Convention Centre,237300,Hyderabad,,Booking.com,12980.0001,12980.0001,8.4,740.0,5.0,Hotel,17.424115644461,78.4876424074173,2026-07-05,2026-07-06,1,,,2026-06-05T15:49:42.799131,booking,Very good,5.3,https://www.booking.com/hotel/in/hyderabad-marriott-convention-centre.html
Frenotel,12888590,Hyderabad,,Booking.com,2126.25,2126.25,7.5,103.0,0.0,Hotel,17.4357063392232,78.483688261906,2026-07-05,2026-07-06,0,,,2026-06-05T15:49:42.799131,booking,Good,5.3,https://www.booking.com/hotel/in/frenotel-hyderabad1.html
"ITC Kohenur, a Luxury Collection Hotel, Hyderabad",3456960,Hyderabad,,Booking.com,25960.0002,25960.0002,8.9,441.0,5.0,Hotel,17.432719,78.385536,2026-07-05,2026-07-06,1,,,2026-06-05T15:49:42.799131,booking,Fabulous,5.9,https://www.booking.com/hotel/in/itc-kohenur-a-luxury-collection-hyderabad.html
Avasa Hotel,418656,Hyderabad,,Booking.com,16461.0001,16461.0001,8.4,485.0,5.0,Hotel,17.4498228955031,78.3821484446526,2026-07-05,2026-07-06,1,,,2026-06-05T15:49:42.799131,booking,Very good,7.05,https://www.booking.com/hotel/in/avasa.html
"Treebo S3 Suites, Manikonda",14204606,Hyderabad,,Booking.com,2509.8255,2509.8255,8.4,38.0,3.0,Hotel,17.3964070681148,78.3699455107498,2026-07-05,2026-07-06,1,,,2026-06-05T15:49:42.799131,booking,Very good,7.65,https://www.booking.com/hotel/in/treebo-s3-suites-manikonda.html
Holiday Inn Express Hyderabad Banjara Hills by IHG,2480984,Hyderabad,,Booking.com,3884.16,3884.16,5.9,812.0,3.0,Hotel,17.417201,78.453985,2026-07-05,2026-07-06,1,,,2026-06-05T15:49:42.799131,booking,Okay,1.7,https://www.booking.com/hotel/in/formule1-hyderabad-banjara-hills.html
Taj Falaknuma Palace,317531,Hyderabad,,Booking.com,31860.0002,31860.0002,9.3,190.0,5.0,Hotel,17.3321121078208,78.4675151109695,2026-07-05,2026-07-06,1,,,2026-06-05T15:49:42.799131,booking,Superb,9.9,https://www.booking.com/hotel/in/taj-falaknuma-palace.html
Hotel Galadari Hyderabad Airport,15969974,Hyderabad,,Booking.com,3192.0,3192.0,9.0,20.0,3.0,Hotel,17.2409439054661,78.4127065290802,2026-07-05,2026-07-06,1,,,2026-06-05T15:49:42.799131,booking,Superb,19.75,https://www.booking.com/hotel/in/galadari-shamshabad-airport.html
White Ridge Premium - Kondapur,15813004,Hyderabad,,Booking.com,1171.4115,1171.4115,7.2,19.0,0.0,Hotel,17.469958,78.3581659,2026-07-05,2026-07-06,0,,,2026-06-05T15:49:42.799131,booking,Good,10.4,https://www.booking.com/hotel/in/white-ridge-premium-kondapur-hyderabad.html
"Park Hyatt Hotel and Residences, Hyderabad",472041,Hyderabad,,Booking.com,15600.0001,15600.0001,8.8,364.0,5.0,Hotel,17.4243869124833,78.4297120571136,2026-07-05,2026-07-06,1,,,2026-06-05T15:49:42.799131,booking,Fabulous,1.3,https://www.booking.com/hotel/in/park-hyatt-hyderabad.html
Hotel Imperial Classic,1419019,Hyderabad,,Booking.com,1732.5,1732.5,7.0,159.0,3.0,Hotel,17.3983999519152,78.4956604232789,2026-07-05,2026-07-06,1,,,2026-06-05T15:49:42.799131,booking,Good,6.45,https://www.booking.com/hotel/in/imperial-classic-hyderabad2.html
Greenpark Hyderabad,288451,Hyderabad,,Booking.com,7826.301,7826.301,8.4,460.0,4.0,Hotel,17.4364707261301,78.4539592266083,2026-07-05,2026-07-06,1,,,2026-06-05T15:49:42.799131,booking,Very good,2.8,https://www.booking.com/hotel/in/green-park.html
Marigold Hotel,418191,Hyderabad,,Booking.com,11947.5001,11947.5001,8.8,480.0,5.0,Hotel,17.4375674796831,78.4569827637461,2026-07-05,2026-07-06,1,,,2026-06-05T15:49:42.799131,booking,Fabulous,3.1,https://www.booking.com/hotel/in/marigold-by-greenpark.html
Luxor Park Service Apartment,7859124,Hyderabad,,Booking.com,2362.5,2362.5,7.9,86.0,3.0,Hotel,17.438048,78.38982,2026-07-05,2026-07-06,1,,,2026-06-05T15:49:42.799131,booking,Good,5.7,https://www.booking.com/hotel/in/luxor-park-hyderabad.html
Hotel Tulips Grand,13277834,Hyderabad,,Booking.com,4513.95,4513.95,7.5,20.0,4.0,Hotel,17.4132591644373,78.6062252042668,2026-07-05,2026-07-06,1,,,2026-06-05T15:49:42.799131,booking,Good,17.85,https://www.booking.com/hotel/in/tulips-grand-hyderabad.html
Palladium Luxury Suites Financial District Unit II,10929897,Hyderabad,,Booking.com,3150.0,3150.0,8.6,41.0,3.0,Hotel,17.434381636342,78.314168411756,2026-07-05,2026-07-06,1,,,2026-06-05T15:49:42.799131,booking,Fabulous,13.35,https://www.booking.com/hotel/in/palladium-luxury-suites-financial-district-unit-ii.html
Hotel TOS Residency Jubilee hills,15727189,Hyderabad,,Booking.com,4149.054,4149.054,7.7,20.0,4.0,Hotel,17.4297382824139,78.4292781738579,2026-07-05,2026-07-06,1,,,2026-06-05T15:49:42.799131,booking,Good,1.8,https://www.booking.com/hotel/in/metro-crown-inn.html
The RETINUE HOME STAY,16591263,Hyderabad,,Booking.com,2625.0,2625.0,,,0.0,Homestay,17.5168945,78.4863435,2026-07-05,2026-07-06,1,,,2026-06-05T15:49:42.799131,booking,,12.3,https://www.booking.com/hotel/in/t-r-home-stay.html
"Mercure Hyderabad KCP Banjara Hills, An Accor Hotel",1519821,Hyderabad,,Booking.com,5801.25,5801.25,8.4,1138.0,4.0,Hotel,17.4176431708549,78.4568616699753,2026-07-05,2026-07-06,0,,,2026-06-05T15:49:42.799131,booking,Very good,2.0,https://www.booking.com/hotel/in/mercure-hyderabad-kcp-opening-january-2016.html
Treebo De Alphabet Nagole,11489437,Hyderabad,,Booking.com,2335.473,2335.473,6.6,37.0,3.0,Hotel,17.3923650329872,78.5585080663857,2026-07-05,2026-07-06,1,,,2026-06-05T15:49:46.976627,booking,Pleasant,13.05,https://www.booking.com/hotel/in/de-alphabet.html
Radisson Blu Plaza Hotel Hyderabad Banjara Hills,421811,Hyderabad,,Booking.com,17655.7501,17655.7501,8.0,1607.0,5.0,Hotel,17.4222781768679,78.4416183829308,2026-07-05,2026-07-06,1,,,2026-06-05T15:49:46.976627,booking,Very good,0.75,https://www.booking.com/hotel/in/radisson-blu-plaza.html
Hotel O Madhapur VIP Hills,12259658,Hyderabad,,Booking.com,1158.013,1158.013,5.6,214.0,4.0,Hotel,17.44744,78.38528,2026-07-05,2026-07-06,1,,,2026-06-05T15:49:46.976627,booking,Okay,6.6,https://www.booking.com/hotel/in/oyo-life-spg-grand-mens-pg.html
Hotel Windsor Plaza,11777876,Hyderabad,,Booking.com,2646.0,2646.0,7.2,59.0,3.0,Hotel,17.4322612,78.3681121,2026-07-05,2026-07-06,1,,,2026-06-05T15:49:46.976627,booking,Good,7.7,https://www.booking.com/hotel/in/windsor-plaza.html
Wildwings hotel,12876668,Hyderabad,,Booking.com,1511.055,1511.055,7.7,59.0,0.0,Hotel,17.4375124023053,78.3688187167767,2026-07-05,2026-07-06,1,,,2026-06-05T15:49:46.976627,booking,Good,7.75,https://www.booking.com/hotel/in/wings-a-hyderabad.html
Atlas Homes 1BHK Homestays,8231108,Hyderabad,,Booking.com,3045.0,3045.0,10.0,3.0,0.0,Apartment,17.474578286498,78.387175155295,2026-07-05,2026-07-06,0,,,2026-06-05T15:49:46.976627,booking,Exceptional,8.45,https://www.booking.com/hotel/in/lovely1br-with-jacuzzi-steam-spa-theatre-120.html
"FabHotel Prime Cozy - Nr Yashoda Hospital, Hitech City",13964596,Hyderabad,,Booking.com,2075.955,2075.955,7.1,136.0,3.0,Hotel,17.4509938401049,78.3951492873347,2026-07-05,2026-07-06,1,,,2026-06-05T15:49:46.976627,booking,Good,6.0,https://www.booking.com/hotel/in/fabhotel-cozy-prime.html
DraperU India Formerly Draper Startup House Hyderabad,11218630,Hyderabad,,Booking.com,3197.25,3197.25,8.5,187.0,0.0,Hostel,17.44256152426,78.358494117791,2026-07-05,2026-07-06,1,,,2026-06-05T15:49:46.976627,booking,Very good,9.0,https://www.booking.com/hotel/in/draper-startup-house-for-entrepreneurs-hyderabad.html
Fairfield by Marriott Hyderabad Gachibowli,907768,Hyderabad,,Booking.com,12447.8201,12447.8201,7.6,617.0,4.0,Hotel,17.4236577889182,78.3473966369095,2026-07-05,2026-07-06,1,,,2026-06-05T15:49:46.976627,booking,Good,9.7,https://www.booking.com/hotel/in/fairfield-by-marriott-hyderabad-gachibowli.html
"The Vantage Inn, near US Consulate Gachibowli Hyderabad",12034545,Hyderabad,,Booking.com,4410.0,4410.0,8.8,355.0,3.0,Hotel,17.4262441275877,78.3288544225235,2026-07-05,2026-07-06,1,,,2026-06-05T15:49:46.976627,booking,Fabulous,11.7,https://www.booking.com/hotel/in/the-vantage-inn-nanakaramguda.html
Palladium Luxury Suites Financial District Unit II,10929897,Hyderabad,,Booking.com,3150.0,3150.0,8.6,41.0,3.0,Hotel,17.434381636342,78.314168411756,2026-07-05,2026-07-06,1,,,2026-06-05T15:49:46.976627,booking,Fabulous,13.35,https://www.booking.com/hotel/in/palladium-luxury-suites-financial-district-unit-ii.html
Hyatt Hyderabad Gachibowli,593675,Hyderabad,,Booking.com,12213.0001,12213.0001,8.4,198.0,5.0,Hotel,17.4181962711337,78.3423511683941,2026-07-05,2026-07-06,0,,,2026-06-05T15:49:46.976627,booking,Very good,10.2,https://www.booking.com/hotel/in/hyatt-hyderabad-gachibowli.html
"NK Luxe Apartments - Full Furnished 2BHKs, Free Wifi, Smart TV, Central Location",16200808,Hyderabad,,Booking.com,3298.05,3298.05,,,0.0,Apartment,17.4078221184927,78.3981097810545,2026-07-05,2026-07-06,0,,,2026-06-05T15:49:46.976627,booking,,4.4,https://www.booking.com/hotel/in/serviced-flats.html
Super Townhouse RCC Hotel Banjara Hills,10997137,Hyderabad,,Booking.com,2259.4015,2259.4015,7.8,355.0,3.0,Hotel,17.413034,78.44937,2026-07-05,2026-07-06,1,,,2026-06-05T15:49:46.976627,booking,Good,1.25,https://www.booking.com/hotel/in/collection-o-rcc-banjara-hills.html
Daspalla Hyderabad,288515,Hyderabad,,Booking.com,7770.0,7770.0,8.3,293.0,4.0,Hotel,17.4370797578161,78.3983704447746,2026-07-05,2026-07-06,1,,,2026-06-05T15:49:46.976627,booking,Very good,4.85,https://www.booking.com/hotel/in/daspalla.html
Hotel ORIGIN Hyderabad Airport,11585168,Hyderabad,,Booking.com,2810.7555,2810.7555,6.1,308.0,4.0,Hotel,17.2408256887738,78.4388343954983,2026-07-05,2026-07-06,0,,,2026-06-05T15:49:46.976627,booking,Pleasant,19.55,https://www.booking.com/hotel/in/rainbow-tower-airport-road.html
Sheraton Hyderabad Hotel,1345615,Hyderabad,,Booking.com,12980.0001,12980.0001,8.3,283.0,5.0,Hotel,17.4216486650789,78.3374027163882,2026-07-05,2026-07-06,1,,,2026-06-05T15:49:46.976627,booking,Very good,10.75,https://www.booking.com/hotel/in/sheraton-hyderabad.html
Hotel Silver Cle Hitech City Madhapur,10086628,Hyderabad,,Booking.com,4016.25,4016.25,8.3,666.0,3.0,Hotel,17.4400538375811,78.3871581806259,2026-07-05,2026-07-06,1,,,2026-06-05T15:49:46.976627,booking,Very good,6.05,https://www.booking.com/hotel/in/silver-cle.html
Hotel Grand Stay Park Near Ameerpet Metro Station & GVK One Mall,14803127,Hyderabad,,Booking.com,2771.4435,2771.4435,7.2,58.0,0.0,Guest house,17.4392571,78.4516799,2026-07-05,2026-07-06,1,,,2026-06-05T15:49:46.976627,booking,Good,2.9,https://www.booking.com/hotel/in/grand-stay-park.html
Hotel Tulips Grand,14220880,Hyderabad,,Booking.com,6519.555,6519.555,8.0,19.0,3.0,Hotel,17.5456289,78.4341826,2026-07-05,2026-07-06,1,,,2026-06-05T15:49:46.976627,booking,Very good,14.4,https://www.booking.com/hotel/in/tulips-grand-hyderabad1.html
"FabHotel Prime Cozy - Nr Yashoda Hospital, Hitech City",13964596,Hyderabad,,Booking.com,2075.955,2075.955,7.1,136.0,3.0,Hotel,17.4509938401049,78.3951492873347,2026-07-05,2026-07-06,1,,,2026-06-05T15:49:51.008730,booking,Good,6.0,https://www.booking.com/hotel/in/fabhotel-cozy-prime.html
DraperU India Formerly Draper Startup House Hyderabad,11218630,Hyderabad,,Booking.com,3197.25,3197.25,8.5,187.0,0.0,Hostel,17.44256152426,78.358494117791,2026-07-05,2026-07-06,1,,,2026-06-05T15:49:51.008730,booking,Very good,9.0,https://www.booking.com/hotel/in/draper-startup-house-for-entrepreneurs-hyderabad.html
Treebo Tee,7053315,Hyderabad,,Booking.com,2170.7175,2170.7175,7.9,102.0,3.0,Hotel,17.3399186346043,78.5646769132123,2026-07-05,2026-07-06,1,,,2026-06-05T15:49:51.008730,booking,Good,15.9,https://www.booking.com/hotel/in/tee-hotels-hyderabad1.html
Sunrise Hotel Shamshabad,14923694,Hyderabad,,Booking.com,1574.0445,1574.0445,8.0,62.0,3.0,Hotel,17.2591158792162,78.3825417639427,2026-07-05,2026-07-06,1,,,2026-06-05T15:49:51.008730,booking,Very good,18.5,https://www.booking.com/hotel/in/sunrise-shamshabad.html
Super Collection O Erragadda Metro Station Formerly Golden Gate,15136570,Hyderabad,,Booking.com,1277.0635,1277.0635,7.5,32.0,3.0,Hotel,17.4579158,78.4469253,2026-07-05,2026-07-06,1,,,2026-06-05T15:49:51.008730,booking,Good,4.7,https://www.booking.com/hotel/in/collection-o-erragadda-metro-station-hyderabad.html
Hyatt Hyderabad Gachibowli,593675,Hyderabad,,Booking.com,12213.0001,12213.0001,8.4,198.0,5.0,Hotel,17.4181962711337,78.3423511683941,2026-07-05,2026-07-06,0,,,2026-06-05T15:49:51.008730,booking,Very good,10.2,https://www.booking.com/hotel/in/hyatt-hyderabad-gachibowli.html
"Treebo Purva Crest, Gachibowli DLF",11478811,Hyderabad,,Booking.com,3154.557,3154.557,8.6,221.0,3.0,Hotel,17.4476747953155,78.3601752925904,2026-07-05,2026-07-06,1,,,2026-06-05T15:49:51.008730,booking,Fabulous,9.0,https://www.booking.com/hotel/in/treebo-trend-sy-inn.html
"NK Luxe Apartments - Full Furnished 2BHKs, Free Wifi, Smart TV, Central Location",16200808,Hyderabad,,Booking.com,3298.05,3298.05,,,0.0,Apartment,17.4078221184927,78.3981097810545,2026-07-05,2026-07-06,0,,,2026-06-05T15:49:51.008730,booking,,4.4,https://www.booking.com/hotel/in/serviced-flats.html
Lemon Tree Premier Hitec City Hyderabad,265458,Hyderabad,,Booking.com,10109.8625,10109.8625,7.5,369.0,5.0,Hotel,17.443267199749,78.3766740560532,2026-07-05,2026-07-06,1,,,2026-06-05T15:49:51.008730,booking,Good,7.2,https://www.booking.com/hotel/in/lemon-tree-hitec-city-hyderabad.html
Super Townhouse RCC Hotel Banjara Hills,10997137,Hyderabad,,Booking.com,2114.89,2114.89,7.8,355.0,3.0,Hotel,17.413034,78.44937,2026-07-05,2026-07-06,1,,,2026-06-05T15:49:51.008730,booking,Good,1.25,https://www.booking.com/hotel/in/collection-o-rcc-banjara-hills.html
Hotel ORIGIN Hyderabad Airport,11585168,Hyderabad,,Booking.com,2810.7555,2810.7555,6.1,308.0,4.0,Hotel,17.2408256887738,78.4388343954983,2026-07-05,2026-07-06,0,,,2026-06-05T15:49:51.008730,booking,Pleasant,19.55,https://www.booking.com/hotel/in/rainbow-tower-airport-road.html
Courtyard by Marriott Hyderabad,254126,Hyderabad,,Booking.com,13570.0001,13570.0001,8.4,656.0,5.0,Hotel,17.4235910211988,78.4876182675362,2026-07-05,2026-07-06,1,,,2026-06-05T15:49:51.008730,booking,Very good,5.3,https://www.booking.com/hotel/in/courtyard-marriott.html
Sheraton Hyderabad Hotel,1345615,Hyderabad,,Booking.com,12980.0001,12980.0001,8.3,283.0,5.0,Hotel,17.4216486650789,78.3374027163882,2026-07-05,2026-07-06,1,,,2026-06-05T15:49:51.008730,booking,Very good,10.75,https://www.booking.com/hotel/in/sheraton-hyderabad.html
Yellow Sapphire Hotel DLF Cyber City,16119832,Hyderabad,,Booking.com,1803.019,1803.019,9.3,13.0,3.0,Hotel,17.449531,78.3559111,2026-07-05,2026-07-06,1,,,2026-06-05T15:49:51.008730,booking,Superb,9.5,https://www.booking.com/hotel/in/yellow-sapphire-dlf-cyber-city.html
Hotel Grand Stay Park Near Ameerpet Metro Station & GVK One Mall,14803127,Hyderabad,,Booking.com,2729.454,2729.454,7.2,58.0,0.0,Guest house,17.4392571,78.4516799,2026-07-05,2026-07-06,1,,,2026-06-05T15:49:51.008730,booking,Good,2.9,https://www.booking.com/hotel/in/grand-stay-park.html
"Treebo S3 Suites, Manikonda",14204606,Hyderabad,,Booking.com,2509.8255,2509.8255,8.4,38.0,3.0,Hotel,17.3964070681148,78.3699455107498,2026-07-05,2026-07-06,1,,,2026-06-05T15:49:51.008730,booking,Very good,7.65,https://www.booking.com/hotel/in/treebo-s3-suites-manikonda.html
Hotel Tulips Grand,14220880,Hyderabad,,Booking.com,6519.555,6519.555,8.0,19.0,3.0,Hotel,17.5456289,78.4341826,2026-07-05,2026-07-06,1,,,2026-06-05T15:49:51.008730,booking,Very good,14.4,https://www.booking.com/hotel/in/tulips-grand-hyderabad1.html
Super Collection O Manikonda,13619362,Hyderabad,,Booking.com,1217.474,1217.474,8.1,23.0,3.0,Hotel,17.40057,78.37895,2026-07-05,2026-07-06,1,,,2026-06-05T15:49:51.008730,booking,Very good,6.6,https://www.booking.com/hotel/in/super-collection-o-manikonda.html
Super Hotel O New Cyber Grand Madhapur,6348062,Hyderabad,,Booking.com,1927.906,1927.906,9.2,84.0,3.0,Hotel,17.45479,78.386925,2026-07-05,2026-07-06,1,,,2026-06-05T15:49:51.008730,booking,Superb,6.95,https://www.booking.com/hotel/in/oyo-71916-new-cyber-grand.html
Olive Atnest PG,13088845,Hyderabad,,Booking.com,1124.55,1124.55,7.0,35.0,0.0,Hostel,17.451573274296,78.3880618455227,2026-07-05,2026-07-06,0,,,2026-06-05T15:49:51.008730,booking,Good,6.65,https://www.booking.com/hotel/in/olive-atnest-pg.html
"Astra Hotels & Suites - HSR Layout Sector 1, Near Ecospace Bellandur",11026742,Bangalore,,Booking.com,2962.05,2962.05,8.4,105.0,0.0,Hotel,12.922798668556,77.651381528252,2026-07-05,2026-07-06,1,,,2026-06-05T15:49:54.977657,booking,Very good,8.05,https://www.booking.com/hotel/in/astra-hsr.html
Parkwood Executive Rooms Inn,9987540,Bangalore,,Booking.com,660.555,660.555,3.9,157.0,2.0,Hotel,12.942385,77.592746,2026-07-05,2026-07-06,1,,,2026-06-05T15:49:54.977657,booking,Poor,3.95,https://www.booking.com/hotel/in/parkwood-executive-rooms-inn.html
Golden INN,15139831,Bangalore,,Booking.com,642.6,642.6,4.8,36.0,2.0,Hotel,12.8990563685549,77.6284016199186,2026-07-05,2026-07-06,1,,,2026-06-05T15:49:54.977657,booking,Disappointing,9.1,https://www.booking.com/hotel/in/golden-inn-bengaluru2.html
Hotel SM Stay INN,15049102,Bangalore,,Booking.com,1134.0,1134.0,7.5,82.0,3.0,Hotel,12.9013059562837,77.5973864124073,2026-07-05,2026-07-06,0,,,2026-06-05T15:49:54.977657,booking,Good,8.4,https://www.booking.com/hotel/in/sm-stay-inn-bengaluru.html
"Hotel Diamond Palace, Madiwala",13980659,Bangalore,,Booking.com,945.0,945.0,5.9,29.0,2.0,Hotel,12.9263298,77.6163185,2026-07-05,2026-07-06,1,,,2026-06-05T15:49:54.977657,booking,Okay,5.8,https://www.booking.com/hotel/in/diamond-palace-madiwala.html
Hotel New Dreams inn,13606380,Bangalore,,Booking.com,755.055,755.055,6.4,45.0,0.0,Hotel,12.9455386,77.5951645,2026-07-05,2026-07-06,1,,,2026-06-05T15:49:54.977657,booking,Pleasant,3.55,https://www.booking.com/hotel/in/dreams-bengaluru.html
MALDIVES INN,11342090,Bangalore,,Booking.com,1701.0,1701.0,7.6,49.0,3.0,Hotel,13.030106120886,77.563433353759,2026-07-05,2026-07-06,1,,,2026-06-05T15:49:54.977657,booking,Good,7.3,https://www.booking.com/hotel/in/maldives-inn-bangalore.html
ibis Bengaluru City Centre - An Accor Brand,1116332,Bangalore,,Booking.com,4368.0,4368.0,7.2,1079.0,4.0,Hotel,12.9673855854678,77.5939519279251,2026-07-05,2026-07-06,0,,,2026-06-05T15:49:54.977657,booking,Good,1.35,https://www.booking.com/hotel/in/ibis-bengaluru-city-centre.html
"Hotel Noble Nook, 100 Ft Road, Indiranagar",14929286,Bangalore,,Booking.com,2976.75,2976.75,8.8,138.0,3.0,Hotel,12.9634064,77.6430683,2026-07-05,2026-07-06,1,,,2026-06-05T15:49:54.977657,booking,Fabulous,4.7,https://www.booking.com/hotel/in/noble-nook.html
Sheraton Grand Bangalore Hotel at Brigade Gateway,473507,Bangalore,,Booking.com,13570.0001,13570.0001,9.0,414.0,5.0,Hotel,13.0127016697691,77.5551047176123,2026-07-05,2026-07-06,1,,,2026-06-05T15:49:54.977657,booking,Superb,6.5,https://www.booking.com/hotel/in/sheraton-bangalore-brigade-gateway.html
Golden Suites,16113286,Bangalore,,Booking.com,2730.0,2730.0,8.0,12.0,0.0,Hotel,12.909804,77.595336,2026-07-05,2026-07-06,1,,,2026-06-05T15:49:54.977657,booking,Very good,7.45,https://www.booking.com/hotel/in/golden-suites-bengaluru1.html
Hotel Stay Bliss HSR Layout,15696353,Bangalore,,Booking.com,1511.055,1511.055,7.8,49.0,3.0,Hotel,12.9081016,77.6350959,2026-07-05,2026-07-06,1,,,2026-06-05T15:49:54.977657,booking,Good,8.45,https://www.booking.com/hotel/in/octave-stay-bliss-hsr.html
AIRA Boutique Hotel,15855999,Bangalore,,Booking.com,3234.0,3234.0,8.7,37.0,3.0,Hotel,12.9295741,77.5858355,2026-07-05,2026-07-06,1,,,2026-06-05T15:49:54.977657,booking,Fabulous,5.5,https://www.booking.com/hotel/in/aira-boutique.html
Olive Hotel Hosa Road by Embassy Group,16169246,Bangalore,,Booking.com,2975.2065,2975.2065,9.6,10.0,3.0,Hotel,12.8658156,77.6550718,2026-07-05,2026-07-06,1,,,2026-06-05T15:49:54.977657,booking,Exceptional,13.6,https://www.booking.com/hotel/in/olive-hosa-road-by-embassy-group-bengaluru.html
Hotel Royal Samrat Residency Manyata Tech Park,14614747,Bangalore,,Booking.com,1091.16,1091.16,7.2,133.0,3.0,Hotel,13.058509,77.6245705,2026-07-05,2026-07-06,1,,,2026-06-05T15:49:54.977657,booking,Good,9.5,https://www.booking.com/hotel/in/royal-samrat-residency.html
HosteLife Mahadevapura Whitefield - Bangalore the social startup House,16242519,Bangalore,,Booking.com,2361.555,2361.555,9.2,6.0,0.0,Hostel,12.9984375,77.6882031,2026-07-05,2026-07-06,1,,,2026-06-05T15:49:54.977657,booking,Superb,9.7,https://www.booking.com/hotel/in/hostelife-mahadevapura-whitefield-bangalore-the-social-startup-house.html
DoubleTree By Hilton Bengaluru Airport,15584646,Bangalore,,Booking.com,12537.5001,12537.5001,8.4,80.0,5.0,Hotel,13.1767083,77.7316028,2026-07-05,2026-07-06,0,,,2026-06-05T15:49:54.977657,booking,Very good,26.35,https://www.booking.com/hotel/in/doubletree-by-hilton-bengaluru-airport.html
Cartier Biznotel,1841520,Bangalore,,Booking.com,1699.32,1699.32,,,3.0,Hotel,12.9783049185751,77.5423965789378,2026-07-05,2026-07-06,1,,,2026-06-05T15:49:54.977657,booking,,6.45,https://www.booking.com/hotel/in/treebo-cartier-biznotel.html
Open Hotel by Olive - S Comfort Inn,15564039,Bangalore,,Booking.com,1994.79,1994.79,7.2,19.0,3.0,Hotel,12.9708793,77.6471123,2026-07-05,2026-07-06,1,,,2026-06-05T15:49:54.977657,booking,Good,4.95,https://www.booking.com/hotel/in/open-by-olive-s-comfort-inn.html
The Oberoi Bengaluru,78800,Bangalore,,Booking.com,24780.0002,24780.0002,9.4,1679.0,5.0,Hotel,12.9731738606426,77.618579864502,2026-07-05,2026-07-06,0,,,2026-06-05T15:49:54.977657,booking,Superb,1.85,https://www.booking.com/hotel/in/the-oberoi-bangalore.html
Olive Zip Kalyan Nagar by Embassy Group,6006553,Bangalore,,Booking.com,1559.5965,1559.5965,7.6,579.0,4.0,Hotel,13.0151973876906,77.6438080519438,2026-07-05,2026-07-06,1,,,2026-06-05T15:49:59.280902,booking,Good,6.3,https://www.booking.com/hotel/in/oyo-townhouse-254-saai-kalyan.html
Olive Hotel Hosa Road by Embassy Group,16169246,Bangalore,,Booking.com,2975.2065,2975.2065,9.6,10.0,3.0,Hotel,12.8658156,77.6550718,2026-07-05,2026-07-06,1,,,2026-06-05T15:49:59.280902,booking,Exceptional,13.6,https://www.booking.com/hotel/in/olive-hosa-road-by-embassy-group-bengaluru.html
Hotel Royal Samrat Residency Manyata Tech Park,14614747,Bangalore,,Booking.com,1091.16,1091.16,7.2,133.0,3.0,Hotel,13.058509,77.6245705,2026-07-05,2026-07-06,1,,,2026-06-05T15:49:59.280902,booking,Good,9.5,https://www.booking.com/hotel/in/royal-samrat-residency.html
Townhouse Ecity Inn,11136701,Bangalore,,Booking.com,1919.821,1919.821,8.4,1123.0,4.0,Hotel,12.84594,77.68131,2026-07-05,2026-07-06,1,,,2026-06-05T15:49:59.280902,booking,Very good,16.9,https://www.booking.com/hotel/in/collection-o-rg-suites.html
Western Keys Hotel,9963938,Bangalore,,Booking.com,1474.2,1474.2,7.0,268.0,3.0,Hotel,12.9177857843893,77.6238189983063,2026-07-05,2026-07-06,0,,,2026-06-05T15:49:59.280902,booking,Good,6.95,https://www.booking.com/hotel/in/western-keys.html
HosteLife Mahadevapura Whitefield - Bangalore the social startup House,16242519,Bangalore,,Booking.com,2361.555,2361.555,9.2,6.0,0.0,Hostel,12.9984375,77.6882031,2026-07-05,2026-07-06,1,,,2026-06-05T15:49:59.280902,booking,Superb,9.7,https://www.booking.com/hotel/in/hostelife-mahadevapura-whitefield-bangalore-the-social-startup-house.html
Taj West End,74731,Bangalore,,Booking.com,44840.0003,44840.0003,8.7,480.0,5.0,Resort,12.9841226031732,77.5845184922218,2026-07-05,2026-07-06,1,,,2026-06-05T15:49:59.280902,booking,Fabulous,2.1,https://www.booking.com/hotel/in/taj-west-end.html
DoubleTree By Hilton Bengaluru Airport,15584646,Bangalore,,Booking.com,12537.5001,12537.5001,8.4,80.0,5.0,Hotel,13.1767083,77.7316028,2026-07-05,2026-07-06,0,,,2026-06-05T15:49:59.280902,booking,Very good,26.35,https://www.booking.com/hotel/in/doubletree-by-hilton-bengaluru-airport.html
Cartier Biznotel,1841520,Bangalore,,Booking.com,1699.32,1699.32,,,3.0,Hotel,12.9783049185751,77.5423965789378,2026-07-05,2026-07-06,1,,,2026-06-05T15:49:59.280902,booking,,6.45,https://www.booking.com/hotel/in/treebo-cartier-biznotel.html
"Grand Continent Koramangala, Bangalore",13130491,Bangalore,,Booking.com,4765.5773,4765.5773,8.4,177.0,3.0,Hotel,12.9300776317322,77.6308853880752,2026-07-05,2026-07-06,0,,,2026-06-05T15:49:59.280902,booking,Very good,6.05,https://www.booking.com/hotel/in/glitch-by-otherland-koramangala.html
Locul Uptown - Near Bangalore Palace Grounds,1495566,Bangalore,,Booking.com,2701.4715,2701.4715,8.8,781.0,0.0,Hostel,12.9927120667574,77.5865837931633,2026-07-05,2026-07-06,1,,,2026-06-05T15:49:59.280902,booking,Fabulous,2.5,https://www.booking.com/hotel/in/oyo-apartments-golf-club-high-grounds-vasanth-nagar.html
Open Hotel by Olive - S Comfort Inn,15564039,Bangalore,,Booking.com,1994.79,1994.79,7.2,19.0,3.0,Hotel,12.9708793,77.6471123,2026-07-05,2026-07-06,1,,,2026-06-05T15:49:59.280902,booking,Good,4.95,https://www.booking.com/hotel/in/open-by-olive-s-comfort-inn.html
Hotel new dreams inn,15668153,Bangalore,,Booking.com,679.5495,679.5495,5.3,18.0,1.0,Hotel,12.9454991,77.5951879,2026-07-05,2026-07-06,0,,,2026-06-05T15:49:59.280902,booking,Passable,3.55,https://www.booking.com/hotel/in/new-dreams-inn-bangalore-division.html
Olive Hotel Kundalahalli by Embassy Group,12717839,Bangalore,,Booking.com,2393.8965,2393.8965,8.7,110.0,3.0,Hotel,12.971517454021,77.707291923647,2026-07-05,2026-07-06,1,,,2026-06-05T15:49:59.280902,booking,Fabulous,11.45,https://www.booking.com/hotel/in/olive-kundalahalli-by-embassy-group.html
Townhouse Ramamurthy Nagar Formerly Navya International,14922164,Bangalore,,Booking.com,1353.0515,1353.0515,4.7,17.0,4.0,Hotel,13.0165929,77.6803969,2026-07-05,2026-07-06,1,,,2026-06-05T15:49:59.280902,booking,Disappointing,9.65,https://www.booking.com/hotel/in/super-townhouse-ramamurthy-nagar-formerly-navya-international.html
Greenpark Bengaluru,9671282,Bangalore,,Booking.com,10514.7559,10514.7559,8.5,655.0,5.0,Hotel,12.89751,77.600046,2026-07-05,2026-07-06,1,,,2026-06-05T15:49:59.280902,booking,Very good,8.8,https://www.booking.com/hotel/in/greenpark-bengaluru.html
"Atmosfera Bengaluru, India",12452886,Bangalore,,Booking.com,3316.95,3316.95,8.3,15.0,0.0,Aparthotel,12.884704427052,77.50075454863,2026-07-05,2026-07-06,0,,,2026-06-05T15:49:59.280902,booking,Very good,15.0,https://www.booking.com/hotel/in/atmosfera.html
Treebo Premium New Light Suites,11303800,Bangalore,,Booking.com,2401.812,2401.812,7.8,134.0,3.0,Hotel,12.999703309873,77.676593993452,2026-07-05,2026-07-06,1,,,2026-06-05T15:49:59.280902,booking,Good,8.55,https://www.booking.com/hotel/in/treebo-trend-new-light-suites.html
Hyatt Centric MG Road Bangalore,297589,Bangalore,,Booking.com,12036.0001,12036.0001,8.3,1101.0,5.0,Hotel,12.973497964983,77.6218548417091,2026-07-05,2026-07-06,1,,,2026-06-05T15:49:59.280902,booking,Very good,2.2,https://www.booking.com/hotel/in/hyatt-bangalore-mg-road.html
Laika Boutique Stay,1140887,Bangalore,,Booking.com,5055.75,5055.75,8.7,358.0,0.0,Bed and breakfast,12.9704060005356,77.6167062269836,2026-07-05,2026-07-06,1,,,2026-06-05T15:49:59.280902,booking,Fabulous,1.75,https://www.booking.com/hotel/in/laika-boutique-stay.html
Super Townhouse MG Road Near Commercial Street,16057925,Bangalore,,Booking.com,2313.4755,2313.4755,,1.0,4.0,Hotel,12.9797318,77.6068566,2026-07-05,2026-07-06,1,,,2026-06-05T15:50:02.979762,booking,Superb,0.7,https://www.booking.com/hotel/in/super-townhouse-mg-road-near-commercial-street.html
Hotel Noor Empire International Kormangala,433220,Bangalore,,Booking.com,2759.484,2759.484,7.5,85.0,3.0,Hotel,12.9347618944107,77.6159083843231,2026-07-05,2026-07-06,1,,,2026-06-05T15:50:02.979762,booking,Good,4.9,https://www.booking.com/hotel/in/empire-international-kormangala.html
Treebo Premium New Light Suites,11303800,Bangalore,,Booking.com,2401.812,2401.812,7.8,134.0,3.0,Hotel,12.999703309873,77.676593993452,2026-07-05,2026-07-06,1,,,2026-06-05T15:50:02.979762,booking,Good,8.55,https://www.booking.com/hotel/in/treebo-trend-new-light-suites.html
Hotel Sing 65,13198132,Bangalore,,Booking.com,3054.24,3054.24,7.3,93.0,3.0,Hotel,13.0333601496008,77.5580967210376,2026-07-05,2026-07-06,1,,,2026-06-05T15:50:02.979762,booking,Good,7.95,https://www.booking.com/hotel/in/sing-65.html
Livi Suites Serviced Apartments,2008893,Bangalore,,Booking.com,2244.375,2244.375,8.3,130.0,0.0,Apartment,13.0312882412702,77.5680068135262,2026-07-05,2026-07-06,1,,,2026-06-05T15:50:02.979762,booking,Very good,7.15,https://www.booking.com/hotel/in/livi-suites-serviced-apartments.html
Holiday Inn Express Bengaluru Bommasandra by IHG,10556171,Bangalore,,Booking.com,4886.8575,4886.8575,8.2,265.0,0.0,Hotel,12.81133,77.69371,2026-07-05,2026-07-06,1,,,2026-06-05T15:50:02.979762,booking,Very good,20.9,https://www.booking.com/hotel/in/holiday-inn-express-bengaluru-bommasandra-an-ihg.html
Shangri-La Bengaluru,1474409,Bangalore,,Booking.com,14868.0001,14868.0001,8.8,575.0,5.0,Hotel,12.9919039150166,77.5884747505188,2026-07-05,2026-07-06,0,,,2026-06-05T15:50:02.979762,booking,Fabulous,2.3,https://www.booking.com/hotel/in/shangri-la-bengaluru.html
The Leela Palace Bengaluru,252219,Bangalore,,Booking.com,27435.0002,27435.0002,9.0,879.0,5.0,Hotel,12.9605648285711,77.6484811306,2026-07-05,2026-07-06,1,,,2026-06-05T15:50:02.979762,booking,Superb,5.35,https://www.booking.com/hotel/in/the-leela-palace-bangalore.html
Hotel RR International,1873267,Bangalore,,Booking.com,1785.0,1785.0,7.1,506.0,2.0,Hotel,12.979660114416,77.5754232890904,2026-07-05,2026-07-06,1,,,2026-06-05T15:50:02.979762,booking,Good,2.9,https://www.booking.com/hotel/in/r-r-international.html
De Classico Hotel - HBR Layout,15292990,Bangalore,,Booking.com,1512.0,1512.0,6.8,5.0,0.0,Guest house,13.0347616252286,77.6290255179916,2026-07-05,2026-07-06,1,,,2026-06-05T15:50:02.979762,booking,Pleasant,7.15,https://www.booking.com/hotel/in/de-classico-brookefield.html
AS Hotels,16244756,Bangalore,,Booking.com,1415.61,1415.61,7.6,10.0,0.0,Hotel,12.8478152,77.6580776,2026-07-05,2026-07-06,1,,,2026-06-05T15:50:02.979762,booking,Good,15.55,https://www.booking.com/hotel/in/as-hotels.html
HSR Lodestone by Newstays,12099949,Bangalore,,Booking.com,2032.8,2032.8,6.6,131.0,0.0,Apartment,12.9054145,77.6469347,2026-07-05,2026-07-06,1,,,2026-06-05T15:50:02.979762,booking,Pleasant,9.3,https://www.booking.com/hotel/in/hsr-lodestone-by-newstays.html
Olive Hotel Kundalahalli by Embassy Group,12717839,Bangalore,,Booking.com,2393.8965,2393.8965,8.7,110.0,3.0,Hotel,12.971517454021,77.707291923647,2026-07-05,2026-07-06,1,,,2026-06-05T15:50:02.979762,booking,Fabulous,11.45,https://www.booking.com/hotel/in/olive-kundalahalli-by-embassy-group.html
Golden INN,15139831,Bangalore,,Booking.com,642.6,642.6,4.8,36.0,2.0,Hotel,12.8990563685549,77.6284016199186,2026-07-05,2026-07-06,1,,,2026-06-05T15:50:02.979762,booking,Disappointing,9.1,https://www.booking.com/hotel/in/golden-inn-bengaluru2.html
Evoma,175725,Bangalore,,Booking.com,4773.23,4773.23,7.1,38.0,4.0,Hotel,13.0214842641443,77.7113011479378,2026-07-05,2026-07-06,1,,,2026-06-05T15:50:02.979762,booking,Good,12.9,https://www.booking.com/hotel/in/evoma.html
Townhouse Ramamurthy Nagar Formerly Navya International,14922164,Bangalore,,Booking.com,1353.0515,1353.0515,4.7,17.0,4.0,Hotel,13.0165929,77.6803969,2026-07-05,2026-07-06,1,,,2026-06-05T15:50:02.979762,booking,Disappointing,9.65,https://www.booking.com/hotel/in/super-townhouse-ramamurthy-nagar-formerly-navya-international.html
"Loop by Zolo Koramangala, Bangalore",15267252,Bangalore,,Booking.com,2471.1225,2471.1225,8.4,7.0,0.0,Hostel,12.9335942,77.6320005,2026-07-05,2026-07-06,1,,,2026-06-05T15:50:02.979762,booking,Very good,5.8,https://www.booking.com/hotel/in/loop-hostels-koramangala.html
Four Seasons Hotel Bengaluru at Embassy ONE,3661534,Bangalore,,Booking.com,22116.1501,22116.1501,9.2,637.0,5.0,Hotel,13.01978,77.58428,2026-07-05,2026-07-06,1,,,2026-06-05T15:50:02.979762,booking,Superb,5.2,https://www.booking.com/hotel/in/four-seasons-begaluru-at-embassy-one.html
Hotel BCP Suites,12717074,Bangalore,,Booking.com,1360.8,1360.8,7.3,141.0,2.0,Hotel,12.9797857041135,77.5755793886181,2026-07-05,2026-07-06,1,,,2026-06-05T15:50:02.979762,booking,Good,2.9,https://www.booking.com/hotel/in/bcp-suites.html
Park Inn & Suites by Radisson Bengaluru Yelahanka,13459300,Bangalore,,Booking.com,6141.555,6141.555,7.9,152.0,4.0,Hotel,13.1542704876151,77.5679039942758,2026-07-05,2026-07-06,0,,,2026-06-05T15:50:02.979762,booking,Good,20.15,https://www.booking.com/hotel/in/park-inn-suites-by-radisson-bengaluru-yelahanka.html
Hotel Embassy,2199742,Bangalore,,Booking.com,1104.7995,1104.7995,6.4,409.0,0.0,Hotel,12.9772571524067,77.5757268816233,2026-07-05,2026-07-06,1,,,2026-06-05T15:50:07.466784,booking,Pleasant,2.85,https://www.booking.com/hotel/in/embassy-bangalore.html
Treebo Comfy Business,1738552,Bangalore,,Booking.com,4155.795,4155.795,7.4,39.0,3.0,Hotel,12.933951833525,77.6104844547808,2026-07-05,2026-07-06,1,,,2026-06-05T15:50:07.466784,booking,Good,4.85,https://www.booking.com/hotel/in/comfy-business.html
Olive Zip Kalyan Nagar by Embassy Group,6006553,Bangalore,,Booking.com,1559.5965,1559.5965,7.6,579.0,4.0,Hotel,13.0151973876906,77.6438080519438,2026-07-05,2026-07-06,1,,,2026-06-05T15:50:07.466784,booking,Good,6.3,https://www.booking.com/hotel/in/oyo-townhouse-254-saai-kalyan.html
Serenity the luxurious stay,15484119,Bangalore,,Booking.com,3234.0,3234.0,9.1,13.0,3.0,Hotel,12.9677743,77.6533697,2026-07-05,2026-07-06,1,,,2026-06-05T15:50:07.466784,booking,Superb,5.7,https://www.booking.com/hotel/in/serenity-the-luxurious-stay-bangalore.html
"Lemon Tree Suites, Whitefield, Bengaluru",10047354,Bangalore,,Booking.com,15834.5617,15834.5617,7.7,641.0,4.0,Hotel,12.966618,77.751243,2026-07-05,2026-07-06,1,,,2026-06-05T15:50:07.466784,booking,Good,16.25,https://www.booking.com/hotel/in/peninsula-suites-bengaluru.html
Townhouse Ramamurthy Nagar Formerly Navya International,14922164,Bangalore,,Booking.com,1353.0515,1353.0515,4.7,17.0,4.0,Hotel,13.0165929,77.6803969,2026-07-05,2026-07-06,1,,,2026-06-05T15:50:07.466784,booking,Disappointing,9.65,https://www.booking.com/hotel/in/super-townhouse-ramamurthy-nagar-formerly-navya-international.html
Eagleton The Golf Resort,7687384,Bangalore,,Booking.com,6480.957,6480.957,6.2,33.0,0.0,Inn,12.797024,77.413771,2026-07-05,2026-07-06,0,,,2026-06-05T15:50:07.466784,booking,Pleasant,28.55,https://www.booking.com/hotel/in/eagleton-the-golf-resort-bengaluru.html
Hotel Airport Transit,15419045,Bangalore,,Booking.com,2087.652,2087.652,8.3,142.0,3.0,Hotel,13.1994486803705,77.7090665541726,2026-07-05,2026-07-06,0,,,2026-06-05T15:50:07.466784,booking,Very good,27.4,https://www.booking.com/hotel/in/airport-transit-bangalore.html
Hotel Bulande Comforts 1 Bhk Flat Manyata Tech Park,10876797,Bangalore,,Booking.com,1748.25,1748.25,8.2,190.0,3.0,Hotel,13.061162144134,77.620844564354,2026-07-05,2026-07-06,1,,,2026-06-05T15:50:07.466784,booking,Very good,9.7,https://www.booking.com/hotel/in/deluxe-studio-room-manyata-tech-park.html
Townhouse Oak Halsuru Metro Station Bangalore,14456583,Bangalore,,Booking.com,1630.975,1630.975,6.6,287.0,3.0,Hotel,12.979353,77.62947,2026-07-05,2026-07-06,1,,,2026-06-05T15:50:07.466784,booking,Pleasant,3.05,https://www.booking.com/hotel/in/o-ulsoor.html
LAHR Hotels,13614751,Bangalore,,Booking.com,2975.763,2975.763,7.4,17.0,4.0,Hotel,13.0676579,77.7463336,2026-07-05,2026-07-06,0,,,2026-06-05T15:50:07.466784,booking,Good,18.7,https://www.booking.com/hotel/in/lahr-hotels.html
Hotel O Hosur Road Near PES University,11420561,Bangalore,,Booking.com,939.718,939.718,6.0,216.0,4.0,Hotel,12.86436,77.65921,2026-07-05,2026-07-06,1,,,2026-06-05T15:50:07.466784,booking,Pleasant,13.95,https://www.booking.com/hotel/in/oyo-royal-homes.html
OBS Luxury Suites - JP Nagar,14942020,Bangalore,,Booking.com,4451.349,4451.349,9.7,93.0,3.0,Hotel,12.9114368889938,77.5867607551442,2026-07-05,2026-07-06,0,,,2026-06-05T15:50:07.466784,booking,Exceptional,7.45,https://www.booking.com/hotel/in/obs-luxury-suites-jp-nagar.html
"Acasa Suites - ITPL Whitefield, Near Manipal Hospital",14416522,Bangalore,,Booking.com,2001.0375,2001.0375,8.7,401.0,3.0,Hotel,12.9679200056406,77.7511872728265,2026-07-05,2026-07-06,1,,,2026-06-05T15:50:07.466784,booking,Fabulous,16.25,https://www.booking.com/hotel/in/acasa-suites-whitefield-near-manipal-hospital-brigade-tech-garden.html
Hotel RR International,1873267,Bangalore,,Booking.com,1785.0,1785.0,7.1,506.0,2.0,Hotel,12.979660114416,77.5754232890904,2026-07-05,2026-07-06,1,,,2026-06-05T15:50:07.466784,booking,Good,2.9,https://www.booking.com/hotel/in/r-r-international.html
Hotel Rose Mansion Manyata Tech Park,6837585,Bangalore,,Booking.com,1512.0,1512.0,6.8,110.0,2.0,Hotel,13.0554958301427,77.6248675268058,2026-07-05,2026-07-06,1,,,2026-06-05T15:50:07.466784,booking,Pleasant,9.15,https://www.booking.com/hotel/in/rose-mansion-bangalore.html
"ITC Windsor, a Luxury Collection Hotel, Bengaluru",474188,Bangalore,,Booking.com,15104.0001,15104.0001,8.7,732.0,5.0,Hotel,12.9940226676002,77.5861097546294,2026-07-05,2026-07-06,1,,,2026-06-05T15:50:07.466784,booking,Fabulous,2.65,https://www.booking.com/hotel/in/itc-windsor-bengaluru.html
The Dritan Brookefield ITPL Main Road,14523183,Bangalore,,Booking.com,3504.375,3504.375,8.7,40.0,0.0,Hotel,12.9584273029975,77.7156231005177,2026-07-05,2026-07-06,1,,,2026-06-05T15:50:07.466784,booking,Fabulous,12.5,https://www.booking.com/hotel/in/the-dritan.html
The Cozy Corner 1BHK in Koramangala,15934628,Bangalore,,Booking.com,2415.0,2415.0,8.4,7.0,0.0,Apartment,12.9371765,77.6314178,2026-07-05,2026-07-06,1,,,2026-06-05T15:50:07.466784,booking,Very good,5.45,https://www.booking.com/hotel/in/the-cozy-corner-1bhk-in-koramangala.html
Hotel Sandalwood Inn - Rooms and Spa,10806782,Bangalore,,Booking.com,1403.85,1403.85,7.5,127.0,2.0,Hotel,12.9762138,77.5782633,2026-07-05,2026-07-06,1,,,2026-06-05T15:50:07.466784,booking,Good,2.6,https://www.booking.com/hotel/in/sandalwood-inn-bangalore.html
Grand Hyatt Mumbai,48632,Mumbai,Vile Parle,Agoda,181.69,181.69,8.5,1080.0,5.0,Hotel,19.076967239379883,72.85139465332031,2026-07-05,2026-07-06,False,,//pix7.agoda.net/hotelImages/48632/0/d905d64820f6743c4cfe25e06cd015ff.jpg?ce=0&s=300x300,2026-06-05T15:22:12.205504,agoda,,,
Hotel O Jagruti Nagar Ghatkopar Formerly Icy Cool,81062309,Mumbai,Kurla,Agoda,24.94,24.94,9.5,20.0,3.0,Hotel,19.09340476989746,72.89405059814453,2026-07-05,2026-07-06,False,,//pix7.agoda.net/hotelImages/81062309/0/2b030f76da9b9d88c2133d9651010bd1.jpg?ce=3&s=300x300,2026-06-05T15:22:12.205504,agoda,,,
Ibis Navi Mumbai Hotel - An AccorHotels Brand,399931,Mumbai,Navi Mumbai,Agoda,54.79,54.79,7.6,739.0,3.0,Hotel,19.067989349365234,73.01953887939453,2026-07-05,2026-07-06,False,,//q-xx.bstatic.com/xdata/images/hotel/max300/871732473.jpg?k=08b3d26d6a093896b935ee588a57d005695434d1f1882fd5f4c8d4319887e381&o=,2026-06-05T15:22:12.205504,agoda,,,
The St. Regis Mumbai,411757,Mumbai,Mumbai Central,Agoda,283.31,283.31,9.0,1820.0,5.0,Hotel,18.99392318725586,72.82394409179688,2026-07-05,2026-07-06,False,,//q-xx.bstatic.com/xdata/images/hotel/max300/655796367.jpg?k=da6057f8bcb731958ff8eac7219925de3fecfb44a41a56a851c95067749e13e9&o=,2026-06-05T15:22:12.205504,agoda,,,
The LaLiT Mumbai,43879,Mumbai,Andheri East,Agoda,67.65,67.65,8.3,7992.0,5.0,Hotel,19.1054134368896,72.8759613037109,2026-07-05,2026-07-06,False,,//pix7.agoda.net/hotelImages/43879/0/604250d16d9ebba5902f136c3075603b.jpg?ca=7&ce=1&s=300x300,2026-06-05T15:22:12.205504,agoda,,,
ibis Mumbai Vikhroli,28186904,Mumbai,Powai,Agoda,63.02,63.02,8.0,1303.0,3.0,Hotel,19.12038993835449,72.92546844482422,2026-07-05,2026-07-06,False,,//pix6.agoda.net/hotelImages/28186904/-1/06db58f2d91ab4aca3cbad5f4424ec3d.jpg?fx=0.7&ca=29&ce=0&s=300x300,2026-06-05T15:22:12.205504,agoda,,,
Townhouse Vasai Express Highway Formerly Majestic Inn,71503212,Mumbai,Vasai,Agoda,,,8.5,98.0,3.0,Hotel,19.4467887878418,72.88294982910156,2026-07-05,2026-07-06,,,//pix7.agoda.net/hotelImages/71503212/-1/8670c21e8b9bb0f978f5f8a5b051de14.jpg?ce=2&s=300x300,2026-06-05T15:22:12.205504,agoda,,,
Goldfinch Hotel Mumbai,411521,Mumbai,Andheri East,Agoda,43.11,43.11,8.0,1481.0,3.5,Hotel,19.1197566986084,72.87019348144531,2026-07-05,2026-07-06,False,,//pix6.agoda.net/hotelImages/411521/-1/822384f422c5bcd432d0cdf155c76956.jpg?fx=0.45&ce=0&s=300x300,2026-06-05T15:22:12.205504,agoda,,,
Ginger Mumbai Airport,45946206,Mumbai,Vile Parle,Agoda,72.62,72.62,8.2,2921.0,3.0,Hotel,19.0974178314209,72.8537826538086,2026-07-05,2026-07-06,False,,//pix7.agoda.net/hotelImages/45946206/-1/f684df36fe0e5d21aa2da03ad062327c.jpg?ce=0&s=300x300,2026-06-05T15:22:12.205504,agoda,,,
Hilton Mumbai International Airport,262873,Mumbai,Andheri East,Agoda,160.13,160.13,8.7,4598.0,5.0,Hotel,19.10442352294922,72.87075805664062,2026-07-05,2026-07-06,False,,//pix6.agoda.net/hotelImages/2289411/0/3f98c01b0dad5e1b348d88f2af52905e.jpg?fx=0.55&ca=16&ce=1&s=300x300,2026-06-05T15:22:12.205504,agoda,,,
ICONIQA - The Lifestyle Hotel of Mumbai,67778098,Mumbai,Vile Parle,Agoda,121.63,121.63,9.1,722.0,5.0,Hotel,19.1019716993061,72.8738093376159,2026-07-05,2026-07-06,False,,//pix6.agoda.net/hotelImages/67778098/0/b8cf132e2c9b00fee56da58a8dd7fcc3.jpg?fx=0.4&ce=2&s=300x300,2026-06-05T15:22:12.205504,agoda,,,
Midtown Pritam Hotel,286539,Mumbai,Dadar,Agoda,196.13,196.13,7.0,456.0,3.5,Hotel,19.017059326171875,72.84603881835938,2026-07-05,2026-07-06,False,,//pix7.agoda.net/hotelImages/286539/0/1170cd2bc1616761f71d82b601b8a1c0.jpeg?ce=0&s=300x300,2026-06-05T15:22:12.205504,agoda,,,
The Leela Mumbai,2767,Mumbai,Andheri East,Agoda,116.56,116.56,9.0,5782.0,5.0,Hotel,19.108998,72.874146,2026-07-05,2026-07-06,False,,//pix6.agoda.net/hotelImages/2307370/0/51ad26c7a338c4824403d19037ea0652.jpg?fx=0.45&ca=9&ce=1&s=300x300,2026-06-05T15:22:12.205504,agoda,,,
"Taj Lands End, Mumbai",43883,Mumbai,Bandra,Agoda,197.09,197.09,8.8,1402.0,5.0,Hotel,19.043720245361328,72.81954193115234,2026-07-05,2026-07-06,False,,//pix7.agoda.net/hotelImages/43883/0/521aa04d3ec9dac97c6f129f09ed2fb8.jpg?ce=0&s=300x300,2026-06-05T15:22:12.205504,agoda,,,
Hotel Mumbai International - Near International Airport,6941887,Mumbai,Andheri East,Agoda,36.98,36.98,5.8,638.0,3.0,Hotel,19.10626602172852,72.86006927490234,2026-07-05,2026-07-06,False,,//pix6.agoda.net/hotelImages/6941887/0/1e82a51db5f5d928f73fed0aee03bb07.png?fx=0.55&ce=3&s=300x300,2026-06-05T15:22:12.205504,agoda,,,
Hotel Imperial Suite,80364998,Mumbai,South Mumbai,Agoda,32.78,32.78,6.3,141.0,3.0,Hotel,18.9511210391835,72.8376051411033,2026-07-05,2026-07-06,False,,//pix6.agoda.net/hotelImages/80364998/0/195176d0c1e0054e671bd42d66b3786b.jpg?fx=0.35&ce=3&s=300x300,2026-06-05T15:22:12.205504,agoda,,,
Hotel Sai Pritam,45071073,Mumbai,Chembur,Agoda,,,6.5,415.0,3.0,Hotel,19.046220779418945,72.89727783203125,2026-07-05,2026-07-06,,,//pix6.agoda.net/hotelImages/45071073/-1/8cc4f46992b7671b51fd6328c5f9ade1.jpg?fx=0.4&ce=0&s=300x300,2026-06-05T15:22:12.205504,agoda,,,
Residency Hotel Andheri,344546,Mumbai,Andheri East,Agoda,49.26,49.26,8.0,1476.0,3.5,Hotel,19.11761283874512,72.85624694824219,2026-07-05,2026-07-06,False,,//pix6.agoda.net/hotelImages/344546/-1/e24bc2a9841f34b9eee1cbf4482ead9d.jpg?fx=0.35&ce=0&s=300x300,2026-06-05T15:22:12.205504,agoda,,,
Hotel Supreme Heritage,568116,Mumbai,Navi Mumbai,Agoda,41.63,41.63,8.2,172.0,3.0,Hotel,19.07791519165039,73.0034408569336,2026-07-05,2026-07-06,False,,//pix7.agoda.net/hotelImages/568116/0/0d65d285de625f222c9e0eae169a9d28.jpeg?s=300x300,2026-06-05T15:22:12.205504,agoda,,,
ibis Mumbai Airport - An AccorHotels Brand,240359,Mumbai,Vile Parle,Agoda,76.72,76.72,7.5,1588.0,3.0,Hotel,19.096704483032227,72.85354614257812,2026-07-05,2026-07-06,False,,//q-xx.bstatic.com/xdata/images/hotel/max300/763600214.jpg?k=e4119790da5d6ad8c1270f10635069aa0f2afa0da2a0d520e0f95f7f4762eda5&o=,2026-06-05T15:22:12.205504,agoda,,,
Ramada Plaza by Wyndham Palm Grove,7941,Mumbai,Juhu Beach,Agoda,120.26,120.26,8.0,2757.0,5.0,Hotel,19.09864044189453,72.82684326171875,2026-07-05,2026-07-06,False,,//pix6.agoda.net/hotelImages/2288956/0/3192fabc5419d1e2880a4fd8fe7272e2.jpeg?fx=0.6&ce=0&s=300x300,2026-06-05T15:22:12.205504,agoda,,,
Novotel Mumbai Juhu Beach,148651,Mumbai,Juhu Beach,Agoda,178.61,178.61,7.6,1598.0,5.0,Hotel,19.108715057373,72.8243942260742,2026-07-05,2026-07-06,False,,//pix6.agoda.net/hotelImages/21637996/459347171/eb52002cbd149a5102bdd6104f04bdd2.jpeg?fx=0.7&ce=2&s=300x300,2026-06-05T15:22:12.205504,agoda,,,
"President, Mumbai - IHCL SeleQtions",419,Mumbai,South Mumbai,Agoda,505.79,505.79,8.5,2721.0,5.0,Hotel,18.91456794738769,72.8208999633789,2026-07-05,2026-07-06,False,,//q-xx.bstatic.com/xdata/images/hotel/max300/796470095.jpg?k=3c632a9894c459204b794dcf9e1f16527658903eb9206f0a0acf846d93d52940&o=,2026-06-05T15:22:12.205504,agoda,,,
hotel breeze bay,63006383,Mumbai,Bandra Kurla Complex,Agoda,37.81,37.81,6.6,143.0,4.0,Hotel,19.07164001464844,72.86812591552734,2026-07-05,2026-07-06,False,,//pix7.agoda.net/hotelImages/63006383/0/d12196371a8ff3d4c2290bf8fd65eb7f.jpg?ce=0&s=300x300,2026-06-05T15:22:12.205504,agoda,,,
The Mirador Hotel,49235,Mumbai,Andheri East,Agoda,55.73,55.73,8.0,969.0,4.0,Hotel,19.111085891723636,72.8604965209961,2026-07-05,2026-07-06,False,,//pix6.agoda.net/hotelImages/49235/0/40200fb6b77d729633b1f0d353456b6a.png?fx=0.4&ce=2&s=300x300,2026-06-05T15:22:12.205504,agoda,,,
Townhouse Bombay Exhibition Centre Goregaon,5042886,Mumbai,Goregaon,Agoda,41.37,41.37,6.9,1188.0,4.0,Guesthouse/bed and breakfast,19.15131950378418,72.84635925292969,2026-07-05,2026-07-06,False,,//q-xx.bstatic.com/xdata/images/hotel/max300/702807842.jpg?k=e71e94f98d275e98cb182a62969336f0b012f1c4d0fac797cf329cfab8e2ddcd&o=,2026-06-05T15:22:12.205504,agoda,,,
Super Hotel O Gymkhana Dombivli Mumbai,82208004,Mumbai,Dombivli,Agoda,,,8.7,28.0,4.0,Hotel,19.20783042907715,73.09828186035156,2026-07-05,2026-07-06,,,//pix7.agoda.net/hotelImages/82208004/0/02a5a0bc8e897e8a49517f90476f70da.jpg?ce=3&s=300x300,2026-06-05T15:22:12.205504,agoda,,,
Bloom Boutique - Bandra,47374761,Mumbai,Bandra,Agoda,63.48,63.48,8.2,1086.0,3.0,Hotel,19.06678009033203,72.83000183105469,2026-07-05,2026-07-06,False,,//pix6.agoda.net/hotelImages/47374761/-1/777022fb81074dfc2a0ded9de27a269e.jpg?fx=0.35&ce=0&s=300x300,2026-06-05T15:22:12.205504,agoda,,,
Hotel Airport International,91737,Mumbai,Vile Parle,Agoda,22.71,22.71,7.7,3471.0,3.5,Hotel,19.096338272094727,72.85423278808594,2026-07-05,2026-07-06,False,,//pix7.agoda.net/hotelImages/917/91737/91737_15082619430035139651.jpg?ca=5&ce=1&s=300x300,2026-06-05T15:22:12.205504,agoda,,,
Nestor Hotel,52396791,Mumbai,Andheri East,Agoda,35.14,35.14,7.6,576.0,3.0,Hotel,19.11569595336914,72.88350677490234,2026-07-05,2026-07-06,False,,//pix6.agoda.net/hotelImages/52396791/0/7d693fc6790a8d908046dc490ef86eab.jpeg?fx=0.55&s=300x300,2026-06-05T15:22:12.205504,agoda,,,
Hotel Akasa Inn,55833677,Mumbai,Andheri East,Agoda,16.88,16.88,5.3,667.0,3.0,Hotel,19.108062744140625,72.87904357910156,2026-07-05,2026-07-06,False,,//pix6.agoda.net/hotelImages/55833677/0/acd7612d146c3c8da54827e15d58b44e.jpeg?fx=0.65&s=300x300,2026-06-05T15:22:12.205504,agoda,,,
Hotel Grandeur-Near Mumbai International Airport,5043373,Mumbai,Kurla,Agoda,17.68,17.68,6.4,958.0,3.0,Hotel,19.100080490112305,72.88147735595703,2026-07-05,2026-07-06,False,,//pix6.agoda.net/hotelImages/5043373/0/8a9e4979aa83289605ee24feb8289036.jpeg?fx=0.4&s=300x300,2026-06-05T15:22:12.205504,agoda,,,
Hotel Tanvi - Nr International Airport Mumbai,76504302,Mumbai,Andheri East,Agoda,11.84,11.84,5.3,47.0,2.0,Hotel,19.10726356506348,72.87885284423828,2026-07-05,2026-07-06,False,,//q-xx.bstatic.com/xdata/images/hotel/max300/726917295.jpg?k=94b9990cb53160725ca0df4a42bae7103bedecc23139c53c4ce668b80cdf0902&o=,2026-06-05T15:22:12.205504,agoda,,,
Citizen Hotel,109649,Mumbai,Juhu Beach,Agoda,69.49,69.49,7.8,1686.0,3.0,Hotel,19.0963459014893,72.8269729614258,2026-07-05,2026-07-06,False,,//pix6.agoda.net/hotelImages/109649/0/1fbe64b969aefdef86447454cb53697a.jpg?fx=0.45&ce=2&s=300x300,2026-06-05T15:22:12.205504,agoda,,,
"Kohinoor Continental, Near International Airport",43881,Mumbai,Andheri East,Agoda,81.39,81.39,7.8,1425.0,4.5,Hotel,19.11227226257324,72.86795806884766,2026-07-05,2026-07-06,False,,//pix7.agoda.net/hotelImages/43881/-1/c4b7ecd0bd260f8cb0b0615717c01a90.jpg?ca=29&ce=0&s=300x300,2026-06-05T15:22:12.205504,agoda,,,
Hotel Golden galaxy,2082885,Mumbai,Vile Parle,Agoda,21.55,21.55,5.8,280.0,3.0,Hotel,19.08026885986328,72.84808349609375,2026-07-05,2026-07-06,False,,//pix7.agoda.net/hotelImages/208/2082885/2082885_17041316320052374107.jpg?ca=6&ce=1&s=300x300,2026-06-05T15:22:12.205504,agoda,,,
Townhouse APMC Market Mumbai Formerly Stayzi Inn,84388093,Mumbai,Navi Mumbai,Agoda,,,9.1,7.0,4.0,Hotel,19.080066680908203,73.00575256347656,2026-07-05,2026-07-06,,,//pix7.agoda.net/hotelImages/84388093/0/b0fc4e81a0b49b2ae264b6bd69743627.jpg?ce=3&s=300x300,2026-06-05T15:22:12.205504,agoda,,,
"Home2 Residency, Mumbai Airport",84533685,Mumbai,Andheri East,Agoda,55.87,55.87,8.5,157.0,4.0,Serviced apartment,19.10558,72.861946,2026-07-05,2026-07-06,False,,//pix6.agoda.net/hotelImages/84533685/0/d2fa05cef8adc77311e9a19010537b90.jpg?fx=0.45&ce=3&s=300x300,2026-06-05T15:22:12.205504,agoda,,,
"The Taj Mahal Palace, Mumbai",16082488,Mumbai,South Mumbai,Agoda,246.36,246.36,9.3,2997.0,5.0,Hotel,18.921640396118164,72.83316802978516,2026-07-05,2026-07-06,False,,//pix7.agoda.net/hotelImages/5075844/0/15a5cbad0f35d6577784deace33cf0d3.jpeg?ce=3&s=300x300,2026-06-05T15:22:12.205504,agoda,,,
Godwin Hotel,49195,Mumbai,South Mumbai,Agoda,53.71,53.71,7.5,730.0,3.0,Hotel,18.919034957885746,72.83050537109375,2026-07-05,2026-07-06,False,,//pix7.agoda.net/hotelImages/491/49195/49195_16062819160044193937.jpg?ca=6&ce=1&s=300x300,2026-06-05T15:22:12.207517,agoda,,,
Hotel Apple Inn,27929283,Mumbai,Navi Mumbai,Agoda,12.93,12.93,6.4,276.0,3.0,Hotel,19.068952560424805,73.00936889648438,2026-07-05,2026-07-06,True,,//pix6.agoda.net/hotelImages/279/27929283/27929283_210921213600105724115.jpg?fx=0.6&s=300x300,2026-06-05T15:22:12.207517,agoda,,,
The Ambassador Marine Drive Mumbai,7490,Mumbai,South Mumbai,Agoda,100.89,100.89,8.0,1669.0,4.0,Hotel,18.93405532836914,72.82478332519531,2026-07-05,2026-07-06,False,,//pix6.agoda.net/hotelImages/7490/-1/fff045322fbe9653e50df82bf37009dc.jpg?fx=0.55&ca=15&ce=1&s=300x300,2026-06-05T15:22:12.207517,agoda,,,
Hotel Heritage (formerly known as Comfort Inn Heritage),196372,Mumbai,Mumbai Central,Agoda,47.99,47.99,7.8,539.0,3.5,Hotel,18.975690841674805,72.83426666259766,2026-07-05,2026-07-06,False,,//pix6.agoda.net/hotelImages/196372/-1/d610a42226c7ed514ab986a1b5039e21.jpg?fx=0.55&ca=9&ce=1&s=300x300,2026-06-05T15:22:12.207517,agoda,,,
Ramada by Wyndham Navi Mumbai,281466,Mumbai,Navi Mumbai,Agoda,65.77,65.77,8.2,811.0,4.0,Hotel,19.10865592956543,73.01724243164062,2026-07-05,2026-07-06,False,,//q-xx.bstatic.com/xdata/images/hotel/max300/92206006.jpg?k=96191b81235ce6f62eedcae0296c357ab2a96ee143a75d432dd750812a147b80&o=,2026-06-05T15:22:12.207517,agoda,,,
ibis Thane,37791557,Mumbai,Thane,Agoda,60.29,60.29,8.1,860.0,3.0,Hotel,19.2080135345459,72.96405029296875,2026-07-05,2026-07-06,False,,//pix6.agoda.net/hotelImages/37791557/-1/a6f4781965e12c4dba405879f09fb9a5.jpg?fx=0.4&ce=0&s=300x300,2026-06-05T15:22:12.207517,agoda,,,
Hotel Kemps Corner,286814,Mumbai,Mumbai Central,Agoda,95.39,95.39,8.4,1189.0,2.0,Hotel,18.96354866027832,72.80879974365234,2026-07-05,2026-07-06,False,,//pix7.agoda.net/hotelImages/286814/-1/0975608c634679d60d512418cdca7b93.jpg?ca=8&ce=1&s=300x300,2026-06-05T15:22:12.207517,agoda,,,
Holiday Inn Mumbai International Airport By IHG,178207,Mumbai,Kurla,Agoda,104.69,104.69,8.5,3631.0,4.0,Hotel,19.10311508178711,72.88713073730469,2026-07-05,2026-07-06,False,,//pix6.agoda.net/hotelImages/178207/-1/d4ebce1f8211e77298cc99b1206df1db.jpg?fx=0.4&ce=0&s=300x300,2026-06-05T15:22:12.207517,agoda,,,
Hotel Ascent Star Inn Near Mumbai International Airport,74550317,Mumbai,Kurla,Agoda,32.49,32.49,8.1,30.0,3.0,Hotel,19.097796,72.888148,2026-07-05,2026-07-06,False,,//pix7.agoda.net/hotelImages/74550317/0/6fae7ab79d71de05b5ea7736b809be26.jpg?ce=2&s=300x300,2026-06-05T15:22:12.207517,agoda,,,
The Oriental Residency Hotel,109718,Mumbai,Khar,Agoda,78.37,78.37,7.5,1751.0,4.0,Hotel,19.06780815124512,72.83637237548828,2026-07-05,2026-07-06,False,,//pix7.agoda.net/hotelImages/109/109718/109718_16090218030046064552.jpg?ca=6&ce=1&s=300x300,2026-06-05T15:22:12.207517,agoda,,,
Sun N Sand Mumbai Hotel,8787,Mumbai,Juhu Beach,Agoda,143.32,143.32,8.1,1858.0,5.0,Hotel,19.109451293945312,72.8241195678711,2026-07-05,2026-07-06,False,,//q-xx.bstatic.com/xdata/images/hotel/max300/235613794.jpg?k=426ad3160a8fd9153c2f53df8b71678e4ae4ad64990ac0b5da7e5bdd4fc42f2e&o=,2026-06-05T15:22:12.207517,agoda,,,
Bloom Hub WEH Andheri,55764684,Mumbai,Vile Parle,Agoda,63.8,63.8,8.7,753.0,4.0,Hotel,19.11023330688477,72.8536376953125,2026-07-05,2026-07-06,False,,//pix7.agoda.net/hotelImages/55764684/-1/8acdbd22fdebb8a3ed604f0b0030014d.png?ce=0&s=300x300,2026-06-05T15:22:12.207517,agoda,,,
Hotel Suba Palace,298970,Mumbai,South Mumbai,Agoda,71.94,71.94,8.8,1542.0,3.0,Hotel,18.93811416625977,72.83248901367188,2026-07-05,2026-07-06,False,,//pix7.agoda.net/hotelImages/298/298970/298970_17051617170053022450.jpg?ca=6&ce=1&s=300x300,2026-06-05T15:22:12.207517,agoda,,,
"Grand Hotel Mumbai - Ballard Estate, Fort",3068884,Mumbai,South Mumbai,Agoda,99.78,99.78,7.8,700.0,3.0,Hotel,18.9362907409668,72.84069061279297,2026-07-05,2026-07-06,False,,//q-xx.bstatic.com/xdata/images/hotel/max300/309179823.jpg?k=53b55d5d5014e77e4629c97d3232f10512c5cdd8ec11bac91946ca4caac3dd19&o=,2026-06-05T15:22:12.207517,agoda,,,
Sea Princess Hotel,4052,Mumbai,Juhu Beach,Agoda,132.5,132.5,8.2,3671.0,5.0,Hotel,19.093217849731445,72.82791900634766,2026-07-05,2026-07-06,False,,//pix6.agoda.net/hotelImages/405/4052/4052_15052917290028047972.jpg?fx=0.55&ca=4&ce=1&s=300x300,2026-06-05T15:22:12.207517,agoda,,,
Hotel Hilife,86407103,Delhi,Pahar Ganj,Agoda,26.42,26.42,5.7,21.0,5.0,Hotel,28.646788,77.21254,2026-07-05,2026-07-06,False,,//pix7.agoda.net/hotelImages/86407103/0/fbdb844d99a013ac5c571b72ed3603bf.jpg?ce=3&s=300x300,2026-06-05T15:22:19.130035,agoda,,,
Transit POD Stay – New Delhi | Airport Transit,84440293,Delhi,Pahar Ganj,Agoda,7.06,7.06,8.5,94.0,3.0,Hostel,28.641213676421835,77.22367993443298,2026-07-05,2026-07-06,False,,//pix6.agoda.net/hotelImages/84440293/0/13c3d7433f8af436ecba4649b69a2df0.jpg?fx=0.45&ce=3&s=300x300,2026-06-05T15:22:19.130035,agoda,,,
Hotel O Fazalpur,38681870,Delhi,East Delhi,Agoda,13.58,13.58,8.3,33.0,3.0,Hotel,28.6267223358154,77.3000869750976,2026-07-05,2026-07-06,False,,//pix6.agoda.net/hotelImages/38681870/-1/032b9f52a63fb0c9603e1ea67766952e.jpg?fx=0.55&ce=0&s=300x300,2026-06-05T15:22:19.130035,agoda,,,
The Park New Delhi Hotel,4877,Delhi,Central Delhi,Agoda,63.77,63.77,7.4,5837.0,5.0,Hotel,28.6289310455322,77.2161254882812,2026-07-05,2026-07-06,False,,//pix6.agoda.net/hotelImages/22032821/0/45373bc18f0e52ee4fd213e8d5a13b35.jpg?fx=0.45&ca=17&ce=1&s=300x300,2026-06-05T15:22:19.130035,agoda,,,
Hotel Pearl,8348930,Delhi,Indira Gandhi Int'l Airport,Agoda,,,8.4,4530.0,3.0,Hotel,28.547876358032227,77.12696075439453,2026-07-05,2026-07-06,,,//pix6.agoda.net/hotelImages/8348930/0/b34e278537439e89385ad46db8d1db3e.jpg?fx=0.55&ce=2&s=300x300,2026-06-05T15:22:19.130035,agoda,,,
ibis New Delhi Aerocity - An AccorHotels Brand,399929,Delhi,Indira Gandhi Int'l Airport,Agoda,50.41,50.41,7.7,5141.0,3.0,Hotel,28.55142593383789,77.1232681274414,2026-07-05,2026-07-06,False,,//pix7.agoda.net/hotelImages/399929/-1/a2abd02d92ba394b4686bfe58cb5e44b.jpg?ce=0&s=300x300,2026-06-05T15:22:19.130035,agoda,,,
Hotel East Residency Delhi Airport,41968271,Delhi,Indira Gandhi Int'l Airport,Agoda,21.16,21.16,6.8,163.0,3.0,Hotel,28.549251556396484,77.13074493408203,2026-07-05,2026-07-06,False,,//pix7.agoda.net/hotelImages/41968271/0/352e73f272ebf0cec533c773a2313b3f.png?ce=3&s=300x300,2026-06-05T15:22:19.130035,agoda,,,
Calista Boutique Hotel Near Yashobhoomi,63406133,Delhi,Indira Gandhi Int'l Airport,Agoda,16.38,16.38,8.3,39.0,4.0,Hotel,28.5223255157471,77.0891036987305,2026-07-05,2026-07-06,False,,//pix7.agoda.net/hotelImages/63406133/0/9252e585887f1cf00541fad33e5b8c17.jpg?ce=3&s=300x300,2026-06-05T15:22:19.130035,agoda,,,
The LaLiT New Delhi,43775,Delhi,Central Delhi,Agoda,99.16,99.16,8.3,11763.0,5.0,Hotel,28.63062286376953,77.22711944580078,2026-07-05,2026-07-06,False,,//pix6.agoda.net/hotelImages/437/43775/43775_16040614390041350417.jpg?fx=0.6&ca=6&ce=1&s=300x300,2026-06-05T15:22:19.130035,agoda,,,
ROYAL RESIDENCY,84891429,Delhi,Indira Gandhi Int'l Airport,Agoda,14.14,14.14,8.4,15.0,3.0,Hotel,28.54599441572538,77.12352919695579,2026-07-05,2026-07-06,False,,//pix7.agoda.net/hotelImages/84891429/0/04b314ff022c02b28abcf1bdb1338201.jpg?ce=3&s=300x300,2026-06-05T15:22:19.130035,agoda,,,
The  Metrostay Pod Hotel ,64409597,Delhi,North Delhi,Agoda,14.75,14.75,8.2,660.0,5.0,Hotel,28.64254379272461,77.22412109375,2026-07-05,2026-07-06,False,,//pix7.agoda.net/hotelImages/64409597/0/4b5fc76eb838dc0c071856011f43fbf9.jpg?ce=3&s=300x300,2026-06-05T15:22:19.130035,agoda,,,
Hotel Pinky Villa - Heritage Boutique Suites,61414403,Delhi,Pahar Ganj,Agoda,18.22,18.22,7.9,1121.0,4.0,Hotel,28.642061233520508,77.2116470336914,2026-07-05,2026-07-06,False,,//pix7.agoda.net/hotelImages/61414403/0/432c1a04158605ead4b5346f1bae98db.jpg?ce=3&s=300x300,2026-06-05T15:22:19.130035,agoda,,,
"The Hosteller Delhi, International Airport",81909520,Delhi,Indira Gandhi Int'l Airport,Agoda,5.4,5.4,8.8,190.0,3.0,Hostel,28.54115104675293,77.1298599243164,2026-07-05,2026-07-06,False,,//pix7.agoda.net/hotelImages/81909520/0/828a6e907e5d41a65fdb4305aa1bcc62.jpg?ce=3&s=300x300,2026-06-05T15:22:19.130035,agoda,,,
Hotel Grand Shalimar by JMD Group Near IGI Airport Aerocity New Delhi ,81624383,Delhi,Indira Gandhi Int'l Airport,Agoda,55.45,55.45,8.5,215.0,4.0,Hotel,28.550388,77.129166,2026-07-05,2026-07-06,False,,//pix6.agoda.net/hotelImages/81624383/0/f423a7e34b614c433cc140896772d2d1.jpg?fx=0.55&ce=3&s=300x300,2026-06-05T15:22:19.130035,agoda,,,
Holiday Inn New Delhi Aerocity By IHG,547163,Delhi,Indira Gandhi Int'l Airport,Agoda,97.26,97.26,8.7,12312.0,5.0,Hotel,28.55023765563965,77.12320709228516,2026-07-05,2026-07-06,False,,//pix6.agoda.net/hotelImages/7128075/0/cac2799737ec6e549b1ba89f6da98665.jpg?fx=0.55&ca=24&ce=0&s=300x300,2026-06-05T15:22:19.130035,agoda,,,
Radisson Blu Hotel New Delhi Dwarka,304050,Delhi,Dwarka,Agoda,58.1,58.1,8.0,6125.0,5.0,Hotel,28.596111297607425,77.03583526611328,2026-07-05,2026-07-06,False,,//pix6.agoda.net/hotelImages/304050/0/365e9cc8fce5bdbef224c3b8145d34ab.jpg?fx=0.45&ca=7&ce=1&s=300x300,2026-06-05T15:22:19.130035,agoda,,,
Hotel Urban Tree near Delhi Airport,51970779,Delhi,Indira Gandhi Int'l Airport,Agoda,,,7.9,780.0,3.0,Hotel,28.55614280700684,77.09996032714844,2026-07-05,2026-07-06,,,//pix6.agoda.net/hotelImages/51970779/0/4460dccfb27e763aa1c17d955e24dfea.png?fx=0.35&ce=3&s=300x300,2026-06-05T15:22:19.130035,agoda,,,
Hotel Sapphire House Paharganj,60660009,Delhi,Pahar Ganj,Agoda,35.98,35.98,8.1,932.0,4.0,Hotel,28.642061233520508,77.2116470336914,2026-07-05,2026-07-06,False,,//pix7.agoda.net/hotelImages/60660009/-1/d28e5021d1a09a3b52d8c64f71b76b0b.jpg?ce=0&s=300x300,2026-06-05T15:22:19.130035,agoda,,,
Hotel Karlo Kastle,10108281,Delhi,Pahar Ganj,Agoda,12.81,12.81,7.2,435.0,3.0,Hotel,28.64065361022949,77.21141052246094,2026-07-05,2026-07-06,False,,//pix6.agoda.net/hotelImages/10108281/-1/49b8eafa45d84ad85e2c0d9db3c658a5.jpg?fx=0.7&ca=13&ce=1&s=300x300,2026-06-05T15:22:19.130035,agoda,,,
The Suryaa Hotel New Delhi,276655,Delhi,South Delhi,Agoda,64.49,64.49,8.2,2817.0,5.0,Hotel,28.56157493591309,77.26968383789062,2026-07-05,2026-07-06,False,,//pix7.agoda.net/hotelImages/276655/0/38b5126023f569605336546a4cd227e6.jpeg?ce=0&s=300x300,2026-06-05T15:22:19.130035,agoda,,,
Radisson Blu Plaza Delhi Airport,9332,Delhi,Indira Gandhi Int'l Airport,Agoda,89.19,89.19,8.9,11031.0,5.0,Hotel,28.54334259033203,77.11971282958984,2026-07-05,2026-07-06,False,,//pix6.agoda.net/hotelImages/9332/-1/827e8a7540a37b8a81adf3b1f2f912d2.jpg?fx=0.55&ce=0&s=300x300,2026-06-05T15:22:19.130035,agoda,,,
Gold The Royal with Luxe Rooftop Restaurant – 5 mins from Connaught Place,61453785,Delhi,Pahar Ganj,Agoda,24.25,24.25,8.6,1358.0,4.0,Hotel,28.641557693481445,77.21669006347656,2026-07-05,2026-07-06,True,,//pix6.agoda.net/hotelImages/61453785/-1/cece1a040ef23e651e26cca7501b9da5.jpg?fx=0.55&ce=0&s=300x300,2026-06-05T15:22:19.130035,agoda,,,
Hotel Apple Villa @ New Delhi,49164848,Delhi,Pahar Ganj,Agoda,22.25,22.25,7.6,445.0,3.0,Hotel,28.640609741210938,77.21141052246094,2026-07-05,2026-07-06,False,,//pix7.agoda.net/hotelImages/49164848/0/4f1f01ae493179c537ff712915cd1026.jpg?ce=0&s=300x300,2026-06-05T15:22:19.130035,agoda,,,
Hotel Maryland Inn,86748432,Delhi,Indira Gandhi Int'l Airport,Agoda,15.8,15.8,8.5,89.0,3.0,Hotel,28.54793930053711,77.12876892089844,2026-07-05,2026-07-06,False,,//pix7.agoda.net/hotelImages/86748432/0/cb6f49dd49da09ebeb07c5e416b9eb50.png?ce=3&s=300x300,2026-06-05T15:22:19.130035,agoda,,,
Hotel Le Roi,159199,Delhi,Pahar Ganj,Agoda,16.65,16.65,7.0,756.0,3.0,Hotel,28.64396095275879,77.21073150634766,2026-07-05,2026-07-06,False,,//pix7.agoda.net/hotelImages/159199/0/6a96ed9d028d74191682b08104a584f4.jpg?ce=2&s=300x300,2026-06-05T15:22:19.130035,agoda,,,
Hotel Stay House Inn Paharganj ,74761518,Delhi,Pahar Ganj,Agoda,13.54,13.54,8.1,501.0,3.0,Hotel,28.64188003540039,77.21488952636719,2026-07-05,2026-07-06,False,,//pix6.agoda.net/hotelImages/74761518/0/4c1ed0fa800351781f3ff8e5c1d51905.jpg?fx=0.3&ce=2&s=300x300,2026-06-05T15:22:19.130035,agoda,,,
Hotel Festival Mahipalpur At Delhi Airport,52674440,Delhi,Indira Gandhi Int'l Airport,Agoda,,,8.7,320.0,3.0,Hotel,28.548023223876957,77.12693786621094,2026-07-05,2026-07-06,,,//pix7.agoda.net/hotelImages/52674440/0/9a327e05d0d4dd2141e2f1a30aa20961.jpg?ce=2&s=300x300,2026-06-05T15:22:19.130035,agoda,,,
Centaur Hotel,8491,Delhi,Indira Gandhi Int'l Airport,Agoda,41.26,41.26,5.8,4364.0,3.0,Hotel,28.549036026000977,77.10279846191406,2026-07-05,2026-07-06,False,,//pix6.agoda.net/hotelImages/8491/0/ab4275175f55156c6185bff47d20b92f.jpeg?fx=0.4&ce=0&s=300x300,2026-06-05T15:22:19.130035,agoda,,,
goSTOPS Delhi - Private Rooms & Dorms,931526,Delhi,North Delhi,Agoda,10.51,10.51,7.5,980.0,3.0,Hostel,28.64081382751465,77.23899841308594,2026-07-05,2026-07-06,False,,//pix7.agoda.net/hotelImages/931526/0/e2d11af16645cc773de1149ea6a2e28c.jpg?ce=2&s=300x300,2026-06-05T15:22:19.130035,agoda,,,
De Pavilion Hotel,18455017,Delhi,Indira Gandhi Int'l Airport,Agoda,19.81,19.81,6.9,1704.0,4.0,Hotel,28.5508728027344,77.1310882568359,2026-07-05,2026-07-06,False,,//pix6.agoda.net/hotelImages/18455017/-1/35e3ef1b7710f08faa6550ea5dd6da56.jpg?fx=0.55&ca=14&ce=1&s=300x300,2026-06-05T15:22:19.130035,agoda,,,
Hotels Daffodils,74639954,Delhi,Central Delhi,Agoda,29.58,29.58,5.6,144.0,3.0,Hotel,28.63178062438965,77.2208251953125,2026-07-05,2026-07-06,False,,//pix6.agoda.net/hotelImages/74639954/0/bcf6523bda2705d3c5f0acf982484b31.jpg?fx=0.4&ce=2&s=300x300,2026-06-05T15:22:19.130035,agoda,,,
Jaypee Vasant Continental Hotel,194807,Delhi,Indira Gandhi Int'l Airport,Agoda,63.74,63.74,8.2,2229.0,5.0,Hotel,28.5564708709717,77.1643981933594,2026-07-05,2026-07-06,False,,//pix6.agoda.net/hotelImages/194807/0/cddc9f6ef9d2afe3f0dd8ce9d589525f.jpg?fx=0.25&ce=3&s=300x300,2026-06-05T15:22:19.130035,agoda,,,
Hotel Chanakya Inn,71166592,Delhi,Indira Gandhi Int'l Airport,Agoda,17.98,17.98,5.6,434.0,4.0,Hotel,28.54578971862793,77.12316131591797,2026-07-05,2026-07-06,False,,//pix7.agoda.net/hotelImages/71166592/0/8635fb0fabfd8f0535f7a155b6d3700c.jpg?ce=2&s=300x300,2026-06-05T15:22:19.130035,agoda,,,
Chanchal Deluxe Hotel,174400,Delhi,Pahar Ganj,Agoda,18.21,18.21,7.9,1739.0,3.0,Hotel,28.64552497863769,77.21727752685547,2026-07-05,2026-07-06,False,,//pix6.agoda.net/hotelImages/174400/0/61f207716a461e7adaf2ca6256d9a786.jpg?fx=0.55&ce=2&s=300x300,2026-06-05T15:22:19.130035,agoda,,,
Hotel Dreamland Dx,34406679,Delhi,Pahar Ganj,Agoda,8.5,8.5,5.4,107.0,2.0,Hotel,28.64702415466309,77.2116928100586,2026-07-05,2026-07-06,False,,//pix6.agoda.net/hotelImages/34406679/-1/d945ca927f031dd000d09ed64bff2be9.jpg?fx=0.3&ce=0&s=300x300,2026-06-05T15:22:19.130035,agoda,,,
Hotel Diplomat Residency,301228,Delhi,South Delhi,Agoda,28.44,28.44,8.1,365.0,3.0,Hotel,28.5672607421875,77.24028015136719,2026-07-05,2026-07-06,False,,//pix6.agoda.net/hotelImages/301228/0/c2eae92abd7a8d79822aa06b7755f508.jpeg?fx=0.7&ce=0&s=300x300,2026-06-05T15:22:19.130035,agoda,,,
"Hotel Z Suites, Mahipalpur - Delhi Airport",29486828,Delhi,Indira Gandhi Int'l Airport,Agoda,,,7.1,517.0,3.5,Hotel,28.55688,77.087234,2026-07-05,2026-07-06,,,//pix7.agoda.net/hotelImages/29486828/0/3d6556e3b65fd92e5be09aba8470b59c.png?ce=3&s=300x300,2026-06-05T15:22:19.130035,agoda,,,
Beacon Hotel - Nirman Vihar New Delhi,4945011,Delhi,East Delhi,Agoda,25.58,25.58,7.2,301.0,3.0,Hotel,28.634925,77.285773,2026-07-05,2026-07-06,False,,//pix7.agoda.net/hotelImages/494/4945011/4945011_18050217430065170598.jpg?ca=0&ce=1&s=300x300,2026-06-05T15:22:19.130035,agoda,,,
Hotel K K Casa Near New Delhi Railway Station,81525584,Delhi,Pahar Ganj,Agoda,23.1,23.1,8.4,114.0,4.0,Hotel,28.644285,77.21574,2026-07-05,2026-07-06,False,,//pix6.agoda.net/hotelImages/81525584/0/1074d27de4f3a19d4daf01c93097d0db.jpg?fx=0.55&ce=3&s=300x300,2026-06-05T15:22:19.130035,agoda,,,
OPO Essential Skynex,80052287,Delhi,Indira Gandhi Int'l Airport,Agoda,21.1,21.1,8.4,37.0,4.0,Hotel,28.54385,77.123825,2026-07-05,2026-07-06,False,,//pix6.agoda.net/hotelImages/80052287/0/935101417cee08b7714543c23cb9ed4c.png?fx=0.4&ce=3&s=300x300,2026-06-05T15:22:19.130035,agoda,,,
Hotel Amar International,23896109,Delhi,Pahar Ganj,Agoda,9.47,9.47,7.0,1035.0,3.0,Hotel,28.64284324645996,77.21002960205078,2026-07-05,2026-07-06,False,,//pix7.agoda.net/hotelImages/238/23896109/23896109_21042122380096781784.jpg?ca=18&ce=1&s=300x300,2026-06-05T15:22:19.130035,agoda,,,
Jaypee Siddharth Hotel,300693,Delhi,Karol Bagh,Agoda,54.25,54.25,7.4,1487.0,5.0,Hotel,28.642520904541016,77.17558288574219,2026-07-05,2026-07-06,False,,//pix6.agoda.net/hotelImages/4885986/0/f0a7d9e3da97ffcd9ee52c70cb952717.jpeg?fx=0.4&ce=3&s=300x300,2026-06-05T15:22:19.130035,agoda,,,
"Le ROI Express, Paharganj",36253437,Delhi,Pahar Ganj,Agoda,21.19,21.19,8.5,1885.0,3.0,Hotel,28.641544342041016,77.21337890625,2026-07-05,2026-07-06,False,,//pix7.agoda.net/hotelImages/36253437/-1/48fd8fb243cf25c883b4550dcfaf100d.jpg?ce=0&s=300x300,2026-06-05T15:22:19.130035,agoda,,,
Hotel Classic Diplomat,254017,Delhi,Indira Gandhi Int'l Airport,Agoda,24.97,24.97,7.5,2174.0,4.0,Hotel,28.54261016845703,77.11921691894531,2026-07-05,2026-07-06,False,,//pix6.agoda.net/hotelImages/254/254017/254017_16070617180044466361.jpg?fx=0.45&ca=6&ce=1&s=300x300,2026-06-05T15:22:19.130035,agoda,,,
Hotel Ramhan Palace,442340,Delhi,Indira Gandhi Int'l Airport,Agoda,24.67,24.67,7.1,2098.0,3.0,Hotel,28.549352645874023,77.12798309326172,2026-07-05,2026-07-06,False,,//pix7.agoda.net/hotelImages/442340/0/0348ac6d51cc30b6a23d7598fd110922.jpg?ce=3&s=300x300,2026-06-05T15:22:19.130035,agoda,,,
Radisson Blu Marina Hotel Connaught Place,393545,Delhi,Central Delhi,Agoda,94.67,94.67,7.9,4481.0,5.0,Hotel,28.63389587402344,77.21723937988281,2026-07-05,2026-07-06,False,,//pix6.agoda.net/hotelImages/11093615/0/6b9076434bebe4dbe9921e2d04c3e318.jpg?fx=0.6&ca=9&ce=1&s=300x300,2026-06-05T15:22:19.130035,agoda,,,
Super Townhouse Preet Vihar Metro Station,74154191,Delhi,East Delhi,Agoda,23.29,23.29,8.0,153.0,3.0,Hotel,28.64295768737793,77.28924560546875,2026-07-05,2026-07-06,False,,//pix7.agoda.net/hotelImages/74154191/0/b00c8d04c5d3b5bb8ff0aba9b4f781ec.jpg?ce=3&s=300x300,2026-06-05T15:22:19.130035,agoda,,,
Olivia Hotels,6376798,Delhi,Indira Gandhi Int'l Airport,Agoda,37.27,37.27,8.0,551.0,4.0,Hotel,28.55614280700684,77.09996032714844,2026-07-05,2026-07-06,True,,//pix6.agoda.net/hotelImages/6376798/0/61bbbeadb4b098cfa4da9e0f55daec79.jpg?fx=0.65&ce=3&s=300x300,2026-06-05T15:22:19.130035,agoda,,,
Hyatt Centric Janakpuri New Delhi,49554670,Delhi,West Delhi,Agoda,53.33,53.33,7.6,1288.0,5.0,Hotel,28.628700256347656,77.07869720458984,2026-07-05,2026-07-06,False,,//pix6.agoda.net/hotelImages/47603055/0/caa68f04074485c9fe0830d9aec87bd9.jpeg?fx=0.45&ce=0&s=300x300,2026-06-05T15:22:19.130035,agoda,,,
Airport Hotel Mayank Residency,281577,Delhi,Indira Gandhi Int'l Airport,Agoda,11.88,11.88,6.2,398.0,3.0,Hotel,28.554561614990234,77.12134552001953,2026-07-05,2026-07-06,False,,//pix6.agoda.net/hotelImages/281577/0/a50bc437c983c4f3cc2c6678da33ce2f.jpg?fx=0.3&ce=3&s=300x300,2026-06-05T15:22:19.130035,agoda,,,
Townhouse Patparganj Near Max Super Speciality Hospital,66750979,Delhi,East Delhi,Agoda,18.17,18.17,7.6,197.0,4.0,Hotel,28.63622093200684,77.292236328125,2026-07-05,2026-07-06,False,,//pix6.agoda.net/hotelImages/66750979/0/8aa23feda517a5b4474f0f8db1b5790e.jpg?fx=0.6&ce=2&s=300x300,2026-06-05T15:22:19.130035,agoda,,,
Hotel Royal Plaza,80580410,Delhi,Indira Gandhi Int'l Airport,Agoda,110.37,110.37,7.8,83.0,3.0,Hotel,28.5432746549243,77.12867932353674,2026-07-05,2026-07-06,False,,//pix6.agoda.net/hotelImages/80580410/0/0e48119420b0742c978fc5e1dff9af0a.jpg?fx=0.55&ce=3&s=300x300,2026-06-05T15:22:19.130035,agoda,,,
Airport Hotel Grand,1165982,Delhi,Indira Gandhi Int'l Airport,Agoda,17.36,17.36,7.6,4522.0,3.5,Hotel,28.545053482055664,77.12326049804688,2026-07-05,2026-07-06,False,,//pix6.agoda.net/hotelImages/116/1165982/1165982_17022714440051269446.jpg?fx=0.7&ca=6&ce=1&s=300x300,2026-06-05T15:22:19.130035,agoda,,,
Hotel Jukaso Inn Down Town,532476,Delhi,Central Delhi,Agoda,40.53,40.53,7.4,1036.0,3.0,Hotel,28.63402557373047,77.22173309326172,2026-07-05,2026-07-06,True,,//pix6.agoda.net/hotelImages/532476/0/00e2fce18f12319c4e73a9576b2aacdd.jpeg?fx=0.4&ce=0&s=300x300,2026-06-05T15:22:19.130035,agoda,,,
Hotel Spring Stays Near US Consulate,71412279,Hyderabad,Gachibowli,Agoda,18.5,18.5,7.4,151.0,3.0,Bed & Breakfast,17.430419921875,78.32270050048828,2026-07-05,2026-07-06,False,,//pix6.agoda.net/hotelImages/71412279/0/22e43dd2a17613b67ba7dcdfa38e24ec.jpg?fx=0.55&ce=3&s=300x300,2026-06-05T15:22:25.560819,agoda,,,
Super Townhouse OAK Hotels Banjara Hill Formerly Prime Stays,39806606,Hyderabad,Jubliee Hill,Agoda,14.4,14.4,7.9,137.0,4.0,Entire House,17.4129638671875,78.4239273071289,2026-07-05,2026-07-06,False,,//pix7.agoda.net/hotelImages/39806606/0/65a449e7fb728a060923efaba19d2502.jpg?ce=3&s=300x300,2026-06-05T15:22:25.560819,agoda,,,
Super Collection O Musheerabad Metro Station Hyderabad Formerly Bhatia Residency,85558690,Hyderabad,Indira Park,Agoda,18.1,18.1,9.9,17.0,3.0,Hotel,17.414472579956055,78.49825286865234,2026-07-05,2026-07-06,False,,//pix7.agoda.net/hotelImages/85558690/0/19fb8d3712f90b3e1a1bbbd353bae5b3.jpg?ce=3&s=300x300,2026-06-05T15:22:25.560819,agoda,,,
Townhouse Kondapur Near Botanical Garden Formerly RRR Inn,37334184,Hyderabad,Gachibowli,Agoda,15.93,15.93,8.3,683.0,4.0,Hotel,17.471500396728516,78.35025024414062,2026-07-05,2026-07-06,False,,//pix6.agoda.net/hotelImages/37334184/-1/c898fef98812bb22edc9ae5e5ac2a467.jpg?fx=0.45&ce=0&s=300x300,2026-06-05T15:22:25.560819,agoda,,,
HOTEL SIGNATURE BANJARA HILLS Hyderabad,79529000,Hyderabad,Banjara Hills,Agoda,129.32,129.32,8.1,271.0,4.0,Hotel,17.4080202,78.45125759999999,2026-07-05,2026-07-06,False,,//pix6.agoda.net/hotelImages/79529000/0/117ee7516c2beb9202b5d83d1c71edcd.png?fx=0.55&ce=3&s=300x300,2026-06-05T15:22:25.560819,agoda,,,
Hotel Royalton Hyderabad Abids,186766,Hyderabad,Abids,Agoda,39.55,39.55,7.5,2270.0,4.0,Hotel,17.390823364257812,78.47430419921875,2026-07-05,2026-07-06,False,,//pix6.agoda.net/hotelImages/186766/0/7ce28b744455a054c52a71b71c5a5a9e.jpeg?fx=0.45&s=300x300,2026-06-05T15:22:25.560819,agoda,,,
Swanotel Gachibowli,52114985,Hyderabad,Gachibowli,Agoda,,,8.3,1267.0,3.0,Hotel,17.4222431182861,78.3824768066406,2026-07-05,2026-07-06,,,//pix6.agoda.net/hotelImages/52114985/0/3a29a320e2d68b0f5aa48d6de50f1c86.jpeg?fx=0.6&ce=3&s=300x300,2026-06-05T15:22:25.560819,agoda,,,
The Park Hyderabad Hotel,178188,Hyderabad,Banjara Hills,Agoda,69.81,69.81,8.2,8509.0,5.0,Hotel,17.4235270426491,78.4624457359314,2026-07-05,2026-07-06,False,,//pix7.agoda.net/hotelImages/178188/0/18f60ea53591b5319f12cb2480fef9f0.jpeg?s=300x300,2026-06-05T15:22:25.560819,agoda,,,
Collection O ISB Gachibowli,63407400,Hyderabad,Gachibowli,Agoda,13.35,13.35,8.1,413.0,3.0,Hotel,17.44017219543457,78.33196258544922,2026-07-05,2026-07-06,False,,//pix7.agoda.net/hotelImages/63407400/-1/a998e0bb90b496dc5bc3e5d957478967.jpg?ce=2&s=300x300,2026-06-05T15:22:25.560819,agoda,,,
Holiday Inn Express Hyderabad Banjara Hills By IHG,5835271,Hyderabad,Banjara Hills,Agoda,38.35,38.35,7.0,2198.0,3.0,Hotel,17.417200088500977,78.45398712158203,2026-07-05,2026-07-06,False,,//pix6.agoda.net/hotelImages/7154626/0/9cc444d9d70af1c242a408486df0ce40.jpg?fx=0.6&ce=0&s=300x300,2026-06-05T15:22:25.560819,agoda,,,
Townhouse OAK Secunderabad Near Railway Station Formerly Hotel Brahma,37847155,Hyderabad,Banjara Hills,Agoda,10.22,10.22,6.9,126.0,4.0,Hotel,17.42388916015625,78.45441436767578,2026-07-05,2026-07-06,False,,//pix7.agoda.net/hotelImages/37847155/-1/f8f9bb17e9b02d7970315edcebdd0f7c.jpg?ce=0&s=300x300,2026-06-05T15:22:25.560819,agoda,,,
Hotel Marigold Kokapet,67449404,Hyderabad,Gandipet,Agoda,12.15,12.15,8.2,233.0,3.0,Hotel,17.399436950683594,78.33443450927734,2026-07-05,2026-07-06,False,,//pix7.agoda.net/hotelImages/67449404/0/9e870f0097ea03d2aa418c7901b51f0f.jpg?ce=0&s=300x300,2026-06-05T15:22:25.560819,agoda,,,
Super Townhouse Nanak Ram Guda Near WaveRock SEZ,55508737,Hyderabad,Gachibowli,Agoda,13.94,13.94,6.9,468.0,4.0,Hotel,17.417940139770508,78.35040283203125,2026-07-05,2026-07-06,False,,//pix6.agoda.net/hotelImages/55508737/-1/e07bba637e4d0db98f940fbf7412d8bc.jpg?fx=0.55&ce=0&s=300x300,2026-06-05T15:22:25.560819,agoda,,,
Holiday Inn Express Hyderabad Hitec City By IHG,5500129,Hyderabad,Gachibowli,Agoda,41.1,41.1,7.1,2109.0,3.0,Hotel,17.447174072265625,78.37313079833984,2026-07-05,2026-07-06,False,,//pix6.agoda.net/hotelImages/5500129/-1/1a77d77ddf9422b802c0f3395d600edb.jpg?fx=0.45&ce=0&s=300x300,2026-06-05T15:22:25.560819,agoda,,,
Grand Continent Premier Banjara Hills,72249019,Hyderabad,Banjara Hills,Agoda,34.73,34.73,8.5,478.0,4.0,Hotel,17.428470611572266,78.43496704101562,2026-07-05,2026-07-06,False,,//pix6.agoda.net/hotelImages/72249019/0/e313c7ef242b4482fb16bb0fb90b13be.jpeg?fx=0.45&ce=3&s=300x300,2026-06-05T15:22:25.560819,agoda,,,
Palette Naveena Grand Hyderabad,37694258,Hyderabad,Jubliee Hill,Agoda,27.03,27.03,7.8,138.0,4.0,Hotel,17.41706657409668,78.39010620117188,2026-07-05,2026-07-06,False,,//pix7.agoda.net/hotelImages/37694258/0/27e68d105b45bc726168cbcc70fed374.jpg?ce=3&s=300x300,2026-06-05T15:22:25.560819,agoda,,,
Hotel Sriveda,60691812,Hyderabad,Abids,Agoda,15.18,15.18,8.4,229.0,3.0,Hotel,17.387937545776367,78.47541046142578,2026-07-05,2026-07-06,False,,//pix7.agoda.net/hotelImages/60691812/0/98859bf590a26babb4cf33a9fbf04285.jpg?ce=0&s=300x300,2026-06-05T15:22:25.560819,agoda,,,
Park Continental Banjara Hills,2351155,Hyderabad,Banjara Hills,Agoda,25.96,25.96,6.5,229.0,3.0,Hotel,17.398908615112305,78.4439468383789,2026-07-05,2026-07-06,False,,//pix6.agoda.net/hotelImages/2351155/-1/3d5ec572a0d1c2ccc79aef8ac645820e.jpg?fx=0.55&ca=8&ce=1&s=300x300,2026-06-05T15:22:25.560819,agoda,,,
Indigo Line Hotel ,83260423,Hyderabad,Banjara Hills,Agoda,,,5.8,85.0,4.0,Bed & Breakfast,17.4037637,78.4531863,2026-07-05,2026-07-06,,,//pix6.agoda.net/hotelImages/83260423/0/25d12b47b79bbe66ee18d24636b884e9.jpg?fx=0.6&ce=3&s=300x300,2026-06-05T15:22:25.560819,agoda,,,
Olive Hotel Hitec City by Embassy Group ,81072903,Hyderabad,Madhapur,Agoda,23.0,23.0,9.1,664.0,3.0,Hotel,17.45119758003591,78.38942304229167,2026-07-05,2026-07-06,False,,//pix6.agoda.net/hotelImages/81072903/0/769694bda83d77a53ced7dfd9285bff3.jpg?fx=0.55&ce=3&s=300x300,2026-06-05T15:22:25.560819,agoda,,,
Hotel Greenpark Hyderabad,334610,Hyderabad,Begumpet,Agoda,48.84,48.84,8.4,1164.0,4.0,Hotel,17.4367828369141,78.4537582397461,2026-07-05,2026-07-06,False,,//pix6.agoda.net/hotelImages/334610/0/087062b62bf28fa7f373a4664c337689.jpg?fx=0.6&ce=2&s=300x300,2026-06-05T15:22:25.560819,agoda,,,
Super Townhouse Golden Temple Manikonda,76844933,Hyderabad,Rajiv Gandhi International Airport,Agoda,15.0,15.0,8.2,71.0,4.0,Hotel,17.397804260253906,78.37696075439453,2026-07-05,2026-07-06,False,,//pix7.agoda.net/hotelImages/76844933/0/901849559e5ca8ef4a0f07fb61311aff.jpg?ce=3&s=300x300,2026-06-05T15:22:25.560819,agoda,,,
MONDAY PREMIUM Madhapur,79598636,Hyderabad,Madhapur,Agoda,29.39,29.39,8.5,112.0,4.0,Hotel,17.442558,78.393005,2026-07-05,2026-07-06,False,,//pix6.agoda.net/hotelImages/79598636/0/5c28ef1916a914f058ee82e6c88add95.jpg?fx=0.6&ce=3&s=300x300,2026-06-05T15:22:25.560819,agoda,,,
Hotel Prime Classic,37151137,Hyderabad,Rajiv Gandhi International Airport,Agoda,15.32,15.32,8.0,556.0,3.0,Hotel,17.2590656280518,78.3810653686524,2026-07-05,2026-07-06,False,,//pix7.agoda.net/hotelImages/37151137/0/19766efd23c7bdd4c19e38d4d54aaa3b.png?ce=0&s=300x300,2026-06-05T15:22:25.560819,agoda,,,
Townhouse Hi Tech City Hyderabad,18622185,Hyderabad,Gachibowli,Agoda,20.96,20.96,6.9,360.0,4.0,Hotel,17.44620704650879,78.3788833618164,2026-07-05,2026-07-06,True,,//pix7.agoda.net/hotelImages/18622185/-1/275b37b5f17e603809fc646eec327243.jpg?ce=2&s=300x300,2026-06-05T15:22:25.560819,agoda,,,
Super Collection O Erragadda Metro Station Formerly Golden Gate,80621511,Hyderabad,Begumpet,Agoda,13.11,13.11,8.2,293.0,3.0,Hotel,17.457916259765625,78.4469223022461,2026-07-05,2026-07-06,False,,//pix7.agoda.net/hotelImages/80621511/0/3a0cabffbb3ec4231edc5cc1bc162b54.jpg?ce=3&s=300x300,2026-06-05T15:22:25.560819,agoda,,,
iStay Hotels Hitec City Hyderabad,9365578,Hyderabad,Gachibowli,Agoda,17.68,17.68,8.0,633.0,3.0,Hotel,17.453319549560547,78.36892700195312,2026-07-05,2026-07-06,False,,//pix7.agoda.net/hotelImages/9365578/0/dd13cf411b870517e8be8d284d97d1af.jpeg?s=300x300,2026-06-05T15:22:25.560819,agoda,,,
ADITYA PARK HYDERABAD,148837,Hyderabad,Begumpet,Agoda,38.58,38.58,7.8,822.0,4.0,Hotel,17.436777114868164,78.44644927978516,2026-07-05,2026-07-06,False,,//pix6.agoda.net/hotelImages/148837/0/68a7b609f07232c190a7f3b98679ea0a.jpeg?fx=0.7&ce=0&s=300x300,2026-06-05T15:22:25.560819,agoda,,,
Hotel Elite Walker Town,86658150,Hyderabad,Secunderabad,Agoda,,,9.0,8.0,3.0,Hotel,17.424903869628906,78.50784301757812,2026-07-05,2026-07-06,,,//pix7.agoda.net/hotelImages/86658150/0/f737a2bfa264895100795d582d2a6c2d.jpg?ce=3&s=300x300,2026-06-05T15:22:25.560819,agoda,,,
"Trunk and Trolley, Financial District, A Luxury Boutique Hotel",72047090,Hyderabad,Gachibowli,Agoda,34.52,34.52,8.4,219.0,4.0,Hotel,17.416120529174805,78.35248565673828,2026-07-05,2026-07-06,False,,//pix6.agoda.net/hotelImages/72047090/0/547b8159823b1a0b3cfb8abe1987d4ed.jpg?fx=0.4&ce=2&s=300x300,2026-06-05T15:22:25.560819,agoda,,,
Radisson Hyderabad Hitec City,280275,Hyderabad,Gachibowli,Agoda,110.86,110.86,7.6,2377.0,4.5,Hotel,17.448163986206055,78.35601806640625,2026-07-05,2026-07-06,False,,//pix7.agoda.net/hotelImages/280275/0/c1c33ae3e5ea388f16969dd7f56f077c.jpeg?ce=3&s=300x300,2026-06-05T15:22:25.560819,agoda,,,
"FabHotel Prime Veeraj Suites - Nr. Skyview10, Lumbini Avenue, Gachibowli",76671606,Hyderabad,Gachibowli,Agoda,23.32,23.32,7.4,9.0,3.0,Hotel,17.43216896057129,78.37397766113281,2026-07-05,2026-07-06,False,,//pix6.agoda.net/hotelImages/76671606/0/f7db3c799ddfeb258bce5f43fea95028.png?fx=0.55&ce=3&s=300x300,2026-06-05T15:22:25.560819,agoda,,,
Avasa Hotel,339623,Hyderabad,Madhapur,Agoda,69.95,69.95,8.6,1596.0,5.0,Hotel,17.4472274780273,78.3838119506836,2026-07-05,2026-07-06,False,,//pix6.agoda.net/hotelImages/339623/0/e0125105f1a7bced2e68e3dc5660dd4d.jpeg?fx=0.4&ce=0&s=300x300,2026-06-05T15:22:25.560819,agoda,,,
Katriya Hotel & Towers,62095471,Hyderabad,Banjara Hills,Agoda,28.15,28.15,5.6,1277.0,3.0,Hotel,17.424789428710938,78.45691680908203,2026-07-05,2026-07-06,False,,//q-xx.bstatic.com/xdata/images/hotel/max300/71388665.jpg?k=a4c2648a35d61d6239da8d642ad914dc8010a31ca4638fd79bdbc072788fe5af&o=,2026-06-05T15:22:25.560819,agoda,,,
Hotel Minerva Grand Secunderabad,300679,Hyderabad,Secunderabad,Agoda,33.3,33.3,7.5,1061.0,3.0,Hotel,17.4405002593994,78.4928588867188,2026-07-05,2026-07-06,False,,//pix6.agoda.net/hotelImages/300679/0/ccd46b805181e27d533007016782b1c0.jpeg?fx=0.25&s=300x300,2026-06-05T15:22:25.560819,agoda,,,
Marigold By Green Park,339735,Hyderabad,Begumpet,Agoda,53.27,53.27,8.6,1430.0,5.0,Hotel,17.437401,78.45459,2026-07-05,2026-07-06,False,,//pix6.agoda.net/hotelImages/339735/-1/c687522ab38cdf52c581a33d4c9080ed.jpg?fx=0.55&ce=0&s=300x300,2026-06-05T15:22:25.560819,agoda,,,
Super Townhouse Financial District Circle Hyderabad,81256450,Hyderabad,Gachibowli,Agoda,13.98,13.98,8.4,74.0,4.0,Hotel,17.413850784301758,78.3501205444336,2026-07-05,2026-07-06,False,,//pix6.agoda.net/hotelImages/81256450/0/eabc8f2bd2b85e3e49557939fab77bfb.jpg?fx=0.4&ce=3&s=300x300,2026-06-05T15:22:25.560819,agoda,,,
Super Collection O Madhapur,45026017,Hyderabad,Madhapur,Agoda,20.33,20.33,7.9,404.0,3.0,Hotel,17.444955825805664,78.38701629638672,2026-07-05,2026-07-06,False,,//pix7.agoda.net/hotelImages/45026017/-1/1d22f820d88b8c78e20951131660fdf8.jpg?ce=0&s=300x300,2026-06-05T15:22:25.560819,agoda,,,
Indigo Iine Hotels,84961936,Hyderabad,Gachibowli,Agoda,,,3.9,4.0,4.0,Hotel,17.4476938760571,78.3765573645019,2026-07-05,2026-07-06,,,//pix7.agoda.net/hotelImages/84961936/0/fdcd53e3584e1cce6daf1eafed27b409.jpg?ce=3&s=300x300,2026-06-05T15:22:25.560819,agoda,,,
Yellow Sapphire Hotel Gachibowli,69511251,Hyderabad,Gachibowli,Agoda,21.8,21.8,8.9,287.0,3.0,Hotel,17.42643165588379,78.3288803100586,2026-07-05,2026-07-06,False,,//pix7.agoda.net/hotelImages/69511251/0/45dce521626db163b40858c42fe90bb2.jpg?ce=3&s=300x300,2026-06-05T15:22:25.560819,agoda,,,
Hotel O Lakdikapul Near Birla Mandir,68731010,Hyderabad,Abids,Agoda,16.53,16.53,7.0,50.0,3.0,Hotel,17.40424919128418,78.467041015625,2026-07-05,2026-07-06,False,,//pix6.agoda.net/hotelImages/68731010/0/58d70213f73ebde48f4132f416395fb8.jpg?fx=0.6&ce=3&s=300x300,2026-06-05T15:22:25.560819,agoda,,,
Super Townhouse Shamshabad Near Airport,58945986,Hyderabad,Rajiv Gandhi International Airport,Agoda,11.04,11.04,7.1,180.0,4.0,Hotel,17.264850616455078,78.3915786743164,2026-07-05,2026-07-06,False,,//pix7.agoda.net/hotelImages/58945986/-1/f5e9be4617a6fcb47c9e8909d2c9a769.jpg?ce=0&s=300x300,2026-06-05T15:22:25.560819,agoda,,,
Hotel Marigold Atnest,38098678,Hyderabad,Gachibowli,Agoda,11.96,11.96,7.6,1320.0,3.0,Hotel,17.441621780395508,78.35746765136719,2026-07-05,2026-07-06,False,,//pix7.agoda.net/hotelImages/38098678/0/ea8ede5ecf0ca4ba54f78429db2383ce.jpeg?ce=2&s=300x300,2026-06-05T15:22:25.560819,agoda,,,
"Hotel Deccan Serai Grandé , Gachibowli, Hyderabad",33862388,Hyderabad,Gachibowli,Agoda,45.6,45.6,8.7,2598.0,4.0,Hotel,17.437211990356445,78.36714172363281,2026-07-05,2026-07-06,False,,//pix7.agoda.net/hotelImages/33862388/0/a49b14e29d4971a4539e85eff563f2f7.jpeg?ce=2&s=300x300,2026-06-05T15:22:25.560819,agoda,,,
Super Townhouse Kokapet Formerly Aarian Tej Nilayam,62079207,Hyderabad,Gandipet,Agoda,10.83,10.83,8.4,489.0,4.0,Hotel,17.40024248182972,78.33290731349312,2026-07-05,2026-07-06,False,,//pix7.agoda.net/hotelImages/62079207/-1/16aceb2a9c5b6bc10608fafec686a026.jpg?ce=2&s=300x300,2026-06-05T15:22:25.560819,agoda,,,
Taj Tristar,111373,Hyderabad,Secunderabad,Agoda,36.66,36.66,7.8,1604.0,4.0,Hotel,17.4412002563477,78.4937362670898,2026-07-05,2026-07-06,False,,//pix6.agoda.net/hotelImages/111373/0/96b02844417a1e1190fa90d120962dd5.jpeg?fx=0.45&ce=0&s=300x300,2026-06-05T15:22:25.560819,agoda,,,
Collection O Srisailam Highway,64358825,Hyderabad,Rajiv Gandhi International Airport,Agoda,15.0,15.0,8.9,130.0,3.0,Hotel,17.259302139282227,78.47125244140625,2026-07-05,2026-07-06,False,,//pix6.agoda.net/hotelImages/64358825/-1/4679c66f1803d5751c03cdb43529c5d1.jpg?fx=0.6&ce=0&s=300x300,2026-06-05T15:22:25.560819,agoda,,,
"Hotel Aerotel,Hyderabad",55199598,Hyderabad,Rajiv Gandhi International Airport,Agoda,23.28,23.28,8.2,332.0,3.0,Hotel,17.2593784332275,78.3817901611328,2026-07-05,2026-07-06,False,,//pix6.agoda.net/hotelImages/55199598/0/cd692c056cc91e3ea1a647eae4630713.jpg?fx=0.35&ce=3&s=300x300,2026-06-05T15:22:25.560819,agoda,,,
RCC Hotels Gachibowli,81214057,Hyderabad,Gachibowli,Agoda,32.58,32.58,8.7,697.0,3.0,Hotel,17.43814683964797,78.3622152907379,2026-07-05,2026-07-06,False,,//pix6.agoda.net/hotelImages/81214057/0/d015fb85f408223d761ee14ca9027e11.jpg?fx=0.7&ce=3&s=300x300,2026-06-05T15:22:25.560819,agoda,,,
BAEL TREE HOTEL Madhapur,82173090,Hyderabad,Madhapur,Agoda,17.42,17.42,8.6,283.0,3.0,Hotel,17.452047,78.39289,2026-07-05,2026-07-06,False,,//pix7.agoda.net/hotelImages/82173090/0/ccdd466d62880ac97dd296eac5dae984.jpg?ce=3&s=300x300,2026-06-05T15:22:25.560819,agoda,,,
Hotel Lake View Airport Zone,38101442,Hyderabad,Rajiv Gandhi International Airport,Agoda,19.31,19.31,6.8,224.0,3.0,Hotel,17.25995635986328,78.38542175292969,2026-07-05,2026-07-06,False,,//pix6.agoda.net/hotelImages/38101442/0/d9e27c76c75baed5de5c413051ec25d1.jpg?fx=0.45&ce=0&s=300x300,2026-06-05T15:22:25.560819,agoda,,,
"Vivanta Hyderabad, Begumpet",294119,Hyderabad,Begumpet,Agoda,66.86,66.86,8.7,611.0,5.0,Hotel,17.44341468811035,78.46066284179688,2026-07-05,2026-07-06,False,,//q-xx.bstatic.com/xdata/images/hotel/max300/43310573.jpg?k=93ec9e816da66c93a336d9ba91cccbbc602e3abf187c06cceeb6bf1f3b334923&o=,2026-06-05T15:22:25.560819,agoda,,,
The Golkonda Hotel,110363,Hyderabad,Banjara Hills,Agoda,52.22,52.22,7.8,1479.0,4.0,Hotel,17.40450096130371,78.45370483398438,2026-07-05,2026-07-06,False,,//pix7.agoda.net/hotelImages/110/110363/110363_14021719310018365355.jpg?ca=2&ce=1&s=300x300,2026-06-05T15:22:25.560819,agoda,,,
La Sky Boutique Hotel Airport Zone Hyderabad ,58596518,Hyderabad,Rajiv Gandhi International Airport,Agoda,9.08,9.08,7.8,499.0,3.0,Hotel,17.25940704345703,78.38211059570312,2026-07-05,2026-07-06,False,,//pix6.agoda.net/hotelImages/58596518/0/79f9a6f364a4d4dbc0c9b0ac979dcea1.jpeg?fx=0.45&ce=2&s=300x300,2026-06-05T15:22:25.560819,agoda,,,
"St. Mark's Hotel Bengaluru, a member of Radisson Individuals",7924,Bangalore,Bangalore City Center,Agoda,116.72,116.72,8.9,881.0,4.5,Hotel,12.9692144393921,77.600227355957,2026-07-05,2026-07-06,False,,//pix7.agoda.net/hotelImages/7924/0/fd4e1d7c864c9d6a5116560685b4967a.jpg?ce=3&s=300x300,2026-06-05T15:22:32.292803,agoda,,,
DoubleTree Suites by Hilton Bengaluru Outer Ring Road,532465,Bangalore,Marathahalli,Agoda,153.98,153.98,8.4,253.0,4.0,Hotel,12.919214248657228,77.66516876220703,2026-07-05,2026-07-06,False,,//pix7.agoda.net/hotelImages/532465/-1/5d9b5e0ad065bd09b9fd2535f14b9ad7.jpg?ca=10&ce=1&s=300x300,2026-06-05T15:22:32.292803,agoda,,,
Ravishing Retreat Resort,34736334,Bangalore,Kumbalgodu,Agoda,59.39,59.39,7.6,958.0,4.0,Resort,12.790987014770508,77.29952239990234,2026-07-05,2026-07-06,False,,//pix6.agoda.net/hotelImages/34736334/-1/54020b31baf620e0f6768e6f473e44fe.jpg?fx=0.55&ce=0&s=300x300,2026-06-05T15:22:32.292803,agoda,,,
ibis Bengaluru Outer Ring Road,255659,Bangalore,Marathahalli,Agoda,107.78,107.78,8.0,439.0,4.0,Hotel,12.92971897125244,77.68303680419922,2026-07-05,2026-07-06,False,,//pix6.agoda.net/hotelImages/255659/-1/dde66f02b33de51cefecda690bbb6776.jpg?fx=0.6&ca=9&ce=1&s=300x300,2026-06-05T15:22:32.292803,agoda,,,
SRS Springs Hotel & Spa,433079,Bangalore,Bangalore City Center,Agoda,44.98,44.98,7.5,760.0,3.0,Hotel,12.956729888916016,77.58354949951172,2026-07-05,2026-07-06,False,,//pix6.agoda.net/hotelImages/433/433079/433079_15040918380026793383.jpg?fx=0.7&ca=3&ce=1&s=300x300,2026-06-05T15:22:32.292803,agoda,,,
Grand Mercure Bangalore - an Accor Hotels Brand,148650,Bangalore,Kormangala,Agoda,120.1,120.1,8.6,652.0,5.0,Hotel,12.9290657043457,77.6276702880859,2026-07-05,2026-07-06,False,,//q-xx.bstatic.com/xdata/images/hotel/max300/848480413.jpg?k=728fb423f8361aa3d4047148baea894ee9e2aad4b02e63644aa2d103addc6247&o=,2026-06-05T15:22:32.292803,agoda,,,
Ibis Bengaluru Hosur Road Hotel - An AccorHotels Brand,325691,Bangalore,Electronic City,Agoda,53.16,53.16,7.8,1248.0,4.0,Hotel,12.900564193725586,77.63211822509766,2026-07-05,2026-07-06,False,,//q-xx.bstatic.com/xdata/images/hotel/max300/876529163.jpg?k=cc82bb42de82895f175bddb5d25ff69c4cac2e57e8422dcafad7471c24807db9&o=,2026-06-05T15:22:32.292803,agoda,,,
"U by Z Hotels, Richmond Circle",78227172,Bangalore,Kormangala,Agoda,27.13,27.13,9.3,19.0,3.0,Hotel,12.965524673461914,77.58979034423828,2026-07-05,2026-07-06,False,,//pix7.agoda.net/hotelImages/78227172/0/b256a61d8ae679541015086753340267.jpg?ce=3&s=300x300,2026-06-05T15:22:32.292803,agoda,,,
UPAR Hotels Indiranagar,31571320,Bangalore,Indiranagar,Agoda,,,7.8,702.0,3.0,Hotel,12.970510482788086,77.64585876464844,2026-07-05,2026-07-06,,,//pix6.agoda.net/hotelImages/31571320/0/a47c95d198e5d03e62aaa2ef5231905e.jpg?fx=0.6&ce=2&s=300x300,2026-06-05T15:22:32.292803,agoda,,,
Ramada Encore by Wyndham Bangalore Domlur,567483,Bangalore,Marathahalli,Agoda,54.81,54.81,8.4,1492.0,4.0,Hotel,12.95540714263916,77.64105987548828,2026-07-05,2026-07-06,False,,//pix6.agoda.net/hotelImages/567483/0/7d530c7cc779c8ef4f7a62234a019306.jpg?fx=0.55&ca=7&ce=1&s=300x300,2026-06-05T15:22:32.292803,agoda,,,
Bloomrooms @ Indiranagar,1119197,Bangalore,Indiranagar,Agoda,34.53,34.53,8.5,413.0,3.0,Hotel,12.968867301940918,77.64160919189453,2026-07-05,2026-07-06,False,,//pix6.agoda.net/hotelImages/111/1119197/1119197_16061518160043614285.jpg?fx=0.35&ca=6&ce=1&s=300x300,2026-06-05T15:22:32.292803,agoda,,,
Townhouse Karmelaram Railway Station Sarjapur,12488883,Bangalore,Marathahalli,Agoda,16.74,16.74,7.4,1019.0,4.0,Guesthouse/bed and breakfast,12.915778160095217,77.6983642578125,2026-07-05,2026-07-06,False,,//pix6.agoda.net/hotelImages/12488883/0/2b4ec1067470a3296d88c162823f747a.jpg?fx=0.25&ce=3&s=300x300,2026-06-05T15:22:32.292803,agoda,,,
Collection O Vazhapadi Bus Terminal Formerly Hotel Phoenix,85139733,Bangalore,Electronic City,Agoda,9.6,9.6,8.8,27.0,3.0,Hotel,11.658019065856934,78.38093566894531,2026-07-05,2026-07-06,False,,//pix7.agoda.net/hotelImages/85139733/0/2704f35e95a203fd0e1ca92e62e78739.jpg?ce=3&s=300x300,2026-06-05T15:22:32.292803,agoda,,,
Hotel Le Grandeur,41684249,Bangalore,Bangalore City Center,Agoda,42.23,42.23,8.0,154.0,3.0,Hotel,12.947607040405272,77.56851196289062,2026-07-05,2026-07-06,False,,//pix7.agoda.net/hotelImages/41684249/-1/1dd1f60799907071015fa49c3053a1f4.jpg?ce=0&s=300x300,2026-06-05T15:22:32.292803,agoda,,,
The Chancery Hotel,43714,Bangalore,Bangalore City Center,Agoda,49.31,49.31,8.1,2914.0,4.0,Hotel,12.975828170776367,77.59962463378906,2026-07-05,2026-07-06,False,,//pix7.agoda.net/hotelImages/43714/0/6bc3230100355dbbdedde33ce2893ef0.jpeg?ce=2&s=300x300,2026-06-05T15:22:32.292803,agoda,,,
Aiden by Best Western Hennur Bengaluru,40703463,Bangalore,HRBR Layout,Agoda,49.31,49.31,8.9,204.0,0.0,Hotel,13.040083885192873,77.63944244384766,2026-07-05,2026-07-06,False,,//pix6.agoda.net/hotelImages/42303583/0/f06c408fbd95caccf28b67ad35f93a82.jpg?fx=0.45&ce=0&s=300x300,2026-06-05T15:22:32.292803,agoda,,,
Howard Johnson by Wyndham Bengaluru Hebbal,547398,Bangalore,RT Nagar,Agoda,54.67,54.67,7.6,1551.0,4.0,Hotel,13.044427871704102,77.62613677978516,2026-07-05,2026-07-06,False,,//pix6.agoda.net/hotelImages/547398/0/d45f645b5c742a45aa71c2da8edc8031.jpeg?fx=0.55&ce=2&s=300x300,2026-06-05T15:22:32.293493,agoda,,,
ICON BUSINESS BY BHAGINI,3613605,Bangalore,Whitefield,Agoda,24.95,24.95,7.7,1470.0,4.0,Hotel,12.955707550048828,77.7145004272461,2026-07-05,2026-07-06,False,,//pix6.agoda.net/hotelImages/3613605/0/3ae6685571d22129a414e408b0b172c0.jpeg?fx=0.55&ce=2&s=300x300,2026-06-05T15:22:32.293493,agoda,,,
Radisson Bengaluru City Center,5506377,Bangalore,Bangalore City Center,Agoda,98.54,98.54,8.7,1050.0,4.0,Hotel,12.976319313049316,77.6195297241211,2026-07-05,2026-07-06,False,,//pix6.agoda.net/hotelImages/9455682/0/ebda7958afc808fd2f64d27be519491f.jpg?fx=0.45&ca=9&ce=1&s=300x300,2026-06-05T15:22:32.293493,agoda,,,
The LaLiT Ashok Bangalore Hotel,159079,Bangalore,Bangalore City Center,Agoda,89.63,89.63,7.8,2186.0,5.0,Hotel,12.9922351837158,77.5829391479492,2026-07-05,2026-07-06,False,,//pix6.agoda.net/hotelImages/159079/0/a430e13831f32cf12983958a57d91593.jpeg?fx=0.55&ce=2&s=300x300,2026-06-05T15:22:32.293493,agoda,,,
Serenity the luxurious stay,82488379,Bangalore,Indiranagar,Agoda,,,8.0,58.0,5.0,Hotel,12.9677723,77.6532831,2026-07-05,2026-07-06,,,//pix6.agoda.net/hotelImages/82488379/0/f732a1fc4ab878451f415cc25d423d92.jpg?fx=0.6&ce=3&s=300x300,2026-06-05T15:22:32.293493,agoda,,,
The Capitol Hotel,43713,Bangalore,Bangalore City Center,Agoda,48.83,48.83,6.3,433.0,4.0,Hotel,12.98226547241211,77.59416198730469,2026-07-05,2026-07-06,False,,//pix6.agoda.net/hotelImages/437/43713/43713_16100516590047442510.jpg?fx=0.55&ca=6&ce=1&s=300x300,2026-06-05T15:22:32.293493,agoda,,,
Ibis Bengaluru City Centre Hotel - An AccorHotels Brand,734939,Bangalore,Bangalore City Center,Agoda,55.35,55.35,7.9,1033.0,4.0,Hotel,12.9673490524292,77.59382629394531,2026-07-05,2026-07-06,False,,//q-xx.bstatic.com/xdata/images/hotel/max300/873289338.jpg?k=51c5c2c76cc22b41a8a07bbe8b442d30729c4f8ba05efeaca8b8bd4f8be1d421&o=,2026-06-05T15:22:32.293493,agoda,,,
Super Townhouse Spruce Hotels Bellandur,10676920,Bangalore,Marathahalli,Agoda,22.37,22.37,8.2,394.0,4.0,Hotel,12.924269676208496,77.6668472290039,2026-07-05,2026-07-06,False,,//pix7.agoda.net/hotelImages/10676920/-1/2a3256ef102b8bc36f69e1d83dee9467.jpg?ce=0&s=300x300,2026-06-05T15:22:32.293493,agoda,,,
Holiday Inn Express Bengaluru Bommasandra By IHG,44312364,Bangalore,Electronic City,Agoda,41.64,41.64,8.6,460.0,3.5,Hotel,12.81132984161377,77.69371032714844,2026-07-05,2026-07-06,False,,//pix7.agoda.net/hotelImages/44312364/-1/86ba9d21d63cfac42afec3f03a11dd80.jpg?ce=0&s=300x300,2026-06-05T15:22:32.293493,agoda,,,
Greenpark Bengaluru,37782592,Bangalore,Gottigere,Agoda,103.58,103.58,8.6,1274.0,5.0,Hotel,12.914527893066406,77.59978485107422,2026-07-05,2026-07-06,False,,//pix6.agoda.net/hotelImages/37782592/0/1bfcfa180f805dcd1bde1014f023051f.jpeg?fx=0.45&ce=0&s=300x300,2026-06-05T15:22:32.293493,agoda,,,
SM Royal Suites Transit Hotel near Kempegowda international Airport Bangalore,8169270,Bangalore,Kempegowda International Airport,Agoda,13.89,13.89,7.8,1428.0,2.0,Hotel,13.197908849458056,77.70124386781467,2026-07-05,2026-07-06,False,,//pix6.agoda.net/hotelImages/8169270/-1/9eed796f5f4b3e581dc7b8f29e1c88ff.jpg?fx=0.7&ca=10&ce=1&s=300x300,2026-06-05T15:22:32.293493,agoda,,,
Svenska Electronic City Bangalore,286793,Bangalore,Electronic City,Agoda,37.83,37.83,7.3,2484.0,5.0,Hotel,12.839316368103027,77.65916442871094,2026-07-05,2026-07-06,False,,//q-xx.bstatic.com/xdata/images/hotel/max300/46789246.jpg?k=055464a4eecf8d47ff18ac59823c44021538d21f959cb37f633e9898ff368e87&o=,2026-06-05T15:22:32.293493,agoda,,,
"The Park Bangalore, MG Road",8301,Bangalore,Bangalore City Center,Agoda,77.33,77.33,8.2,3038.0,5.0,Hotel,12.973876953125,77.61963653564453,2026-07-05,2026-07-06,False,,//pix6.agoda.net/hotelImages/8301/0/aa83c7d9549e7aaf2cc856e39762dcbb.jpeg?fx=0.55&ce=2&s=300x300,2026-06-05T15:22:32.293493,agoda,,,
Davanam Sarovar Portico Suites Bengaluru,344658,Bangalore,Kormangala,Agoda,86.58,86.58,8.2,989.0,4.0,Hotel,12.921618461608888,77.62053680419922,2026-07-05,2026-07-06,False,,//pix6.agoda.net/hotelImages/344658/0/76e809ef265a1d3f15b40f95d9d40809.jpeg?fx=0.55&ce=0&s=300x300,2026-06-05T15:22:32.293493,agoda,,,
Hypons Hotel,31446554,Bangalore,Kormangala,Agoda,,,8.7,135.0,4.0,Hotel,12.925097465515137,77.63668060302734,2026-07-05,2026-07-06,,,//pix7.agoda.net/hotelImages/31446554/-1/1f88e0e5ddfec7bc501ea43b55b0b5ca.jpg?ce=0&s=300x300,2026-06-05T15:22:32.293493,agoda,,,
Hotel Grand Bee,727561,Bangalore,Rajajinagar,Agoda,44.0,44.0,6.9,233.0,3.0,Hotel,13.02016830444336,77.55451202392578,2026-07-05,2026-07-06,False,,//pix6.agoda.net/hotelImages/727561/-1/a6af07a5e3e55629e8f0de102f1d1fb8.jpg?fx=0.6&ca=6&ce=1&s=300x300,2026-06-05T15:22:32.293493,agoda,,,
PARK AVENUE HOTEL BANGALORE,59008693,Bangalore,Kormangala,Agoda,97.0,97.0,8.6,812.0,3.0,Hotel,12.935609817504885,77.60807037353516,2026-07-05,2026-07-06,False,,//pix6.agoda.net/hotelImages/59008693/0/6916b97a26960d23f9d9293ecfe79174.jpeg?fx=0.75&ce=2&s=300x300,2026-06-05T15:22:32.293493,agoda,,,
Super Townhouse Richmond MG Road Metro Formerly Richmond Residency,12488648,Bangalore,Bangalore City Center,Agoda,22.21,22.21,7.3,123.0,3.0,Hotel,12.9660062789917,77.60591125488281,2026-07-05,2026-07-06,False,,//pix7.agoda.net/hotelImages/12488648/-1/cad0fcfe729b76eff28ab70c72e15d5f.jpg?ce=3&s=300x300,2026-06-05T15:22:32.293493,agoda,,,
Holiday Inn Express Bengaluru Yeshwantpur By IHG,5744577,Bangalore,Rajajinagar,Agoda,41.64,41.64,7.6,1603.0,3.0,Hotel,13.02497673034668,77.5478515625,2026-07-05,2026-07-06,False,,//pix6.agoda.net/hotelImages/5744577/-1/af981a47f5723b116cd0cc30aacee39f.jpg?fx=0.65&ca=12&ce=1&s=300x300,2026-06-05T15:22:32.293493,agoda,,,
Hyatt Centric Mg Road Bangalore,81453,Bangalore,Bangalore City Center,Agoda,97.31,97.31,8.5,2105.0,5.0,Hotel,12.97332000732422,77.62178039550781,2026-07-05,2026-07-06,False,,//pix6.agoda.net/hotelImages/81453/0/795fe6f67e23e24984887368707a33a4.jpg?fx=0.6&ce=0&s=300x300,2026-06-05T15:22:32.293493,agoda,,,
Hotel Ramanashree Richmond Bangalore,182,Bangalore,Bangalore City Center,Agoda,32.12,32.12,7.9,619.0,3.5,Hotel,12.966948509216309,77.59437561035156,2026-07-05,2026-07-06,False,,//pix6.agoda.net/hotelImages/182/0/c38e0b2823634fc0ea491d7fef38b356.jpg?fx=0.55&ce=3&s=300x300,2026-06-05T15:22:32.293493,agoda,,,
Hotel Noble Nook,79288516,Bangalore,Marathahalli,Agoda,26.86,26.86,8.9,159.0,3.0,Hotel,12.963401794433594,77.64310455322266,2026-07-05,2026-07-06,False,,//pix6.agoda.net/hotelImages/79288516/0/99f0835829fe9d9cc2054ef3e756a79e.jpg?fx=0.6&ce=2&s=300x300,2026-06-05T15:22:32.293493,agoda,,,
"goSTOPS Bengaluru, Indiranagar -  - Private Rooms & Dorms",84662411,Bangalore,Marathahalli,Agoda,7.41,7.41,8.8,95.0,3.0,Hostel,12.964138,77.63915,2026-07-05,2026-07-06,False,,//pix7.agoda.net/hotelImages/84662411/0/28a7f8379164d84f5089ed5387190c4e.png?ce=3&s=300x300,2026-06-05T15:22:32.293493,agoda,,,
UPAR Hotels Brookefield,76413066,Bangalore,Whitefield,Agoda,21.48,21.48,9.3,169.0,3.0,Hotel,12.963919639587402,77.71238708496094,2026-07-05,2026-07-06,False,,//pix6.agoda.net/hotelImages/76413066/0/004e51970f3da24717636817752abaf5.jpg?fx=0.55&ce=2&s=300x300,2026-06-05T15:22:32.293493,agoda,,,
"Purple Brigade, Bangalore",4408276,Bangalore,Bangalore City Center,Agoda,,,7.6,165.0,3.0,Hotel,12.97390842437744,77.60658264160156,2026-07-05,2026-07-06,,,//q-xx.bstatic.com/xdata/images/hotel/max300/830042855.jpg?k=c9679c6f2356b3bdaf34d5d58d32c3c59d2ef3f42ea9ead6cc4d748d5040161b&o=,2026-06-05T15:22:32.293493,agoda,,,
IRIS The Business Hotel,109374,Bangalore,Bangalore City Center,Agoda,57.4,57.4,8.3,2575.0,4.0,Hotel,12.970738410949709,77.60701751708984,2026-07-05,2026-07-06,False,,//pix7.agoda.net/hotelImages/109374/-1/5cd6dc0b2f712185e4cdb1d587d29fc8.jpg?ce=0&s=300x300,2026-06-05T15:22:32.293493,agoda,,,
"Fortune Park JP Celestial, Bengaluru - Member ITC Hotels' Group",159160,Bangalore,Bangalore City Center,Agoda,52.61,52.61,7.6,456.0,4.0,Hotel,12.98073673248291,77.57626342773438,2026-07-05,2026-07-06,False,,//q-xx.bstatic.com/xdata/images/hotel/max300/49986129.jpg?k=00ea44badc06c98f8009c3fd543ace3d31ad8624bdcf3d3e772158128804171c&o=,2026-06-05T15:22:32.293493,agoda,,,
Hotel Lenexa By Bestinn Leisure,80006964,Bangalore,Indiranagar,Agoda,46.04,46.04,8.7,143.0,3.0,Hotel,12.9972476,77.6873525,2026-07-05,2026-07-06,False,,//pix7.agoda.net/hotelImages/80006964/0/10b635f64434912e8f3ccefd0bef2a44.jpg?ce=3&s=300x300,2026-06-05T15:22:32.293493,agoda,,,
Bloom Hub - ORR Marathahalli,41682844,Bangalore,Marathahalli,Agoda,60.56,60.56,8.8,226.0,4.0,Hotel,12.947076797485352,77.69917297363281,2026-07-05,2026-07-06,False,,//pix6.agoda.net/hotelImages/41682844/-1/1891bbf40b8c92b1f79cb97ed50515f9.jpg?fx=0.4&ce=0&s=300x300,2026-06-05T15:22:32.293493,agoda,,,
Nahar Heritage Hotel,255765,Bangalore,Bangalore City Center,Agoda,22.36,22.36,7.6,265.0,3.0,Hotel,12.971213340759276,77.60066986083984,2026-07-05,2026-07-06,False,,//pix6.agoda.net/hotelImages/255765/0/bc1098f330274ff0452d410d9e035ede.jpeg?fx=0.45&s=300x300,2026-06-05T15:22:32.293493,agoda,,,
Holiday Inn Express Bengaluru Whitefield Itpl By IHG,5500137,Bangalore,Krishnarajapura,Agoda,29.58,29.58,7.5,950.0,3.0,Hotel,12.986553192138672,77.73252868652344,2026-07-05,2026-07-06,False,,//pix6.agoda.net/hotelImages/5500137/0/77b533f9991017188a41afd3112cdc17.jpeg?fx=0.45&ce=0&s=300x300,2026-06-05T15:22:32.293493,agoda,,,
Hotel Komfort Terraces,199736,Bangalore,Bangalore City Center,Agoda,18.68,18.68,6.9,239.0,3.0,Hotel,12.97480583190918,77.60845947265625,2026-07-05,2026-07-06,False,,//pix6.agoda.net/hotelImages/199736/0/e10cdda871b166158b278dea3307191b.jpeg?fx=0.3&s=300x300,2026-06-05T15:22:32.293493,agoda,,,
Goldfinch Hotel Bangalore,70669,Bangalore,Bangalore City Center,Agoda,61.05,61.05,7.8,510.0,4.0,Hotel,12.985308647155762,77.57942962646484,2026-07-05,2026-07-06,False,,//pix6.agoda.net/hotelImages/70669/0/b865b00c08049767986711efe6a17442.jpeg?fx=0.55&ce=0&s=300x300,2026-06-05T15:22:32.293493,agoda,,,
Zipp Hotel Rosalba,84664618,Bangalore,Marathahalli,Agoda,45.16,45.16,9.3,95.0,4.0,Hotel,12.9595987,77.6504847,2026-07-05,2026-07-06,False,,//pix7.agoda.net/hotelImages/84664618/0/ebc085e5a190312f241487d0542c49cb.jpg?ce=3&s=300x300,2026-06-05T15:22:32.293493,agoda,,,
Radisson Blu Atria Bengaluru,1785304,Bangalore,Bangalore City Center,Agoda,98.54,98.54,8.5,2202.0,5.0,Hotel,12.979863166809082,77.58627319335938,2026-07-05,2026-07-06,False,,//pix7.agoda.net/hotelImages/1785304/0/63757aaa5807b18c739139ee98b79fcf.jpeg?ce=2&s=300x300,2026-06-05T15:22:32.293493,agoda,,,
Melange Astris,255853,Bangalore,Bangalore City Center,Agoda,65.77,65.77,8.1,1924.0,5.0,Serviced apartment,12.9646577835083,77.59846496582031,2026-07-05,2026-07-06,False,,//pix7.agoda.net/hotelImages/255/255853/255853_16092213400046781011.jpg?ca=6&ce=1&s=300x300,2026-06-05T15:22:32.293493,agoda,,,
Sri  Ramakrishna Hotel,59590279,Bangalore,Bangalore City Center,Agoda,20.83,20.83,7.8,107.0,4.0,Hotel,12.97746753692627,77.57594299316406,2026-07-05,2026-07-06,False,,//pix6.agoda.net/hotelImages/59590279/0/5ded50b09fe697fc53335b6705921005.jpg?fx=0.25&ce=2&s=300x300,2026-06-05T15:22:32.293493,agoda,,,
Super Townhouse Oak Mahadevapura Opposite Phoenix Mall Formerly Grand Wilton Inn,56837360,Bangalore,Krishnarajapura,Agoda,25.01,25.01,8.1,1154.0,4.0,Hotel,12.994040489196776,77.7012710571289,2026-07-05,2026-07-06,False,,//pix7.agoda.net/hotelImages/56837360/0/4a99c948338716fa1007a255b4c4d41d.jpeg?ce=2&s=300x300,2026-06-05T15:22:32.293493,agoda,,,
